addr:TW:dataset,source,addr:country,addr:province,addr:city,addr:district,addr:village,addr:neighborhood,addr:street,addr:housenumber,addr:full,description,x,y
166201,雲林縣政府,TW,台灣省,雲林縣,斗六市,三光里,10,板橋路,78之3,雲林縣斗六市三光里10鄰板橋路78之3號,農業資材室,201378.886,2617085.896
166201,雲林縣政府,TW,台灣省,雲林縣,斗六市,三光里,1,頂柴路,2之72,雲林縣斗六市三光里1鄰頂柴路2之72號,農業資材室,202805.72,2617867.59
166201,雲林縣政府,TW,台灣省,雲林縣,斗六市,三光里,2,頂柴路,3之66,雲林縣斗六市三光里2鄰頂柴路3之66號,農業資材室,202891.3,2617399.25
166201,雲林縣政府,TW,台灣省,雲林縣,斗六市,久安里,13,久安南路220巷,62,雲林縣斗六市久安里13鄰久安南路220巷62號,農業資材室,200178.11,2618940.29
166201,雲林縣政府,TW,台灣省,雲林縣,斗六市,久安里,13,久安南路220巷,66,雲林縣斗六市久安里13鄰久安南路220巷66號,農業資材室,200166.21,2618934.61
166201,雲林縣政府,TW,台灣省,雲林縣,斗六市,久安里,13,久安南路220巷,68,雲林縣斗六市久安里13鄰久安南路220巷68號,農業資材室,200133.4,2618931.03
166201,雲林縣政府,TW,台灣省,雲林縣,斗六市,久安里,3,久安東路,21,雲林縣斗六市久安里3鄰久安東路21號,農業資材室,200304.1,2620129.3
166201,雲林縣政府,TW,台灣省,雲林縣,斗六市,久安里,13,久安東路,189,雲林縣斗六市久安里13鄰久安東路189號,農業設施,200613.95,2619444
166201,雲林縣政府,TW,台灣省,雲林縣,斗六市,久安里,3,久安西路159巷,5,雲林縣斗六市久安里3鄰久安西路159巷5號,農業資材室,199747.08,2619941.42
166201,雲林縣政府,TW,台灣省,雲林縣,斗六市,久安里,3,久安西路,250,雲林縣斗六市久安里3鄰久安西路250號,農業資材室,199646.57,2619667.54
166201,雲林縣政府,TW,台灣省,雲林縣,斗六市,久安里,14,江厝路,100之21,雲林縣斗六市久安里14鄰江厝路100之21號,農業資材室,201507.21,2619261.93
166201,雲林縣政府,TW,台灣省,雲林縣,斗六市,久安里,14,深圳路,1之47,雲林縣斗六市久安里14鄰深圳路1之47號,農業設施,201277.56,2619394.64
166201,雲林縣政府,TW,台灣省,雲林縣,斗六市,久安里,14,深圳路,1之60,雲林縣斗六市久安里14鄰深圳路1之60號,農業資材室,201355.57,2619156.99
166201,雲林縣政府,TW,台灣省,雲林縣,斗六市,久安里,14,深圳路,2之39,雲林縣斗六市久安里14鄰深圳路2之39號,捲揚式加強型溫室,201391.976,2619768.333
166201,雲林縣政府,TW,台灣省,雲林縣,斗六市,久安里,20,雲林路三段,373,雲林縣斗六市久安里20鄰雲林路三段373號,農業資材室,200297.07,2621126.01
166201,雲林縣政府,TW,台灣省,雲林縣,斗六市,久安里,21,雲林路三段,503,雲林縣斗六市久安里21鄰雲林路三段503號,農業資材室,199640.97,2620816.18
166201,雲林縣政府,TW,台灣省,雲林縣,斗六市,保庄里,14,保長路,59之7,雲林縣斗六市保庄里14鄰保長路59之7號,農業資材室,201708.83,2622392.46
166201,雲林縣政府,TW,台灣省,雲林縣,斗六市,保庄里,7,建興路,124之26,雲林縣斗六市保庄里7鄰建興路124之26號,農業設施,201509.45,2623190.18
166201,雲林縣政府,TW,台灣省,雲林縣,斗六市,保庄里,11,建興路,300之3,雲林縣斗六市保庄里11鄰建興路300之3號,農業資材室,200968.91,2622940.28
166201,雲林縣政府,TW,台灣省,雲林縣,斗六市,保庄里,11,建興路,332,雲林縣斗六市保庄里11鄰建興路332號,農業資材室,200935.84,2623117.33
166201,雲林縣政府,TW,台灣省,雲林縣,斗六市,保庄里,24,雲林路三段,376,雲林縣斗六市保庄里24鄰雲林路三段376號,農機具室,199902.758,2620993.035
166201,雲林縣政府,TW,台灣省,雲林縣,斗六市,八德里,7,北祥街,869,雲林縣斗六市八德里7鄰北祥街869號,農業資材室,204785.981,2623730.457
166201,雲林縣政府,TW,台灣省,雲林縣,斗六市,八德里,21,引善路,75,雲林縣斗六市八德里21鄰引善路75號,農業資材室,206136.076,2623432.215
166201,雲林縣政府,TW,台灣省,雲林縣,斗六市,八德里,15,文化路788巷,55,雲林縣斗六市八德里15鄰文化路788巷55號,農業資材室,205628.86,2623307.27
166201,雲林縣政府,TW,台灣省,雲林縣,斗六市,八德里,19,文化路,845,雲林縣斗六市八德里19鄰文化路845號,農業資材室,206319.75,2623987.35
166201,雲林縣政府,TW,台灣省,雲林縣,斗六市,八德里,19,文化路,901,雲林縣斗六市八德里19鄰文化路901號,農業資材室,206302.56,2624073.04
166201,雲林縣政府,TW,台灣省,雲林縣,斗六市,八德里,7,豐興路15巷,46,雲林縣斗六市八德里7鄰豐興路15巷46號,農業資材室,204809.44,2623415.48
166201,雲林縣政府,TW,台灣省,雲林縣,斗六市,八德里,6,豐興路110巷,69,雲林縣斗六市八德里6鄰豐興路110巷69號,農業資材室,205153.224,2623679.603
166201,雲林縣政府,TW,台灣省,雲林縣,斗六市,十三里,11,十三東路,1之9,雲林縣斗六市十三里11鄰十三東路1之9號,農業資材室,205972.83,2625655.76
166201,雲林縣政府,TW,台灣省,雲林縣,斗六市,十三里,11,十三東路,6之8,雲林縣斗六市十三里11鄰十三東路6之8號,農業設施,206027.09,2625657.98
166201,雲林縣政府,TW,台灣省,雲林縣,斗六市,十三里,11,十三東路,61之12,雲林縣斗六市十三里11鄰十三東路61之12號,農業資材室,206329.78,2626491.88
166201,雲林縣政府,TW,台灣省,雲林縣,斗六市,嘉東里,7,劉厝路,1之20,雲林縣斗六市嘉東里7鄰劉厝路1之20號,農業資材室,204556.19,2619317
166201,雲林縣政府,TW,台灣省,雲林縣,斗六市,嘉東里,1,嘉東南路,116,雲林縣斗六市嘉東里1鄰嘉東南路116號,農業資材室,203571.32,2619938.93
166201,雲林縣政府,TW,台灣省,雲林縣,斗六市,嘉東里,5,成功路,766之8,雲林縣斗六市嘉東里5鄰成功路766之8號,農業資材室,204973.52,2620399.27
166201,雲林縣政府,TW,台灣省,雲林縣,斗六市,嘉東里,5,成功路,766之9,雲林縣斗六市嘉東里5鄰成功路766之9號,農業設施,204958.14,2620400.5
166201,雲林縣政府,TW,台灣省,雲林縣,斗六市,嘉東里,5,成功路,768之15,雲林縣斗六市嘉東里5鄰成功路768之15號,農業設施,204732.32,2620483.24
166201,雲林縣政府,TW,台灣省,雲林縣,斗六市,嘉東里,5,鎮南路,709,雲林縣斗六市嘉東里5鄰鎮南路709號,農業資材室,203541.006,2621173.248
166201,雲林縣政府,TW,台灣省,雲林縣,斗六市,嘉東里,5,鎮南路,777,雲林縣斗六市嘉東里5鄰鎮南路777號,農業資材室,203595.86,2621049.64
166201,雲林縣政府,TW,台灣省,雲林縣,斗六市,嘉東里,1,鎮南路,950,雲林縣斗六市嘉東里1鄰鎮南路950號,農業資材室,203950.77,2620288.63
166201,雲林縣政府,TW,台灣省,雲林縣,斗六市,嘉東里,5,鎮南路,1073,雲林縣斗六市嘉東里5鄰鎮南路1073號,農業資材室,203984.934,2620322.76
166201,雲林縣政府,TW,台灣省,雲林縣,斗六市,嘉東里,5,鎮南路,1105,雲林縣斗六市嘉東里5鄰鎮南路1105號,農業資材室,204080.9,2620140.91
166201,雲林縣政府,TW,台灣省,雲林縣,斗六市,嘉東里,10,鎮南路,1213,雲林縣斗六市嘉東里10鄰鎮南路1213號,農業資材室,204245.99,2619891.73
166201,雲林縣政府,TW,台灣省,雲林縣,斗六市,崙峯里,22,仁義路,16之153,雲林縣斗六市崙峯里22鄰仁義路16之153號,農業資材室,202217.27,2619436.25
166201,雲林縣政府,TW,台灣省,雲林縣,斗六市,崙峯里,22,仁義路,16之68,雲林縣斗六市崙峯里22鄰仁義路16之68號,農業資材室,202723.43,2619853.33
166201,雲林縣政府,TW,台灣省,雲林縣,斗六市,崙峯里,19,仁義路,25之21,雲林縣斗六市崙峯里19鄰仁義路25之21號,農業資材室,202956.082,2620491.189
166201,雲林縣政府,TW,台灣省,雲林縣,斗六市,崙峯里,8,仁義路,42之3,雲林縣斗六市崙峯里8鄰仁義路42之3號,農業資材室,202815.59,2619727.31
166201,雲林縣政府,TW,台灣省,雲林縣,斗六市,明德里,16,育英北街270巷,115,雲林縣斗六市明德里16鄰育英北街270巷115號,農業資材室,204492.33,2624115.38
166201,雲林縣政府,TW,台灣省,雲林縣,斗六市,明德里,16,育英北街,280,雲林縣斗六市明德里16鄰育英北街280號,農業資材室,204219.192,2624038.163
166201,雲林縣政府,TW,台灣省,雲林縣,斗六市,林頭里,24,大學路一段495巷,89,雲林縣斗六市林頭里24鄰大學路一段495巷89號,農業資材室,205422.14,2622466.31
166201,雲林縣政府,TW,台灣省,雲林縣,斗六市,林頭里,22,大學路一段495巷,120,雲林縣斗六市林頭里22鄰大學路一段495巷120號,農業資材室,205601.59,2622413.49
166201,雲林縣政府,TW,台灣省,雲林縣,斗六市,林頭里,6,大學路二段275巷,108,雲林縣斗六市林頭里6鄰大學路二段275巷108號,農業資材室,204088.16,2621844.39
166201,雲林縣政府,TW,台灣省,雲林縣,斗六市,林頭里,6,大學路二段275巷,115,雲林縣斗六市林頭里6鄰大學路二段275巷115號,農業設施,204335.18,2621858.35
166201,雲林縣政府,TW,台灣省,雲林縣,斗六市,林頭里,11,成功路641巷,108,雲林縣斗六市林頭里11鄰成功路641巷108號,農業資材室,205171.29,2621734.888
166201,雲林縣政府,TW,台灣省,雲林縣,斗六市,林頭里,2,成功路698巷,98,雲林縣斗六市林頭里2鄰成功路698巷98號,農業資材室,205092.74,2621211.99
166201,雲林縣政府,TW,台灣省,雲林縣,斗六市,林頭里,1,成功路,716,雲林縣斗六市林頭里1鄰成功路716號,農業資材室,205295.701,2621055.185
166201,雲林縣政府,TW,台灣省,雲林縣,斗六市,林頭里,1,成功路,760之2,雲林縣斗六市林頭里1鄰成功路760之2號,農業資材室,205154.48,2620689.05
166201,雲林縣政府,TW,台灣省,雲林縣,斗六市,林頭里,1,成功路,770,雲林縣斗六市林頭里1鄰成功路770號,農業資材室,204628.01,2620737.93
166201,雲林縣政府,TW,台灣省,雲林縣,斗六市,林頭里,15,楓溝街,162,雲林縣斗六市林頭里15鄰楓溝街162號,加強型捲揚式溫室,205237.07,2621983.76
166201,雲林縣政府,TW,台灣省,雲林縣,斗六市,梅林里,12,南仁路,226,雲林縣斗六市梅林里12鄰南仁路226號,農業資材室,208242.75,2622659.07
166201,雲林縣政府,TW,台灣省,雲林縣,斗六市,梅林里,16,埤頭南路60巷,132,雲林縣斗六市梅林里16鄰埤頭南路60巷132號,農業設施,207636.2,2621571.93
166201,雲林縣政府,TW,台灣省,雲林縣,斗六市,梅林里,15,梅南路,112,雲林縣斗六市梅林里15鄰梅南路112號,農業資材室,208327.25,2621931.18
166201,雲林縣政府,TW,台灣省,雲林縣,斗六市,梅林里,15,梅南路,118,雲林縣斗六市梅林里15鄰梅南路118號,農業資材室,208327.1,2621781.93
166201,雲林縣政府,TW,台灣省,雲林縣,斗六市,梅林里,9,梅南路,588,雲林縣斗六市梅林里9鄰梅南路588號,農業資材室,209550.25,2621615.18
166201,雲林縣政府,TW,台灣省,雲林縣,斗六市,榴中里,24,光復路,389,雲林縣斗六市榴中里24鄰光復路389號,菇類栽培室,208530.32,2624722
166201,雲林縣政府,TW,台灣省,雲林縣,斗六市,榴中里,16,工業路,51,雲林縣斗六市榴中里16鄰工業路51號,農業資材室,207453.89,2624085.98
166201,雲林縣政府,TW,台灣省,雲林縣,斗六市,榴中里,1,榴南路,77,雲林縣斗六市榴中里1鄰榴南路77號,農業資材室,207079.86,2623867.76
166201,雲林縣政府,TW,台灣省,雲林縣,斗六市,榴中里,1,河南街,469,雲林縣斗六市榴中里1鄰河南街469號,農業資材室,206885.47,2623504.59
166201,雲林縣政府,TW,台灣省,雲林縣,斗六市,榴中里,20,福興路31巷,180,雲林縣斗六市榴中里20鄰福興路31巷180號,農業資材室,208986.65,2624782.99
166201,雲林縣政府,TW,台灣省,雲林縣,斗六市,榴北里,5,中興路,306,雲林縣斗六市榴北里5鄰中興路306號,農業資材室,206365.16,2625309.04
166201,雲林縣政府,TW,台灣省,雲林縣,斗六市,榴北里,5,中興路,336,雲林縣斗六市榴北里5鄰中興路336號,農業資材室,206546.42,2625538.46
166201,雲林縣政府,TW,台灣省,雲林縣,斗六市,榴北里,5,中興路,340,雲林縣斗六市榴北里5鄰中興路340號,捲揚式溫室,206554.612,2625521.408
166201,雲林縣政府,TW,台灣省,雲林縣,斗六市,榴北里,5,中興路,342,雲林縣斗六市榴北里5鄰中興路342號,捲揚式溫室,206565.68,2625552.22
166201,雲林縣政府,TW,台灣省,雲林縣,斗六市,榴北里,5,中興路,342之6,雲林縣斗六市榴北里5鄰中興路342之6號,農業資材室,206608.01,2625596.46
166201,雲林縣政府,TW,台灣省,雲林縣,斗六市,榴北里,5,中興路,366,雲林縣斗六市榴北里5鄰中興路366號,捲揚式溫室,207317.697,2625936.542
166201,雲林縣政府,TW,台灣省,雲林縣,斗六市,榴北里,5,中興路,390,雲林縣斗六市榴北里5鄰中興路390號,捲揚式溫室,206958.045,2626153.414
166201,雲林縣政府,TW,台灣省,雲林縣,斗六市,榴南里,7,南仁路,72之12,雲林縣斗六市榴南里7鄰南仁路72之12號,農業資材室,207420.53,2623831.48
166201,雲林縣政府,TW,台灣省,雲林縣,斗六市,榴南里,8,南仁路,155之8,雲林縣斗六市榴南里8鄰南仁路155之8號,農業資材室,208167.553,2622998.793
166201,雲林縣政府,TW,台灣省,雲林縣,斗六市,榴南里,7,工業路,70,雲林縣斗六市榴南里7鄰工業路70號,農業資材室,207820.65,2624091.44
166201,雲林縣政府,TW,台灣省,雲林縣,斗六市,江厝里,5,江厝路,100之18,雲林縣斗六市江厝里5鄰江厝路100之18號,農業資材室,201518.25,2619332.04
166201,雲林縣政府,TW,台灣省,雲林縣,斗六市,江厝里,5,江厝路,100之15,雲林縣斗六市江厝里5鄰江厝路100之15號,農業資材室,201576.99,2619295.928
166201,雲林縣政府,TW,台灣省,雲林縣,斗六市,江厝里,13,瓦厝路,10之16,雲林縣斗六市江厝里13鄰瓦厝路10之16號,農業資材室,200814.29,2618473.09
166201,雲林縣政府,TW,台灣省,雲林縣,斗六市,江厝里,16,瓦厝路,62之38,雲林縣斗六市江厝里16鄰瓦厝路62之38號,農業資材室,200732.61,2618752.76
166201,雲林縣政府,TW,台灣省,雲林縣,斗六市,江厝里,16,瓦厝路,155,雲林縣斗六市江厝里16鄰瓦厝路155號,農業資材室,200324.56,2618447.21
166201,雲林縣政府,TW,台灣省,雲林縣,斗六市,湖山里,11,岩山路,33,雲林縣斗六市湖山里11鄰岩山路33號,農業資材室,209670.995,2622411.613
166201,雲林縣政府,TW,台灣省,雲林縣,斗六市,湖山里,7,工湖路,701,雲林縣斗六市湖山里7鄰工湖路701號,農業資材室,209284.42,2624120.24
166201,雲林縣政府,TW,台灣省,雲林縣,斗六市,湖山里,7,楓湖路,100之1,雲林縣斗六市湖山里7鄰楓湖路100之1號,農業資材室,210800.98,2623890.47
166201,雲林縣政府,TW,台灣省,雲林縣,斗六市,湖山里,1,湖山路,129之1,雲林縣斗六市湖山里1鄰湖山路129之1號,農業資材室,209213.12,2622981.3
166201,雲林縣政府,TW,台灣省,雲林縣,斗六市,湖山里,11,湖山路,137之11,雲林縣斗六市湖山里11鄰湖山路137之11號,農業資材室,209454.18,2623362.588
166201,雲林縣政府,TW,台灣省,雲林縣,斗六市,溝埧里,8,三樂路98巷,10,雲林縣斗六市溝埧里8鄰三樂路98巷10號,農業資材室,202398.18,2618931.47
166201,雲林縣政府,TW,台灣省,雲林縣,斗六市,溝埧里,2,仁義路,186,雲林縣斗六市溝埧里2鄰仁義路186號,農業資材室,202723.17,2618820.3
166201,雲林縣政府,TW,台灣省,雲林縣,斗六市,溝埧里,2,仁義路,226,雲林縣斗六市溝埧里2鄰仁義路226號,農業資材室,202738.4,2618703.53
166201,雲林縣政府,TW,台灣省,雲林縣,斗六市,溪洲里,5,竹圍路,332,雲林縣斗六市溪洲里5鄰竹圍路332號,溫室育苗馴化場,205711.019,2627576.668
166201,雲林縣政府,TW,台灣省,雲林縣,斗六市,溪洲里,2,竹圍路,31之26,雲林縣斗六市溪洲里2鄰竹圍路31之26號,堆肥室,203799.79,2626991.4
166201,雲林縣政府,TW,台灣省,雲林縣,斗六市,溪洲里,5,萬年路,947之2,雲林縣斗六市溪洲里5鄰萬年路947之2號,農業資材室,204875.83,2627062.97
166201,雲林縣政府,TW,台灣省,雲林縣,斗六市,社口里,22,大學路二段303巷,13,雲林縣斗六市社口里22鄰大學路二段303巷13號,集貨運銷處理室,203620.39,2621599.47
166201,雲林縣政府,TW,台灣省,雲林縣,斗六市,重光里,15,榮譽路863巷,36,雲林縣斗六市重光里15鄰榮譽路863巷36號,農業資材室,206307.07,2622271.03
166201,雲林縣政府,TW,台灣省,雲林縣,斗六市,重光里,7,重光路,1之31,雲林縣斗六市重光里7鄰重光路1之31號,農業資材室,206343.06,2620877.8
166201,雲林縣政府,TW,台灣省,雲林縣,斗六市,重光里,7,重光路,2之39,雲林縣斗六市重光里7鄰重光路2之39號,農業資材室,206683.515,2620912.231
166201,雲林縣政府,TW,台灣省,雲林縣,斗六市,鎮北里,13,北祥街301巷,213之2,雲林縣斗六市鎮北里13鄰北祥街301巷213之2號,農業資材室,203807.31,2624079.51
166201,雲林縣政府,TW,台灣省,雲林縣,斗六市,鎮北里,13,北祥街301巷,222,雲林縣斗六市鎮北里13鄰北祥街301巷222號,農業設施,203730.28,2624090.95
166201,雲林縣政府,TW,台灣省,雲林縣,斗六市,鎮南里,28,中山路533巷,6,雲林縣斗六市鎮南里28鄰中山路533巷6號,農業資材室,202959.51,2621362.47
166201,雲林縣政府,TW,台灣省,雲林縣,斗六市,鎮南里,24,明德路,108,雲林縣斗六市鎮南里24鄰明德路108號,攤販集中場,202700.833,2621682.124
166201,雲林縣政府,TW,台灣省,雲林縣,斗六市,鎮東里,16,大學路一段201巷,52,雲林縣斗六市鎮東里16鄰大學路一段201巷52號,農業資材室,204982.88,2622925.71
166201,雲林縣政府,TW,台灣省,雲林縣,斗六市,鎮東里,16,大學路一段201巷100弄,66,雲林縣斗六市鎮東里16鄰大學路一段201巷100弄66號,農業資材室,205164.31,2622890.44
166201,雲林縣政府,TW,台灣省,雲林縣,斗六市,鎮東里,16,大學路一段201巷100弄,82,雲林縣斗六市鎮東里16鄰大學路一段201巷100弄82號,農業資材室,205209.027,2622888.992
166201,雲林縣政府,TW,台灣省,雲林縣,斗六市,鎮西里,13,公園路,77,雲林縣斗六市鎮西里13鄰公園路77號,斗六市戶政事務所,201754.09,2621633.7
166201,雲林縣政府,TW,台灣省,雲林縣,斗六市,長安里,2,長安路,141,雲林縣斗六市長安里2鄰長安路141號,捲揚式溫室,202092.474,2625703.506
166201,雲林縣政府,TW,台灣省,雲林縣,斗六市,長平里,12,長林路16巷,3,雲林縣斗六市長平里12鄰長林路16巷3號,農業資材室,199854.01,2621183.38
166201,雲林縣政府,TW,台灣省,雲林縣,斗六市,長平里,12,長林路16巷,57,雲林縣斗六市長平里12鄰長林路16巷57號,農業設施,200601.22,2621572.76
166201,雲林縣政府,TW,台灣省,雲林縣,斗六市,長平里,12,長林路16巷,70,雲林縣斗六市長平里12鄰長林路16巷70號,農業資材室,200660.89,2621536.59
166201,雲林縣政府,TW,台灣省,雲林縣,斗六市,長平里,11,長林路35巷,210,雲林縣斗六市長平里11鄰長林路35巷210號,農業資材室,198857.37,2621517.26
166201,雲林縣政府,TW,台灣省,雲林縣,斗六市,長平里,10,長林路100巷,153,雲林縣斗六市長平里10鄰長林路100巷153號,農業資材室,200598.13,2622159.1
166201,雲林縣政府,TW,台灣省,雲林縣,斗六市,龍潭里,7,泰安路,200,雲林縣斗六市龍潭里7鄰泰安路200號,農業資材室,201973.58,2619519.52
166201,雲林縣政府,TW,台灣省,雲林縣,斗六市,龍潭里,7,泰安路,260,雲林縣斗六市龍潭里7鄰泰安路260號,農業資材室,201880.33,2619583.03
166201,雲林縣政府,TW,台灣省,雲林縣,斗六市,龍潭里,1,龍潭南路,127之26,雲林縣斗六市龍潭里1鄰龍潭南路127之26號,農業設施,202497.14,2620434.89
166201,雲林縣政府,TW,台灣省,雲林縣,斗六市,龍潭里,7,龍潭路,81,雲林縣斗六市龍潭里7鄰龍潭路81號,農業資材室,201566.51,2620655.35
166201,雲林縣政府,TW,台灣省,雲林縣,斗六市,龍潭里,7,龍潭路,145,雲林縣斗六市龍潭里7鄰龍潭路145號,農業設施,201582.05,2619958.07
166201,雲林縣政府,TW,台灣省,雲林縣,斗六市,龍潭里,7,龍潭路,147,雲林縣斗六市龍潭里7鄰龍潭路147號,農業設施溫室,201622.39,2619959.49
166201,雲林縣政府,TW,台灣省,雲林縣,斗六市,龍潭里,6,龍潭路,260之12,雲林縣斗六市龍潭里6鄰龍潭路260之12號,農業資材室,201595.26,2619649.9
166201,雲林縣政府,TW,台灣省,雲林縣,斗南鎮,僑真里,12,中興路,207,雲林縣斗南鎮僑真里12鄰中興路207號,溫室,194991.24,2619324.32
166201,雲林縣政府,TW,台灣省,雲林縣,斗南鎮,僑真里,12,中興路,507,雲林縣斗南鎮僑真里12鄰中興路507號,農業資材室,194521.575,2619443.47
166201,雲林縣政府,TW,台灣省,雲林縣,斗南鎮,僑真里,18,建國三路,506,雲林縣斗南鎮僑真里18鄰建國三路506號,農業資材室,196170.62,2618280.23
166201,雲林縣政府,TW,台灣省,雲林縣,斗南鎮,小東里,16,大同路,519,雲林縣斗南鎮小東里16鄰大同路519號,農業資材室,195962.27,2620510.26
166201,雲林縣政府,TW,台灣省,雲林縣,斗南鎮,新光里,20,延平路一段,359之10,雲林縣斗南鎮新光里20鄰延平路一段359之10號,農業資材室,197148.18,2620493
166201,雲林縣政府,TW,台灣省,雲林縣,斗南鎮,新崙里,1,新崙南路,43,雲林縣斗南鎮新崙里1鄰新崙南路43號,資材室,192114.488,2619147.77
166201,雲林縣政府,TW,台灣省,雲林縣,斗南鎮,新崙里,14,新崙路,87之17,雲林縣斗南鎮新崙里14鄰新崙路87之17號,農業資材室,190863.67,2619409.73
166201,雲林縣政府,TW,台灣省,雲林縣,斗南鎮,東仁里,9,仁愛路,93,雲林縣斗南鎮東仁里9鄰仁愛路93號,農業資材室,197806.26,2618672.06
166201,雲林縣政府,TW,台灣省,雲林縣,斗南鎮,林子里,9,延平路三段,147,雲林縣斗南鎮林子里9鄰延平路三段147號,農業資材室,196160.205,2616405.591
166201,雲林縣政府,TW,台灣省,雲林縣,斗南鎮,田頭里,15,延平北路,16,雲林縣斗南鎮田頭里15鄰延平北路16號,農業資材室,197173.44,2621605.81
166201,雲林縣政府,TW,台灣省,雲林縣,斗南鎮,田頭里,17,延平北路180巷,21,雲林縣斗南鎮田頭里17鄰延平北路180巷21號,農業資材室,197601.67,2623458.81
166201,雲林縣政府,TW,台灣省,雲林縣,斗南鎮,田頭里,15,後庄路,63,雲林縣斗南鎮田頭里15鄰後庄路63號,育苗馴化場,197822.961,2621597.138
166201,雲林縣政府,TW,台灣省,雲林縣,斗南鎮,田頭里,4,後庄路,78,雲林縣斗南鎮田頭里4鄰後庄路78號,捲揚式溫室,197917.966,2621710.291
166201,雲林縣政府,TW,台灣省,雲林縣,斗南鎮,田頭里,7,田興路150巷,17,雲林縣斗南鎮田頭里7鄰田興路150巷17號,農業資材室,198453.33,2622314.16
166201,雲林縣政府,TW,台灣省,雲林縣,斗南鎮,田頭里,12,田西路,68,雲林縣斗南鎮田頭里12鄰田西路68號,農業資材室,197774.02,2621973.39
166201,雲林縣政府,TW,台灣省,雲林縣,斗南鎮,田頭里,10,田頭中路,88,雲林縣斗南鎮田頭里10鄰田頭中路88號,隴西堂,198017.06,2622104.87
166201,雲林縣政府,TW,台灣省,雲林縣,斗南鎮,田頭里,18,義和一路33巷,19,雲林縣斗南鎮田頭里18鄰義和一路33巷19號,農業資材室,197771.03,2624192.67
166201,雲林縣政府,TW,台灣省,雲林縣,斗南鎮,田頭里,18,義和一路,99,雲林縣斗南鎮田頭里18鄰義和一路99號,農業資材室,198142.28,2624026.44
166201,雲林縣政府,TW,台灣省,雲林縣,斗南鎮,田頭里,18,義和一路115巷,33,雲林縣斗南鎮田頭里18鄰義和一路115巷33號,蘭花溫室,198143.643,2624297.146
166201,雲林縣政府,TW,台灣省,雲林縣,斗南鎮,田頭里,18,義和一路,137,雲林縣斗南鎮田頭里18鄰義和一路137號,捲揚式溫室,198734.44,2624548.91
166201,雲林縣政府,TW,台灣省,雲林縣,斗南鎮,田頭里,16,雲科路四段,2,雲林縣斗南鎮田頭里16鄰雲科路四段2號,農業資材室,198751.84,2623688.92
166201,雲林縣政府,TW,台灣省,雲林縣,斗南鎮,石龜里,6,四維路,5之2,雲林縣斗南鎮石龜里6鄰四維路5之2號,育苗馴化場,198296.017,2614942.011
166201,雲林縣政府,TW,台灣省,雲林縣,斗南鎮,石龜里,1,四維路,2之35,雲林縣斗南鎮石龜里1鄰四維路2之35號,温室,197847.2,2615336.59
166201,雲林縣政府,TW,台灣省,雲林縣,斗南鎮,石龜里,1,四維路,2之46,雲林縣斗南鎮石龜里1鄰四維路2之46號,農業資材室,197884.56,2615262.53
166201,雲林縣政府,TW,台灣省,雲林縣,斗南鎮,石龜里,6,四維路,3之36,雲林縣斗南鎮石龜里6鄰四維路3之36號,捲揚式溫室,198686.58,2614947.44
166201,雲林縣政府,TW,台灣省,雲林縣,斗南鎮,石龜里,6,四維路,9,雲林縣斗南鎮石龜里6鄰四維路9號,農業資材室,197550.21,2615218.71
166201,雲林縣政府,TW,台灣省,雲林縣,斗南鎮,舊社里,10,三民路,113,雲林縣斗南鎮舊社里10鄰三民路113號,農業資材室,197815.65,2617746.21
166201,雲林縣政府,TW,台灣省,雲林縣,斗南鎮,舊社里,10,三民路,160,雲林縣斗南鎮舊社里10鄰三民路160號,農業資材室,197857.61,2617813.58
166201,雲林縣政府,TW,台灣省,雲林縣,斗南鎮,舊社里,11,仁愛路,370之18,雲林縣斗南鎮舊社里11鄰仁愛路370之18號,農資室,197645.13,2618548.96
166201,雲林縣政府,TW,台灣省,雲林縣,斗南鎮,舊社里,12,仁愛路,385之1,雲林縣斗南鎮舊社里12鄰仁愛路385之1號,農業資材室,198208.566,2618306.454
166201,雲林縣政府,TW,台灣省,雲林縣,斗南鎮,舊社里,2,信義路271巷,47,雲林縣斗南鎮舊社里2鄰信義路271巷47號,農業資材室,197517.51,2618095.5
166201,雲林縣政府,TW,台灣省,雲林縣,斗南鎮,西岐里,15,中山路,178,雲林縣斗南鎮西岐里15鄰中山路178號,雲林縣斗南戶政事務所,196696.8,2619742.79
166201,雲林縣政府,TW,台灣省,雲林縣,虎尾鎮,新興里,25,行政路,8,雲林縣虎尾鎮新興里25鄰行政路8號,雲林縣虎尾鎮戶政事務所地址,193398.45,2622876.28
166201,雲林縣政府,TW,台灣省,雲林縣,虎尾鎮,新興里,25,行政路,8,雲林縣虎尾鎮新興里25鄰行政路8號,雲林縣虎尾鎮戶政事務所,193398.45,2622876.28
166201,雲林縣政府,TW,台灣省,雲林縣,虎尾鎮,新興里,25,行政路,8,雲林縣虎尾鎮新興里25鄰行政路8號,虎尾鎮戶政事務所,193398.45,2622876.28
166201,雲林縣政府,TW,台灣省,雲林縣,虎尾鎮,立仁里,8,林森路二段,臨2之12,雲林縣虎尾鎮立仁里8鄰林森路二段臨2之12號,191879.33,2622823.29
166201,雲林縣政府,TW,台灣省,雲林縣,西螺鎮,中興里,13,中山路,292,雲林縣西螺鎮中興里13鄰中山路292號,西螺鎮戶政事務所,194439.5,2632909.64
166201,雲林縣政府,TW,台灣省,雲林縣,西螺鎮,中興里,18,福來路130巷,33,雲林縣西螺鎮中興里18鄰福來路130巷33號,自產農產加工室,194104.33,2632229.43
166201,雲林縣政府,TW,台灣省,雲林縣,西螺鎮,大園里,15,大橋南路168巷,37,雲林縣西螺鎮大園里15鄰大橋南路168巷37號,加強型捲揚式溫室,196799.92,2632527.1
166201,雲林縣政府,TW,台灣省,雲林縣,西螺鎮,振興里,13,市場南路,60,雲林縣西螺鎮振興里13鄰市場南路60號,農業資材室,195785.09,2631071.6
166201,雲林縣政府,TW,台灣省,雲林縣,西螺鎮,新安里,10,市場北路,139,雲林縣西螺鎮新安里10鄰市場北路139號,農業資材室等,194928.59,2631310.9
166201,雲林縣政府,TW,台灣省,雲林縣,西螺鎮,新安里,10,市場北路,171,雲林縣西螺鎮新安里10鄰市場北路171號,農業資材室,194740.315,2631297.587
166201,雲林縣政府,TW,台灣省,雲林縣,西螺鎮,新安里,10,市場北路,203之1,雲林縣西螺鎮新安里10鄰市場北路203之1號,農業資材室,194446.473,2631297.335
166201,雲林縣政府,TW,台灣省,雲林縣,西螺鎮,新安里,10,市場北路,238,雲林縣西螺鎮新安里10鄰市場北路238號,農業資材室,194511.45,2631331.4
166201,雲林縣政府,TW,台灣省,雲林縣,西螺鎮,新安里,10,市場北路,256,雲林縣西螺鎮新安里10鄰市場北路256號,農業資材室,194357.79,2631331.91
166201,雲林縣政府,TW,台灣省,雲林縣,西螺鎮,新安里,10,市場南路,181,雲林縣西螺鎮新安里10鄰市場南路181號,集貨包裝場等,194547.71,2630986.76
166201,雲林縣政府,TW,台灣省,雲林縣,西螺鎮,新安里,10,市場南路,248,雲林縣西螺鎮新安里10鄰市場南路248號,農業資材室,194380.02,2631002.88
166201,雲林縣政府,TW,台灣省,雲林縣,西螺鎮,新安里,10,市場南路,260,雲林縣西螺鎮新安里10鄰市場南路260號,農業資材室,194300.822,2631003.439
166201,雲林縣政府,TW,台灣省,雲林縣,西螺鎮,新安里,3,振安路,99,雲林縣西螺鎮新安里3鄰振安路99號,農業資材室,194844.7,2631613.87
166201,雲林縣政府,TW,台灣省,雲林縣,西螺鎮,新安里,1,新興路392巷,6,雲林縣西螺鎮新安里1鄰新興路392巷6號,農業資材室,194169.17,2631924.16
166201,雲林縣政府,TW,台灣省,雲林縣,西螺鎮,新安里,10,新興路536巷,18,雲林縣西螺鎮新安里10鄰新興路536巷18號,農業資材室,194102.284,2630420.323
166201,雲林縣政府,TW,台灣省,雲林縣,西螺鎮,新豐里,6,新吉街,89,雲林縣西螺鎮新豐里6鄰新吉街89號,農業資材室,193798.49,2631040.95
166201,雲林縣政府,TW,台灣省,雲林縣,西螺鎮,新豐里,12,福來路7巷,36,雲林縣西螺鎮新豐里12鄰福來路7巷36號,溫室,193045.13,2630370.42
166201,雲林縣政府,TW,台灣省,雲林縣,西螺鎮,新豐里,6,福來路8巷,9,雲林縣西螺鎮新豐里6鄰福來路8巷9號,農業資材室,193685.5,2630386.52
166201,雲林縣政府,TW,台灣省,雲林縣,西螺鎮,新豐里,6,福來路58巷,28,雲林縣西螺鎮新豐里6鄰福來路58巷28號,農業資材室,193825.67,2631372.69
166201,雲林縣政府,TW,台灣省,雲林縣,西螺鎮,河南里,10,興農西路,442,雲林縣西螺鎮河南里10鄰興農西路442號,農業資材室,193109.353,2632124.546
166201,雲林縣政府,TW,台灣省,雲林縣,土庫鎮,南平里,12,仁愛街,3之13,雲林縣土庫鎮南平里12鄰仁愛街3之13號,農業資材室,183867,2622242.39
166201,雲林縣政府,TW,台灣省,雲林縣,土庫鎮,南平里,5,光榮路二段,100,雲林縣土庫鎮南平里5鄰光榮路二段100號,雞舍,184697.16,2622007.46
166201,雲林縣政府,TW,台灣省,雲林縣,土庫鎮,南平里,5,和平街,107,雲林縣土庫鎮南平里5鄰和平街107號,農業資材室,184618.45,2621155.73
166201,雲林縣政府,TW,台灣省,雲林縣,土庫鎮,宮北里,2,中山路,245之1,雲林縣土庫鎮宮北里2鄰中山路245之1號,雲林縣土庫鎮戶政事務所,187989.39,2619471.08
166201,雲林縣政府,TW,台灣省,雲林縣,土庫鎮,後埔里,10,光榮路一段251巷,11,雲林縣土庫鎮後埔里10鄰光榮路一段251巷11號,溫室,185431.78,2622380.38
166201,雲林縣政府,TW,台灣省,雲林縣,土庫鎮,石廟里,13,復興路,380之7,雲林縣土庫鎮石廟里13鄰復興路380之7號,農業設施,187739.29,2620776.89
166201,雲林縣政府,TW,台灣省,雲林縣,土庫鎮,西平里,16,馬光路,330之6,雲林縣土庫鎮西平里16鄰馬光路330之6號,農業資材室,182517.276,2622156.138
166201,雲林縣政府,TW,台灣省,雲林縣,北港鎮,仁和里,8,仁德街,32,雲林縣北港鎮仁和里8鄰仁德街32號,房屋已拆除,179048.318,2607584.602
166201,雲林縣政府,TW,台灣省,雲林縣,北港鎮,公舘里,7,公舘街,40,雲林縣北港鎮公舘里7鄰公舘街40號,房屋已拆除,179087.815,2607736.974
166201,雲林縣政府,TW,台灣省,雲林縣,北港鎮,劉厝里,1,民樂路,427之13,雲林縣北港鎮劉厝里1鄰民樂路427之13號,育苗馴化場不得設籍,177432.32,2609100.05
166201,雲林縣政府,TW,台灣省,雲林縣,北港鎮,大同里,16,太平路18巷,2,雲林縣北港鎮大同里16鄰太平路18巷2號,房屋已拆除,179160.397,2608251.2
166201,雲林縣政府,TW,台灣省,雲林縣,北港鎮,大同里,16,太平路18巷,3,雲林縣北港鎮大同里16鄰太平路18巷3號,房屋已拆除,179170.19,2608255.759
166201,雲林縣政府,TW,台灣省,雲林縣,北港鎮,大同里,16,太平路20巷,2,雲林縣北港鎮大同里16鄰太平路20巷2號,房屋已拆除,179179.55,2608284.77
166201,雲林縣政府,TW,台灣省,雲林縣,北港鎮,大同里,16,太平路,24,雲林縣北港鎮大同里16鄰太平路24號,房屋已拆除,179172.52,2608275.3
166201,雲林縣政府,TW,台灣省,雲林縣,北港鎮,新街里,36,太平路,140之1,雲林縣北港鎮新街里36鄰太平路140之1號,溫室不得設籍,179195.75,2609301.55
166201,雲林縣政府,TW,台灣省,雲林縣,北港鎮,新街里,21,慶華街,2,雲林縣北港鎮新街里21鄰慶華街2號,北港鎮戶政事務所,179004.555,2608717.523
166201,雲林縣政府,TW,台灣省,雲林縣,北港鎮,新街里,8,新南路,10,雲林縣北港鎮新街里8鄰新南路10號,房屋已拆除,178538.028,2609008.259
166201,雲林縣政府,TW,台灣省,雲林縣,北港鎮,新街里,5,新德路,123之1,雲林縣北港鎮新街里5鄰新德路123之1號,儲存石油廠庫不得設籍,179244.72,2609866.2
166201,雲林縣政府,TW,台灣省,雲林縣,北港鎮,新街里,11,華勝路,288,雲林縣北港鎮新街里11鄰華勝路288號,房屋已拆除,178396.497,2608654.845
166201,雲林縣政府,TW,台灣省,雲林縣,北港鎮,新街里,8,華勝路,395,雲林縣北港鎮新街里8鄰華勝路395號,房屋已拆除,178459.494,2609072.023
166201,雲林縣政府,TW,台灣省,雲林縣,北港鎮,義民里,2,民主路,57,雲林縣北港鎮義民里2鄰民主路57號,房屋已拆除,178833.234,2607368.975
166201,雲林縣政府,TW,台灣省,雲林縣,北港鎮,草湖里,8,華勝路,695,雲林縣北港鎮草湖里8鄰華勝路695號,農業設施雞舍不得設籍,178929.86,2610667.96
166201,雲林縣政府,TW,台灣省,雲林縣,北港鎮,賜福里,1,博愛路,151,雲林縣北港鎮賜福里1鄰博愛路151號,房屋已拆除,178972.378,2607555.253
166201,雲林縣政府,TW,台灣省,雲林縣,古坑鄉,古坑村,15,中華路,36,雲林縣古坑鄉古坑村15鄰中華路36號,雲林縣古坑鄉戶政事務所,205345.35,2615501.8
166201,雲林縣政府,TW,台灣省,雲林縣,古坑鄉,古坑村,20,文淵路2巷,58之2,雲林縣古坑鄉古坑村20鄰文淵路2巷58之2號,農業設施,206034.81,2615216.09
166201,雲林縣政府,TW,台灣省,雲林縣,古坑鄉,東和村,12,廣濟路,129之3,雲林縣古坑鄉東和村12鄰廣濟路129之3號,農業資材室,206249.6,2620310.19
166201,雲林縣政府,TW,台灣省,雲林縣,古坑鄉,東和村,29,文化路,196之42,雲林縣古坑鄉東和村29鄰文化路196之42號,農業資材室,205780.54,2620668.09
166201,雲林縣政府,TW,台灣省,雲林縣,古坑鄉,東和村,29,文化路,230之12,雲林縣古坑鄉東和村29鄰文化路230之12號,農業資材室,205654.15,2620766.26
166201,雲林縣政府,TW,台灣省,雲林縣,古坑鄉,東和村,29,文化路,230之13,雲林縣古坑鄉東和村29鄰文化路230之13號,農業資材室,205658.38,2620762.68
166201,雲林縣政府,TW,台灣省,雲林縣,古坑鄉,永昌村,16,永興路162巷,31之6,雲林縣古坑鄉永昌村16鄰永興路162巷31之6號,農業資材室,203850.48,2613513.64
166201,雲林縣政府,TW,台灣省,雲林縣,古坑鄉,西平村,21,中山路243巷,178,雲林縣古坑鄉西平村21鄰中山路243巷178號,農業資材室,204878.79,2616128.97
166201,雲林縣政府,TW,台灣省,雲林縣,大埤鄉,北和村,10,中山路,102,雲林縣大埤鄉北和村10鄰中山路102號,大埤鄉戶政事務所,191716.18,2615950.88
166201,雲林縣政府,TW,台灣省,雲林縣,大埤鄉,南和村,20,大埤路437巷,34,雲林縣大埤鄉南和村20鄰大埤路437巷34號,農牧用地,192795.36,2616059.4
166201,雲林縣政府,TW,台灣省,雲林縣,大埤鄉,南和村,19,民權路111巷,25,雲林縣大埤鄉南和村19鄰民權路111巷25號,育苗作業室,192125.67,2615283.67
166201,雲林縣政府,TW,台灣省,雲林縣,大埤鄉,南和村,19,民權路111巷,27,雲林縣大埤鄉南和村19鄰民權路111巷27號,網室栽培室,192167.08,2615280.04
166201,雲林縣政府,TW,台灣省,雲林縣,大埤鄉,嘉興村,1,大埤路,398,雲林縣大埤鄉嘉興村1鄰大埤路398號,農牧用地,193154.22,2616583.48
166201,雲林縣政府,TW,台灣省,雲林縣,大埤鄉,大德村,1,民生路,701,雲林縣大埤鄉大德村1鄰民生路701號,蘭棚,190008.38,2614023.86
166201,雲林縣政府,TW,台灣省,雲林縣,大埤鄉,大德村,1,民生路705巷9弄,10,雲林縣大埤鄉大德村1鄰民生路705巷9弄10號,蘭棚,190109.627,2613933.373
166201,雲林縣政府,TW,台灣省,雲林縣,莿桐鄉,埔子村,16,莿桐南路一段,105,雲林縣莿桐鄉埔子村16鄰莿桐南路一段105號,農業設施,200097.34,2628372.81
166201,雲林縣政府,TW,台灣省,雲林縣,莿桐鄉,興桐村,2,和平路,150之51,雲林縣莿桐鄉興桐村2鄰和平路150之51號,農業設施,200231.218,2629595.801
166201,雲林縣政府,TW,台灣省,雲林縣,莿桐鄉,莿桐村,29,中山路,1之6,雲林縣莿桐鄉莿桐村29鄰中山路1之6號,農業資材室,198817.947,2627824.514
166201,雲林縣政府,TW,台灣省,雲林縣,莿桐鄉,莿桐村,1,中山路,170,雲林縣莿桐鄉莿桐村1鄰中山路170號,莿桐鄉戶政事務所,199054.18,2628448.72
166201,雲林縣政府,TW,台灣省,雲林縣,莿桐鄉,莿桐村,1,中山路,170,雲林縣莿桐鄉莿桐村1鄰中山路170號,消防隊,199026.23,2628459.09
166201,雲林縣政府,TW,台灣省,雲林縣,莿桐鄉,莿桐村,1,中山路,170,雲林縣莿桐鄉莿桐村1鄰中山路170號,分駐所,199036.67,2628455.19
166201,雲林縣政府,TW,台灣省,雲林縣,莿桐鄉,莿桐村,6,和平路30巷60弄,10之2,雲林縣莿桐鄉莿桐村6鄰和平路30巷60弄10之2號,違章,199334.75,2628434.26
166201,雲林縣政府,TW,台灣省,雲林縣,莿桐鄉,莿桐村,3,和平路,111之6,雲林縣莿桐鄉莿桐村3鄰和平路111之6號,農業資材室,199247.483,2629010.314
166201,雲林縣政府,TW,台灣省,雲林縣,莿桐鄉,莿桐村,3,和平路,123,雲林縣莿桐鄉莿桐村3鄰和平路123號,農業設施,199262.83,2628988.55
166201,雲林縣政府,TW,台灣省,雲林縣,莿桐鄉,莿桐村,15,延平路,10之6,雲林縣莿桐鄉莿桐村15鄰延平路10之6號,農業資材室,198687.151,2626915.194
166201,雲林縣政府,TW,台灣省,雲林縣,莿桐鄉,莿桐村,25,莿桐南路二段,120,雲林縣莿桐鄉莿桐村25鄰莿桐南路二段120號,農業設施,199040.442,2627795.781
166201,雲林縣政府,TW,台灣省,雲林縣,莿桐鄉,莿桐村,15,莿桐南路二段,139,雲林縣莿桐鄉莿桐村15鄰莿桐南路二段139號,農業設施,198881.22,2627609.299
166201,雲林縣政府,TW,台灣省,雲林縣,林內鄉,林南村,22,中山路,1之1,雲林縣林內鄉林南村22鄰中山路1之1號,雲林縣林內鄉戶政事務所,210905.54,2628316.808
166201,雲林縣政府,TW,台灣省,雲林縣,二崙鄉,大義村,8,田中路,6之15,雲林縣二崙鄉大義村8鄰田中路6之15號,此係農業資材室不得作為設籍使用,187837.596,2631651.301
166201,雲林縣政府,TW,台灣省,雲林縣,二崙鄉,崙東村,6,中山路一段168巷,37,雲林縣二崙鄉崙東村6鄰中山路一段168巷37號,雲林縣二崙鄉戶政事務所,190425.56,2630024.6
166201,雲林縣政府,TW,台灣省,雲林縣,二崙鄉,義庄村,12,新庄路,118,雲林縣二崙鄉義庄村12鄰新庄路118號,此係農業資材室不得作為設籍使用,190830.509,2634723.556
166201,雲林縣政府,TW,台灣省,雲林縣,崙背鄉,東明村,3,民權路,114之1,雲林縣崙背鄉東明村3鄰民權路114之1號,雲林縣崙背鄉戶政事務所,184281,2628815.97
166201,雲林縣政府,TW,台灣省,雲林縣,崙背鄉,西榮村,13,中山路,586之4,雲林縣崙背鄉西榮村13鄰中山路586之4號,限制該門牌不得作為設籍使用,183094.72,2629155.42
166201,雲林縣政府,TW,台灣省,雲林縣,崙背鄉,西榮村,4,民權路,450之1,雲林縣崙背鄉西榮村4鄰民權路450之1號,限制該門牌不得作為設籍使用,183891.72,2629735.54
166201,雲林縣政府,TW,台灣省,雲林縣,麥寮鄉,後安村,1,豐安路,132之50,雲林縣麥寮鄉後安村1鄰豐安路132之50號,違章建築,173206.85,2630954.5
166201,雲林縣政府,TW,台灣省,雲林縣,麥寮鄉,後安村,1,豐安路,386之3,雲林縣麥寮鄉後安村1鄰豐安路386之3號,違章建築,173243.01,2631064.76
166201,雲林縣政府,TW,台灣省,雲林縣,麥寮鄉,施厝村,2,興安路66巷,31之3,雲林縣麥寮鄉施厝村2鄰興安路66巷31之3號,違章建築,176980.22,2632323.77
166201,雲林縣政府,TW,台灣省,雲林縣,麥寮鄉,施厝村,2,興安路,75之38,雲林縣麥寮鄉施厝村2鄰興安路75之38號,違章建築,177345.535,2632270.154
166201,雲林縣政府,TW,台灣省,雲林縣,麥寮鄉,施厝村,2,興安路184巷,46之3,雲林縣麥寮鄉施厝村2鄰興安路184巷46之3號,違章建築,177217.52,2631792.82
166201,雲林縣政府,TW,台灣省,雲林縣,麥寮鄉,橋頭村,20,仁德路,1之8,雲林縣麥寮鄉橋頭村20鄰仁德路1之8號,違章建築,176572.551,2632581.868
166201,雲林縣政府,TW,台灣省,雲林縣,麥寮鄉,橋頭村,18,仁德路,68之42,雲林縣麥寮鄉橋頭村18鄰仁德路68之42號,違章建築,176345.261,2632712.205
166201,雲林縣政府,TW,台灣省,雲林縣,麥寮鄉,橋頭村,17,仁德路156巷,1之10,雲林縣麥寮鄉橋頭村17鄰仁德路156巷1之10號,違章建築,176216.389,2632734.463
166201,雲林縣政府,TW,台灣省,雲林縣,麥寮鄉,橋頭村,13,仁德路,300之1,雲林縣麥寮鄉橋頭村13鄰仁德路300之1號,違章建築,175570.11,2632777.796
166201,雲林縣政府,TW,台灣省,雲林縣,麥寮鄉,橋頭村,12,仁德路,315之6,雲林縣麥寮鄉橋頭村12鄰仁德路315之6號,違章建築,175741.07,2632740.94
166201,雲林縣政府,TW,台灣省,雲林縣,麥寮鄉,橋頭村,12,仁德路,385之1,雲林縣麥寮鄉橋頭村12鄰仁德路385之1號,違章建築,175360.895,2632731.804
166201,雲林縣政府,TW,台灣省,雲林縣,麥寮鄉,橋頭村,14,義興南街,11之6,雲林縣麥寮鄉橋頭村14鄰義興南街11之6號,違章建築,176084.915,2632642.545
166201,雲林縣政府,TW,台灣省,雲林縣,麥寮鄉,橋頭村,14,義興南街,11之8,雲林縣麥寮鄉橋頭村14鄰義興南街11之8號,違章建築,176093.226,2632639.731
166201,雲林縣政府,TW,台灣省,雲林縣,麥寮鄉,橋頭村,14,義興南街,11之9,雲林縣麥寮鄉橋頭村14鄰義興南街11之9號,違章建築,176096.606,2632634.947
166201,雲林縣政府,TW,台灣省,雲林縣,麥寮鄉,海豐村,9,豐安路,130之200,雲林縣麥寮鄉海豐村9鄰豐安路130之200號,違章建築,174124.02,2631025.3
166201,雲林縣政府,TW,台灣省,雲林縣,麥寮鄉,麥津村,3,中正路,116之5,雲林縣麥寮鄉麥津村3鄰中正路116之5號,違章建築,173884.053,2627437.696
166201,雲林縣政府,TW,台灣省,雲林縣,麥寮鄉,麥津村,22,中興路,123,雲林縣麥寮鄉麥津村22鄰中興路123號,戶政事務所,173728.75,2628018.03
166201,雲林縣政府,TW,台灣省,雲林縣,麥寮鄉,麥津村,16,明志街,127之1,雲林縣麥寮鄉麥津村16鄰明志街127之1號,違章建築,173741.837,2627564.709
166201,雲林縣政府,TW,台灣省,雲林縣,麥寮鄉,麥津村,23,泰順路,342之10,雲林縣麥寮鄉麥津村23鄰泰順路342之10號,違章建築,173285.056,2627848.674
166201,雲林縣政府,TW,台灣省,雲林縣,麥寮鄉,麥津村,26,豐安路,11之36,雲林縣麥寮鄉麥津村26鄰豐安路11之36號,違章建築,173058.97,2627802.42
166201,雲林縣政府,TW,台灣省,雲林縣,麥寮鄉,麥豐村,7,中山路,6之8,雲林縣麥寮鄉麥豐村7鄰中山路6之8號,違章建築,174763.221,2627600.124
166201,雲林縣政府,TW,台灣省,雲林縣,麥寮鄉,麥豐村,8,中山路林森巷,7之6,雲林縣麥寮鄉麥豐村8鄰中山路林森巷7之6號,違章建築,174236.009,2627565.904
166201,雲林縣政府,TW,台灣省,雲林縣,麥寮鄉,麥豐村,8,中山路林森巷,8之3,雲林縣麥寮鄉麥豐村8鄰中山路林森巷8之3號,違章建築,174218.017,2627583.631
166201,雲林縣政府,TW,台灣省,雲林縣,麥寮鄉,麥豐村,6,中山路,13之3,雲林縣麥寮鄉麥豐村6鄰中山路13之3號,違章建築,174700.868,2627530.27
166201,雲林縣政府,TW,台灣省,雲林縣,麥寮鄉,麥豐村,6,中山路,13之5,雲林縣麥寮鄉麥豐村6鄰中山路13之5號,違章建築,174697.164,2627529.476
166201,雲林縣政府,TW,台灣省,雲林縣,麥寮鄉,麥豐村,10,中山路大眾巷,25之6,雲林縣麥寮鄉麥豐村10鄰中山路大眾巷25之6號,違章建築,174336.977,2627043
166201,雲林縣政府,TW,台灣省,雲林縣,麥寮鄉,麥豐村,26,中山路427巷,9之23,雲林縣麥寮鄉麥豐村26鄰中山路427巷9之23號,違章建築,173559.298,2627483.066
166201,雲林縣政府,TW,台灣省,雲林縣,麥寮鄉,麥豐村,27,中山路,429之3,雲林縣麥寮鄉麥豐村27鄰中山路429之3號,違章建築,173417.544,2627555.461
166201,雲林縣政府,TW,台灣省,雲林縣,麥寮鄉,麥豐村,27,中山路,435之19,雲林縣麥寮鄉麥豐村27鄰中山路435之19號,違章建築,173257.015,2627561.476
166201,雲林縣政府,TW,台灣省,雲林縣,麥寮鄉,麥豐村,27,中山路,435之17,雲林縣麥寮鄉麥豐村27鄰中山路435之17號,違章建築,173267.333,2627578.714
166201,雲林縣政府,TW,台灣省,雲林縣,麥寮鄉,麥豐村,27,中山路437巷,1之25,雲林縣麥寮鄉麥豐村27鄰中山路437巷1之25號,違章建築,173218.051,2627549.046
166201,雲林縣政府,TW,台灣省,雲林縣,麥寮鄉,麥豐村,27,中山路437巷,7之30,雲林縣麥寮鄉麥豐村27鄰中山路437巷7之30號,違章建築,173143.443,2627431.81
166201,雲林縣政府,TW,台灣省,雲林縣,麥寮鄉,麥豐村,27,中山路437巷,9之22,雲林縣麥寮鄉麥豐村27鄰中山路437巷9之22號,違章建築,173263.138,2627536.01
166201,雲林縣政府,TW,台灣省,雲林縣,麥寮鄉,麥豐村,27,中山路437巷,9之10,雲林縣麥寮鄉麥豐村27鄰中山路437巷9之10號,違章建築,173238.438,2627536.446
166201,雲林縣政府,TW,台灣省,雲林縣,麥寮鄉,麥豐村,27,中山路437巷,25之13,雲林縣麥寮鄉麥豐村27鄰中山路437巷25之13號,違章建築,173142.952,2627291.395
166201,雲林縣政府,TW,台灣省,雲林縣,麥寮鄉,麥豐村,27,中山路437巷,25之17,雲林縣麥寮鄉麥豐村27鄰中山路437巷25之17號,違章建築,173142.809,2627286.625
166201,雲林縣政府,TW,台灣省,雲林縣,麥寮鄉,麥豐村,27,中山路437巷,25之19,雲林縣麥寮鄉麥豐村27鄰中山路437巷25之19號,違章建築,173142.809,2627282.127
166201,雲林縣政府,TW,台灣省,雲林縣,麥寮鄉,麥豐村,27,中山路437巷,25之9,雲林縣麥寮鄉麥豐村27鄰中山路437巷25之9號,違章建築,173168.085,2627311.34
166201,雲林縣政府,TW,台灣省,雲林縣,麥寮鄉,麥豐村,3,光復南路,10之31,雲林縣麥寮鄉麥豐村3鄰光復南路10之31號,違章建築,174079.487,2626191.568
166201,雲林縣政府,TW,台灣省,雲林縣,麥寮鄉,麥豐村,19,復興路,10之1,雲林縣麥寮鄉麥豐村19鄰復興路10之1號,違章建築,174086.347,2627229.82
166201,雲林縣政府,TW,台灣省,雲林縣,麥寮鄉,麥豐村,22,新興路,17之10,雲林縣麥寮鄉麥豐村22鄰新興路17之10號,違章建築,173647.433,2627092.674
166201,雲林縣政府,TW,台灣省,雲林縣,麥寮鄉,麥豐村,22,新興路,17之42,雲林縣麥寮鄉麥豐村22鄰新興路17之42號,違章建築,173564.65,2627077.431
166201,雲林縣政府,TW,台灣省,雲林縣,麥寮鄉,麥豐村,22,新興路,17之50,雲林縣麥寮鄉麥豐村22鄰新興路17之50號,違章建築,173528.396,2627070.356
166201,雲林縣政府,TW,台灣省,雲林縣,麥寮鄉,麥豐村,21,自強路,180,雲林縣麥寮鄉麥豐村21鄰自強路180號,違章建築,173864.016,2627140.481
166201,雲林縣政府,TW,台灣省,雲林縣,東勢鄉,同安村,12,同安路,93之18,雲林縣東勢鄉同安村12鄰同安路93之18號,農業設施,176083.37,2624308.134
166201,雲林縣政府,TW,台灣省,雲林縣,東勢鄉,東北村,11,康南路,136之38,雲林縣東勢鄉東北村11鄰康南路136之38號,農業設施,175022.09,2620029.19
166201,雲林縣政府,TW,台灣省,雲林縣,東勢鄉,東南村,9,懷恩街,42,雲林縣東勢鄉東南村9鄰懷恩街42號,雲林縣東勢鄉戶政事務所,173749.763,2619461.042
166201,雲林縣政府,TW,台灣省,雲林縣,褒忠鄉,中勝村,9,中勝路,65之36,雲林縣褒忠鄉中勝村9鄰中勝路65之36號,農業資材室,179259.735,2621853.194
166201,雲林縣政府,TW,台灣省,雲林縣,褒忠鄉,中勝村,9,中勝路,65,雲林縣褒忠鄉中勝村9鄰中勝路65號,農業資材室,179576.551,2621967.984
166201,雲林縣政府,TW,台灣省,雲林縣,褒忠鄉,中勝村,12,中正路,348,雲林縣褒忠鄉中勝村12鄰中正路348號,褒忠市場,179473.148,2621304.758
166201,雲林縣政府,TW,台灣省,雲林縣,褒忠鄉,中勝村,14,泰安路,3,雲林縣褒忠鄉中勝村14鄰泰安路3號,雲林縣褒忠鄉戶政事務所,179095.38,2621156.16
166201,雲林縣政府,TW,台灣省,雲林縣,褒忠鄉,中民村,8,中正路,151,雲林縣褒忠鄉中民村8鄰中正路151號,褒忠零售市場,179820.14,2621338.93
166201,雲林縣政府,TW,台灣省,雲林縣,褒忠鄉,中民村,19,中正路,1之38,雲林縣褒忠鄉中民村19鄰中正路1之38號,農業用溫室,181398.04,2621724.24
166201,雲林縣政府,TW,台灣省,雲林縣,褒忠鄉,中民村,19,中正路,1之36,雲林縣褒忠鄉中民村19鄰中正路1之36號,農業用溫室,181473.49,2621746.15
166201,雲林縣政府,TW,台灣省,雲林縣,褒忠鄉,中民村,4,中正路,10之20,雲林縣褒忠鄉中民村4鄰中正路10之20號,農業設施不得設籍,181541.87,2621920.52
166201,雲林縣政府,TW,台灣省,雲林縣,褒忠鄉,中民村,13,中正路,479之12,雲林縣褒忠鄉中民村13鄰中正路479之12號,農業用溫室,178798.202,2620885.047
166201,雲林縣政府,TW,台灣省,雲林縣,褒忠鄉,埔姜村,4,中正路,168,雲林縣褒忠鄉埔姜村4鄰中正路168號,仁人商行,179918.79,2621422.33
166201,雲林縣政府,TW,台灣省,雲林縣,褒忠鄉,埔姜村,10,太湖路,6之20,雲林縣褒忠鄉埔姜村10鄰太湖路6之20號,農業設施,179669.32,2622722.63
166201,雲林縣政府,TW,台灣省,雲林縣,褒忠鄉,埔姜村,10,太湖路,9之5,雲林縣褒忠鄉埔姜村10鄰太湖路9之5號,農業用溫室,179894.411,2623161.522
166201,雲林縣政府,TW,台灣省,雲林縣,褒忠鄉,埔姜村,10,太湖路,10之6,雲林縣褒忠鄉埔姜村10鄰太湖路10之6號,農業用溫室,179996.31,2622574.943
166201,雲林縣政府,TW,台灣省,雲林縣,褒忠鄉,埔姜村,11,太湖路,16之18,雲林縣褒忠鄉埔姜村11鄰太湖路16之18號,農業設施,179355.02,2622575.47
166201,雲林縣政府,TW,台灣省,雲林縣,褒忠鄉,新湖村,14,復興路,40之23,雲林縣褒忠鄉新湖村14鄰復興路40之23號,農業用溫室,177233.98,2622344.28
166201,雲林縣政府,TW,台灣省,雲林縣,褒忠鄉,新湖村,14,復興路,47之6,雲林縣褒忠鄉新湖村14鄰復興路47之6號,農業用溫室,176844.21,2622456.27
166201,雲林縣政府,TW,台灣省,雲林縣,褒忠鄉,田洋村,1,中新路,67之10,雲林縣褒忠鄉田洋村1鄰中新路67之10號,農業設施不得設籍,179123.04,2624105.03
166201,雲林縣政府,TW,台灣省,雲林縣,褒忠鄉,馬鳴村,9,鎮安路,32之38,雲林縣褒忠鄉馬鳴村9鄰鎮安路32之38號,農業設施,177097.59,2622211.18
166201,雲林縣政府,TW,台灣省,雲林縣,褒忠鄉,馬鳴村,9,鎮安路,32之40,雲林縣褒忠鄉馬鳴村9鄰鎮安路32之40號,農業設施,177167.92,2622209.75
166201,雲林縣政府,TW,台灣省,雲林縣,臺西鄉,台西村,5,民族路10巷,36之1,雲林縣臺西鄉台西村5鄰民族路10巷36之1號,違建,168076.596,2622026.206
166201,雲林縣政府,TW,台灣省,雲林縣,臺西鄉,台西村,15,民權路,1,雲林縣臺西鄉台西村15鄰民權路1號,台西鄉戶政事務所,168374.98,2622143.63
166201,雲林縣政府,TW,台灣省,雲林縣,臺西鄉,富琦村,7,仁愛路,123之8,雲林縣臺西鄉富琦村7鄰仁愛路123之8號,農業資材室不得設籍,170116.32,2624278.31
166201,雲林縣政府,TW,台灣省,雲林縣,臺西鄉,富琦村,7,仁愛路,186之30,雲林縣臺西鄉富琦村7鄰仁愛路186之30號,農業資材室不得設籍,170052.46,2624114.7
166201,雲林縣政府,TW,台灣省,雲林縣,元長鄉,後湖村,1,復興路,60,雲林縣元長鄉後湖村1鄰復興路60號,農業資材室,182183.529,2619221.546
166201,雲林縣政府,TW,台灣省,雲林縣,元長鄉,瓦磘村,2,南安路,35,雲林縣元長鄉瓦磘村2鄰南安路35號,農業資材室,184536.62,2615037.57
166201,雲林縣政府,TW,台灣省,雲林縣,元長鄉,瓦磘村,12,中央路,2之15,雲林縣元長鄉瓦磘村12鄰中央路2之15號,農業資材室,184953.4,2615167.58
166201,雲林縣政府,TW,台灣省,雲林縣,元長鄉,長北村,22,元北路2巷,5之20,雲林縣元長鄉長北村22鄰元北路2巷5之20號,農業資材室,180689.923,2618525.304
166201,雲林縣政府,TW,台灣省,雲林縣,元長鄉,長北村,22,元北路2巷,18,雲林縣元長鄉長北村22鄰元北路2巷18號,農業資材室,180464.82,2617579.29
166201,雲林縣政府,TW,台灣省,雲林縣,元長鄉,長北村,22,元北路2巷,20,雲林縣元長鄉長北村22鄰元北路2巷20號,農業資材室,180547.383,2617514.188
166201,雲林縣政府,TW,台灣省,雲林縣,元長鄉,長北村,13,元東路,1之36,雲林縣元長鄉長北村13鄰元東路1之36號,農業資材室,181028.91,2616690.37
166201,雲林縣政府,TW,台灣省,雲林縣,元長鄉,長北村,13,元東路,1之60,雲林縣元長鄉長北村13鄰元東路1之60號,農業資材室,180469.046,2616591.927
166201,雲林縣政府,TW,台灣省,雲林縣,元長鄉,長北村,18,安寧街,2之66,雲林縣元長鄉長北村18鄰安寧街2之66號,農業資材室,180389.88,2616225.44
166201,雲林縣政府,TW,台灣省,雲林縣,元長鄉,長南村,3,中山路,4之28,雲林縣元長鄉長南村3鄰中山路4之28號,農業資材室,179885.574,2615548.489
166201,雲林縣政府,TW,台灣省,雲林縣,元長鄉,長南村,31,西勢路,13,雲林縣元長鄉長南村31鄰西勢路13號,無管理室不得設籍,178695,2616116.3
166201,雲林縣政府,TW,台灣省,雲林縣,元長鄉,長南村,24,順天街,12之6,雲林縣元長鄉長南村24鄰順天街12之6號,農業資材室,179614.308,2617354.912
166201,雲林縣政府,TW,台灣省,雲林縣,元長鄉,頂寮村,1,振興路,167,雲林縣元長鄉頂寮村1鄰振興路167號,農業資材室,182367.3,2614698.46
166201,雲林縣政府,TW,台灣省,雲林縣,四湖鄉,施湖村,9,中湖街,23,雲林縣四湖鄉施湖村9鄰中湖街23號,雲林縣四湖鄉戶政事務所,170488.94,2614984.98
166201,雲林縣政府,TW,台灣省,雲林縣,四湖鄉,湖西村,8,關聖路,87,雲林縣四湖鄉湖西村8鄰關聖路87號,四湖圖書館,171033.79,2615327.73
166201,雲林縣政府,TW,台灣省,雲林縣,口湖鄉,下崙村,16,中和路,69之7,雲林縣口湖鄉下崙村16鄰中和路69之7號,豬舍不得設籍,164135.73,2613316.05
166201,雲林縣政府,TW,台灣省,雲林縣,口湖鄉,下崙村,12,中和路,160之3,雲林縣口湖鄉下崙村12鄰中和路160之3號,農業設施不得設籍,163960.87,2614151.45
166201,雲林縣政府,TW,台灣省,雲林縣,口湖鄉,下崙村,12,中和路,160之5,雲林縣口湖鄉下崙村12鄰中和路160之5號,農業設施不得設籍,163868.43,2614173.44
166201,雲林縣政府,TW,台灣省,雲林縣,口湖鄉,下崙村,21,漁港路,223之1,雲林縣口湖鄉下崙村21鄰漁港路223之1號,農業設施不得設籍,163531.71,2613174.93
166201,雲林縣政府,TW,台灣省,雲林縣,口湖鄉,崙中村,1,福安路,176之35,雲林縣口湖鄉崙中村1鄰福安路176之35號,農業設施不得設籍,163602.58,2612335.76
166201,雲林縣政府,TW,台灣省,雲林縣,口湖鄉,崙東村,13,中山路170巷,10,雲林縣口湖鄉崙東村13鄰中山路170巷10號,溫室不得設籍使用,165181.761,2613397.235
166201,雲林縣政府,TW,台灣省,雲林縣,口湖鄉,崙東村,18,東安路,89之5,雲林縣口湖鄉崙東村18鄰東安路89之5號,農業設施不得設籍,165698.51,2613258.83
166201,雲林縣政府,TW,台灣省,雲林縣,口湖鄉,崙東村,18,東安路,89之6,雲林縣口湖鄉崙東村18鄰東安路89之6號,農業設施不得設籍,165651.72,2613270.86
166201,雲林縣政府,TW,台灣省,雲林縣,口湖鄉,崙東村,18,東安路,89之7,雲林縣口湖鄉崙東村18鄰東安路89之7號,農業設施不得設籍,165605.05,2613272.64
166201,雲林縣政府,TW,台灣省,雲林縣,口湖鄉,崙東村,17,民生路,2之81,雲林縣口湖鄉崙東村17鄰民生路2之81號,農業設施不得設籍,165221.78,2612565.14
166201,雲林縣政府,TW,台灣省,雲林縣,口湖鄉,崙東村,17,民生路,2之52,雲林縣口湖鄉崙東村17鄰民生路2之52號,雞舍不得設籍使用,165889.23,2612570.02
166201,雲林縣政府,TW,台灣省,雲林縣,口湖鄉,梧北村,11,光明路,2之91,雲林縣口湖鄉梧北村11鄰光明路2之91號,溫室不得設籍,168435.31,2606381.29
166201,雲林縣政府,TW,台灣省,雲林縣,口湖鄉,梧北村,11,光明路,2之99,雲林縣口湖鄉梧北村11鄰光明路2之99號,溫室不得設籍,168233.04,2606594.26
166201,雲林縣政府,TW,台灣省,雲林縣,口湖鄉,梧北村,11,光明路,2之80,雲林縣口湖鄉梧北村11鄰光明路2之80號,農業設施不得設籍,168243.17,2605950.99
166201,雲林縣政府,TW,台灣省,雲林縣,口湖鄉,梧南村,4,光明路,161之7,雲林縣口湖鄉梧南村4鄰光明路161之7號,農業設施不得設籍,166482.95,2605109.43
166201,雲林縣政府,TW,台灣省,雲林縣,口湖鄉,梧南村,13,文光路,257之28,雲林縣口湖鄉梧南村13鄰文光路257之28號,溫室不得設籍,167582.45,2604218.95
166201,雲林縣政府,TW,台灣省,雲林縣,口湖鄉,梧南村,16,興農路,101之37,雲林縣口湖鄉梧南村16鄰興農路101之37號,農業設施不得設籍,166420.63,2604414.58
166201,雲林縣政府,TW,台灣省,雲林縣,口湖鄉,水井村,14,水井路,臨18,雲林縣口湖鄉水井村14鄰水井路臨18號,溫室不得設籍,167328.57,2602951.62
166201,雲林縣政府,TW,台灣省,雲林縣,口湖鄉,港東村,12,北興街,260之7,雲林縣口湖鄉港東村12鄰北興街260之7號,農業設施不得設籍,163985.72,2608543.2
166201,雲林縣政府,TW,台灣省,雲林縣,口湖鄉,港東村,12,北興街,399之62,雲林縣口湖鄉港東村12鄰北興街399之62號,農業設施不得設籍,163892.14,2609662.88
166201,雲林縣政府,TW,台灣省,雲林縣,口湖鄉,港東村,12,民主路,38之1,雲林縣口湖鄉港東村12鄰民主路38之1號,未設置管理室,164028.57,2608062.53
166201,雲林縣政府,TW,台灣省,雲林縣,口湖鄉,湖東村,7,口湖路,46之1,雲林縣口湖鄉湖東村7鄰口湖路46之1號,倉庫不得設籍,167027.33,2609333.5
166201,雲林縣政府,TW,台灣省,雲林縣,口湖鄉,湖東村,6,文明路,16,雲林縣口湖鄉湖東村6鄰文明路16號,雲林縣口湖鄉戶政事務所地址,166739.886,2609227.815
166201,雲林縣政府,TW,台灣省,雲林縣,口湖鄉,蚵寮村,8,蚵寮路,510之2,雲林縣口湖鄉蚵寮村8鄰蚵寮路510之2號,農業設施不得設籍,165463.36,2607499.71
166201,雲林縣政府,TW,台灣省,雲林縣,口湖鄉,蚵寮村,8,蚵寮路,516之1,雲林縣口湖鄉蚵寮村8鄰蚵寮路516之1號,溫室不得設籍,165314.39,2607693.07
166201,雲林縣政府,TW,台灣省,雲林縣,水林鄉,𣐤埔村,12,瓊埔路,89,雲林縣水林鄉𣐤埔村12鄰瓊埔路89號,順天宮,169288.27,2601449.58
166201,雲林縣政府,TW,台灣省,雲林縣,水林鄉,𣐤埔村,6,瓊埔路,140之8,雲林縣水林鄉𣐤埔村6鄰瓊埔路140之8號,農業設施不得設籍,169048.58,2601647.29
166201,雲林縣政府,TW,台灣省,雲林縣,水林鄉,大溝村,7,大溝路,119之5,雲林縣水林鄉大溝村7鄰大溝路119之5號,農業設施不得設籍,169085.7,2607709.56
166201,雲林縣政府,TW,台灣省,雲林縣,水林鄉,大溝村,1,大溝路,150,雲林縣水林鄉大溝村1鄰大溝路150號,農業設施不得設籍,168566.73,2608548.04
166201,雲林縣政府,TW,台灣省,雲林縣,水林鄉,大溝村,1,大溝路,151,雲林縣水林鄉大溝村1鄰大溝路151號,農業設施不得設籍,168628.98,2608571.65
166201,雲林縣政府,TW,台灣省,雲林縣,水林鄉,大溝村,1,大溝路,171之36,雲林縣水林鄉大溝村1鄰大溝路171之36號,農業設施不得設籍,168658.41,2608258.35
166201,雲林縣政府,TW,台灣省,雲林縣,水林鄉,大溝村,1,大溝路,198,雲林縣水林鄉大溝村1鄰大溝路198號,農業設施不得設籍,169627.7,2608682.18
166201,雲林縣政府,TW,台灣省,雲林縣,水林鄉,大溝村,1,大溝路,199,雲林縣水林鄉大溝村1鄰大溝路199號,農業設施不得設籍,169649.45,2608681.32
166201,雲林縣政府,TW,台灣省,雲林縣,水林鄉,大溝村,1,大溝路,200,雲林縣水林鄉大溝村1鄰大溝路200號,農業設施不得設籍,169706.52,2608868
166201,雲林縣政府,TW,台灣省,雲林縣,水林鄉,大溝村,1,大溝路,201,雲林縣水林鄉大溝村1鄰大溝路201號,農業設施不得設籍,169737.6,2608866.54
166201,雲林縣政府,TW,台灣省,雲林縣,水林鄉,大溝村,1,大溝路,202,雲林縣水林鄉大溝村1鄰大溝路202號,農業設施不得設籍,169758.63,2608865.87
166201,雲林縣政府,TW,台灣省,雲林縣,水林鄉,松中村,9,頂厝路,1之26,雲林縣水林鄉松中村9鄰頂厝路1之26號,農業設施不得設籍,172239.17,2601744.81
166201,雲林縣政府,TW,台灣省,雲林縣,水林鄉,松中村,9,頂厝路,1之20,雲林縣水林鄉松中村9鄰頂厝路1之20號,農業設施不得設籍,171725.61,2601578.12
166201,雲林縣政府,TW,台灣省,雲林縣,水林鄉,松北村,6,蔦松路,2之2,雲林縣水林鄉松北村6鄰蔦松路2之2號,蔦松電信局,171414.05,2602131.238
166201,雲林縣政府,TW,台灣省,雲林縣,水林鄉,松北村,3,蔦松路,65之1,雲林縣水林鄉松北村3鄰蔦松路65之1號,糖廠,171551.529,2601797.013
166201,雲林縣政府,TW,台灣省,雲林縣,水林鄉,水北村,6,廟前路,87,雲林縣水林鄉水北村6鄰廟前路87號,將軍廟,172530.52,2608075.09
166201,雲林縣政府,TW,台灣省,雲林縣,水林鄉,水北村,6,廟前路,170,雲林縣水林鄉水北村6鄰廟前路170號,農業設施不得設籍,172457.67,2608475.46
166201,雲林縣政府,TW,台灣省,雲林縣,水林鄉,水北村,13,文化路,2,雲林縣水林鄉水北村13鄰文化路2號,民眾服務站,173030.264,2607941.147
166201,雲林縣政府,TW,台灣省,雲林縣,水林鄉,水北村,13,文化路,4,雲林縣水林鄉水北村13鄰文化路4號,鄉立托兒所,173022.062,2607950.407
166201,雲林縣政府,TW,台灣省,雲林縣,水林鄉,水北村,13,水林路,6,雲林縣水林鄉水北村13鄰水林路6號,水燦林國小,173126.29,2607937.196
166201,雲林縣政府,TW,台灣省,雲林縣,水林鄉,水北村,13,水林路,8,雲林縣水林鄉水北村13鄰水林路8號,衛生所,173068.219,2607903.002
166201,雲林縣政府,TW,台灣省,雲林縣,水林鄉,水北村,13,水林路,10,雲林縣水林鄉水北村13鄰水林路10號,郵局,173049.139,2607897.711
166201,雲林縣政府,TW,台灣省,雲林縣,水林鄉,水北村,14,水林路,58之1,雲林縣水林鄉水北村14鄰水林路58之1號,北港戶政事務所水林辦公室,172824.48,2607859.48
166201,雲林縣政府,TW,台灣省,雲林縣,水林鄉,水北村,14,水林路,60,雲林縣水林鄉水北村14鄰水林路60號,北港分局水林分駐所,172815.2,2607890.96
166201,雲林縣政府,TW,台灣省,雲林縣,水林鄉,水北村,14,水林路,62,雲林縣水林鄉水北村14鄰水林路62號,消防隊,172808.699,2607857.925
166201,雲林縣政府,TW,台灣省,雲林縣,水林鄉,灣東村,9,宏仁路,31之3,雲林縣水林鄉灣東村9鄰宏仁路31之3號,農業設施不得設籍,172449.55,2611336.24
166201,雲林縣政府,TW,台灣省,雲林縣,水林鄉,灣東村,10,正義南街,5之9,雲林縣水林鄉灣東村10鄰正義南街5之9號,農業設施不得設籍,172350.32,2611179.19
166201,雲林縣政府,TW,台灣省,雲林縣,水林鄉,灣西村,9,文明西路,52之36,雲林縣水林鄉灣西村9鄰文明西路52之36號,農業設施不得設籍,171420.21,2611091.2
166201,雲林縣政府,TW,台灣省,雲林縣,水林鄉,灣西村,9,正義西路,137之1,雲林縣水林鄉灣西村9鄰正義西路137之1號,農業設施不得設籍,171636.23,2611181.73
166201,雲林縣政府,TW,台灣省,雲林縣,水林鄉,順興村,9,順興路,6之23,雲林縣水林鄉順興村9鄰順興路6之23號,農業設施不得設籍,168879.68,2605053.75
166201,雲林縣政府,TW,台灣省,雲林縣,水林鄉,順興村,9,順興路,6之25,雲林縣水林鄉順興村9鄰順興路6之25號,農業設施不得設籍,168877.83,2605089.21
166201,雲林縣政府,TW,台灣省,雲林縣,水林鄉,順興村,9,順興路,7之21,雲林縣水林鄉順興村9鄰順興路7之21號,農業設施不得設籍,169560.233,2606415.329
166201,雲林縣政府,TW,台灣省,雲林縣,水林鄉,順興村,4,順興路,81之11,雲林縣水林鄉順興村4鄰順興路81之11號,農業設施不得設籍,168542.36,2606130.72
166201,雲林縣政府,TW,台灣省,雲林縣,水林鄉,順興村,7,順興路,93之18,雲林縣水林鄉順興村7鄰順興路93之18號,農業設施不得設籍,168888.32,2605648.01
166201,雲林縣政府,TW,台灣省,雲林縣,水林鄉,順興村,7,順興路,93之8,雲林縣水林鄉順興村7鄰順興路93之8號,農業設施不得設籍,168986.24,2605895.98
166201,雲林縣政府,TW,台灣省,雲林縣,水林鄉,順興村,7,順興路,93之10,雲林縣水林鄉順興村7鄰順興路93之10號,農業設施不得設籍,169022.32,2605866.1
