addr:TW:dataset,source,addr:country,addr:province,addr:city,addr:district,addr:hamlet,addr:neighborhood,addr:place,addr:housenumber,addr:full,description,x,y
166201,雲林縣政府,TW,台灣省,雲林縣,斗六市,江厝里,12,部子,86,雲林縣斗六市江厝里12鄰部子86號,農業溫室,201049.429,2618568.363
166201,雲林縣政府,TW,台灣省,雲林縣,斗六市,重光里,15,竹頭,9,雲林縣斗六市重光里15鄰竹頭9號,農業資材室,206359.71,2621958.29
166201,雲林縣政府,TW,台灣省,雲林縣,斗南鎮,僑真里,1,二重溝,25之26,雲林縣斗南鎮僑真里1鄰二重溝25之26號,捲揚式溫室,195804.253,2618462.328
166201,雲林縣政府,TW,台灣省,雲林縣,斗南鎮,僑真里,1,明昌,356之12,雲林縣斗南鎮僑真里1鄰明昌356之12號,農業資材室,195732.84,2618755.791
166201,雲林縣政府,TW,台灣省,雲林縣,斗南鎮,埤麻里,2,新厝,2之10,雲林縣斗南鎮埤麻里2鄰新厝2之10號,農業資材室,194497.36,2619928.4
166201,雲林縣政府,TW,台灣省,雲林縣,斗南鎮,埤麻里,2,新厝,1之8,雲林縣斗南鎮埤麻里2鄰新厝1之8號,農業資材室,194671.773,2619737.32
166201,雲林縣政府,TW,台灣省,雲林縣,斗南鎮,大東里,10,大東,149之28,雲林縣斗南鎮大東里10鄰大東149之28號,農業資材室,194845.93,2620577.02
166201,雲林縣政府,TW,台灣省,雲林縣,斗南鎮,大東里,12,大東,183之20,雲林縣斗南鎮大東里12鄰大東183之20號,農業資材室,194617.45,2620342.76
166201,雲林縣政府,TW,台灣省,雲林縣,斗南鎮,大東里,12,大東,183之5,雲林縣斗南鎮大東里12鄰大東183之5號,農業資材室,194908.1,2620257.95
166201,雲林縣政府,TW,台灣省,雲林縣,斗南鎮,大東里,10,大東,150之16,雲林縣斗南鎮大東里10鄰大東150之16號,農業資材室,194920.23,2620620.24
166201,雲林縣政府,TW,台灣省,雲林縣,斗南鎮,將軍里,14,大松,24之10,雲林縣斗南鎮將軍里14鄰大松24之10號,資材,201296.986,2616657.39
166201,雲林縣政府,TW,台灣省,雲林縣,斗南鎮,將軍里,13,大松,10之10,雲林縣斗南鎮將軍里13鄰大松10之10號,農業資材室,199404.873,2618157.959
166201,雲林縣政府,TW,台灣省,雲林縣,斗南鎮,將軍里,13,大松,1之30,雲林縣斗南鎮將軍里13鄰大松1之30號,農業資材室,201802.08,2616749.52
166201,雲林縣政府,TW,台灣省,雲林縣,斗南鎮,將軍里,13,大松,6之28,雲林縣斗南鎮將軍里13鄰大松6之28號,農業資材室,202063.97,2616580.89
166201,雲林縣政府,TW,台灣省,雲林縣,斗南鎮,將軍里,1,將軍,3之50,雲林縣斗南鎮將軍里1鄰將軍3之50號,溫室,199726.87,2617950.59
166201,雲林縣政府,TW,台灣省,雲林縣,斗南鎮,將軍里,1,將軍,3之26,雲林縣斗南鎮將軍里1鄰將軍3之26號,農業資材室,199182.204,2618314.187
166201,雲林縣政府,TW,台灣省,雲林縣,斗南鎮,將軍里,19,將軍17之7巷,10,雲林縣斗南鎮將軍里19鄰將軍17之7巷10號,農業資材室,198847.53,2618199.17
166201,雲林縣政府,TW,台灣省,雲林縣,斗南鎮,將軍里,8,温厝,58,雲林縣斗南鎮將軍里8鄰温厝58號,農業資材室,199760.24,2617496.54
166201,雲林縣政府,TW,台灣省,雲林縣,斗南鎮,將軍里,8,温厝,56,雲林縣斗南鎮將軍里8鄰温厝56號,農業資材室,199754.95,2617502.63
166201,雲林縣政府,TW,台灣省,雲林縣,斗南鎮,將軍里,8,温厝,88,雲林縣斗南鎮將軍里8鄰温厝88號,鴨舍,199612.49,2617525.75
166201,雲林縣政府,TW,台灣省,雲林縣,斗南鎮,新南里,5,南勢,108,雲林縣斗南鎮新南里5鄰南勢108號,農業資材室,198609.44,2615405.71
166201,雲林縣政府,TW,台灣省,雲林縣,斗南鎮,新南里,2,南勢,10之7,雲林縣斗南鎮新南里2鄰南勢10之7號,資材室,199441.89,2615405.237
166201,雲林縣政府,TW,台灣省,雲林縣,斗南鎮,新崙里,25,港墘,2之1,雲林縣斗南鎮新崙里25鄰港墘2之1號,農業資材室,193587.585,2619365.792
166201,雲林縣政府,TW,台灣省,雲林縣,斗南鎮,東明里,10,成功,39之52,雲林縣斗南鎮東明里10鄰成功39之52號,温室,198896.96,2619532.91
166201,雲林縣政府,TW,台灣省,雲林縣,斗南鎮,東明里,10,成功,40之1,雲林縣斗南鎮東明里10鄰成功40之1號,農業資材室,199476.814,2619186.193
166201,雲林縣政府,TW,台灣省,雲林縣,斗南鎮,東明里,5,新庄,59之30,雲林縣斗南鎮東明里5鄰新庄59之30號,農業資材室,198871.34,2620865.18
166201,雲林縣政府,TW,台灣省,雲林縣,斗南鎮,東明里,1,新庄,2之26,雲林縣斗南鎮東明里1鄰新庄2之26號,農業資材室,199062.12,2619610.05
166201,雲林縣政府,TW,台灣省,雲林縣,斗南鎮,東明里,6,新庄,80,雲林縣斗南鎮東明里6鄰新庄80號,捲揚式溫室,198360.112,2620946.933
166201,雲林縣政府,TW,台灣省,雲林縣,斗南鎮,林子里,1,大同莊,9,雲林縣斗南鎮林子里1鄰大同莊9號,農業資材室,197323.49,2617473.59
166201,雲林縣政府,TW,台灣省,雲林縣,斗南鎮,林子里,9,林子,180之8,雲林縣斗南鎮林子里9鄰林子180之8號,農業資材室,196695.07,2616990.12
166201,雲林縣政府,TW,台灣省,雲林縣,斗南鎮,林子里,15,林子,222之3,雲林縣斗南鎮林子里15鄰林子222之3號,捲揚式溫室,198072.02,2616476.653
166201,雲林縣政府,TW,台灣省,雲林縣,斗南鎮,林子里,1,林子,207之7,雲林縣斗南鎮林子里1鄰林子207之7號,農業資材室,197622.29,2616764.16
166201,雲林縣政府,TW,台灣省,雲林縣,斗南鎮,林子里,10,林子,118之1,雲林縣斗南鎮林子里10鄰林子118之1號,育苗馴化場,197003.527,2616941.475
166201,雲林縣政府,TW,台灣省,雲林縣,斗南鎮,林子里,15,林子,222之2,雲林縣斗南鎮林子里15鄰林子222之2號,捲揚式溫室,198057.732,2616483.135
166201,雲林縣政府,TW,台灣省,雲林縣,斗南鎮,西伯里,4,西伯,177之16,雲林縣斗南鎮西伯里4鄰西伯177之16號,農業資材室,193284.45,2619943.44
166201,雲林縣政府,TW,台灣省,雲林縣,斗南鎮,阿丹里,1,崙子,168,雲林縣斗南鎮阿丹里1鄰崙子168號,農業資材室,198652.26,2617100.76
166201,雲林縣政府,TW,台灣省,雲林縣,斗南鎮,阿丹里,14,阿丹,151之6,雲林縣斗南鎮阿丹里14鄰阿丹151之6號,農業資材室,200150.07,2615649.34
166201,雲林縣政府,TW,台灣省,雲林縣,斗南鎮,阿丹里,14,阿丹,166,雲林縣斗南鎮阿丹里14鄰阿丹166號,農業資材室,200157.57,2615338.88
166201,雲林縣政府,TW,台灣省,雲林縣,斗南鎮,阿丹里,14,阿丹,168,雲林縣斗南鎮阿丹里14鄰阿丹168號,捲揚式溫室,200177.42,2615323.8
166201,雲林縣政府,TW,台灣省,雲林縣,斗南鎮,阿丹里,14,阿丹,175,雲林縣斗南鎮阿丹里14鄰阿丹175號,捲揚式温室,200314.11,2615536.62
166201,雲林縣政府,TW,台灣省,雲林縣,虎尾鎮,興南里,6,興南,26之12,雲林縣虎尾鎮興南里6鄰興南26之12號,農業資材室不得作為設籍使用,192912.637,2621240.605
166201,雲林縣政府,TW,台灣省,雲林縣,西螺鎮,七座里,6,七座,49之10,雲林縣西螺鎮七座里6鄰七座49之10號,菇類栽培場等,193417.27,2627478.82
166201,雲林縣政府,TW,台灣省,雲林縣,西螺鎮,七座里,3,七座,96,雲林縣西螺鎮七座里3鄰七座96號,捲揚式溫室,193355.38,2628240.47
166201,雲林縣政府,TW,台灣省,雲林縣,西螺鎮,七座里,6,七座,58之2,雲林縣西螺鎮七座里6鄰七座58之2號,農業資材室,193635.999,2627854.245
166201,雲林縣政府,TW,台灣省,雲林縣,西螺鎮,七座里,2,七座,1之15,雲林縣西螺鎮七座里2鄰七座1之15號,溫室,194174.01,2628173.22
166201,雲林縣政府,TW,台灣省,雲林縣,西螺鎮,七座里,2,七座,13之30,雲林縣西螺鎮七座里2鄰七座13之30號,肉羊舍,192876.11,2629057.42
166201,雲林縣政府,TW,台灣省,雲林縣,西螺鎮,七座里,5,七座,46之20,雲林縣西螺鎮七座里5鄰七座46之20號,農業資材室等,193178.3,2627644.12
166201,雲林縣政府,TW,台灣省,雲林縣,西螺鎮,七座里,6,七座,49之16,雲林縣西螺鎮七座里6鄰七座49之16號,雞舍等,193712.77,2627492.08
166201,雲林縣政府,TW,台灣省,雲林縣,西螺鎮,七座里,2,七座,2之9,雲林縣西螺鎮七座里2鄰七座2之9號,溫室等,193826.87,2628204.58
166201,雲林縣政府,TW,台灣省,雲林縣,西螺鎮,七座里,3,七座,100,雲林縣西螺鎮七座里3鄰七座100號,溫室,193404.92,2628245.12
166201,雲林縣政府,TW,台灣省,雲林縣,西螺鎮,下湳里,7,安南,93之22,雲林縣西螺鎮下湳里7鄰安南93之22號,農業資材室,192133.939,2629612.112
166201,雲林縣政府,TW,台灣省,雲林縣,西螺鎮,下湳里,5,安南,72之21,雲林縣西螺鎮下湳里5鄰安南72之21號,農業資材室,191688.2,2628721.17
166201,雲林縣政府,TW,台灣省,雲林縣,西螺鎮,下湳里,1,安南,181之6,雲林縣西螺鎮下湳里1鄰安南181之6號,農業資材室,192164.89,2628555.91
166201,雲林縣政府,TW,台灣省,雲林縣,西螺鎮,九隆里,4,九隆,63,雲林縣西螺鎮九隆里4鄰九隆63號,捲揚式溫室,193101.65,2627215.14
166201,雲林縣政府,TW,台灣省,雲林縣,西螺鎮,九隆里,1,九隆,1之30,雲林縣西螺鎮九隆里1鄰九隆1之30號,網室,192308.53,2627989.73
166201,雲林縣政府,TW,台灣省,雲林縣,西螺鎮,九隆里,1,九隆,1之32,雲林縣西螺鎮九隆里1鄰九隆1之32號,網室,192339.01,2627981.05
166201,雲林縣政府,TW,台灣省,雲林縣,西螺鎮,九隆里,4,九隆,62,雲林縣西螺鎮九隆里4鄰九隆62號,雞舍,193023.47,2627231.65
166201,雲林縣政府,TW,台灣省,雲林縣,西螺鎮,九隆里,4,九隆,59,雲林縣西螺鎮九隆里4鄰九隆59號,溫室及植物環控栽培設施,192769.29,2627267.56
166201,雲林縣政府,TW,台灣省,雲林縣,西螺鎮,九隆里,1,九隆,15之9,雲林縣西螺鎮九隆里1鄰九隆15之9號,農業資材室,192730.46,2627842.55
166201,雲林縣政府,TW,台灣省,雲林縣,西螺鎮,九隆里,4,九隆,50之37,雲林縣西螺鎮九隆里4鄰九隆50之37號,農業資材室,192830.65,2627509.44
166201,雲林縣政府,TW,台灣省,雲林縣,西螺鎮,九隆里,4,九隆,50之19,雲林縣西螺鎮九隆里4鄰九隆50之19號,農業資材室,192704.14,2627508.2
166201,雲林縣政府,TW,台灣省,雲林縣,西螺鎮,九隆里,1,九隆,1之36,雲林縣西螺鎮九隆里1鄰九隆1之36號,網室,192370.14,2627970.75
166201,雲林縣政府,TW,台灣省,雲林縣,西螺鎮,九隆里,4,九隆,56之1,雲林縣西螺鎮九隆里4鄰九隆56之1號,農業資材室,192442.84,2627358.41
166201,雲林縣政府,TW,台灣省,雲林縣,西螺鎮,九隆里,3,九隆,47之9,雲林縣西螺鎮九隆里3鄰九隆47之9號,捲揚式溫室等,191753.4,2627426.15
166201,雲林縣政府,TW,台灣省,雲林縣,西螺鎮,九隆里,5,大和,2之6,雲林縣西螺鎮九隆里5鄰大和2之6號,農業資材室,192496.938,2627166.466
166201,雲林縣政府,TW,台灣省,雲林縣,西螺鎮,公舘里,11,三源,119,雲林縣西螺鎮公舘里11鄰三源119號,網室,194273.04,2627575.99
166201,雲林縣政府,TW,台灣省,雲林縣,西螺鎮,公舘里,11,三源,123,雲林縣西螺鎮公舘里11鄰三源123號,網室等,194047.81,2627596.86
166201,雲林縣政府,TW,台灣省,雲林縣,西螺鎮,公舘里,5,公舘,174之5,雲林縣西螺鎮公舘里5鄰公舘174之5號,羊舍,193906.1,2626823.33
166201,雲林縣政府,TW,台灣省,雲林縣,西螺鎮,公舘里,8,公舘,285之2,雲林縣西螺鎮公舘里8鄰公舘285之2號,廟宇,194226.22,2627212.74
166201,雲林縣政府,TW,台灣省,雲林縣,西螺鎮,公舘里,14,公舘,525,雲林縣西螺鎮公舘里14鄰公舘525號,農業資材室,194414.465,2626631.685
166201,雲林縣政府,TW,台灣省,雲林縣,西螺鎮,公舘里,6,公舘,236,雲林縣西螺鎮公舘里6鄰公舘236號,農業資材室,193666.65,2627456.66
166201,雲林縣政府,TW,台灣省,雲林縣,西螺鎮,公舘里,5,公舘,171之20,雲林縣西螺鎮公舘里5鄰公舘171之20號,農業資材室,193534.05,2627181.65
166201,雲林縣政府,TW,台灣省,雲林縣,西螺鎮,公舘里,13,公舘,612,雲林縣西螺鎮公舘里13鄰公舘612號,捲揚式溫室,194757.13,2627554.08
166201,雲林縣政府,TW,台灣省,雲林縣,西螺鎮,吳厝里,10,吳厝,219,雲林縣西螺鎮吳厝里10鄰吳厝219號,農業資材室,190765.8,2626983.75
166201,雲林縣政府,TW,台灣省,雲林縣,西螺鎮,吳厝里,10,吳厝,235,雲林縣西螺鎮吳厝里10鄰吳厝235號,農業資材室,190615.069,2627281.726
166201,雲林縣政府,TW,台灣省,雲林縣,西螺鎮,吳厝里,10,吳厝,213之5,雲林縣西螺鎮吳厝里10鄰吳厝213之5號,農業資材室,190857.09,2626982.05
166201,雲林縣政府,TW,台灣省,雲林縣,西螺鎮,埤頭里,10,埤頭,76之9,雲林縣西螺鎮埤頭里10鄰埤頭76之9號,農業資材室,196814.86,2630302.73
166201,雲林縣政府,TW,台灣省,雲林縣,西螺鎮,埤頭里,4,籃厝,110,雲林縣西螺鎮埤頭里4鄰籃厝110號,雞舍等,195111.61,2630427.18
166201,雲林縣政府,TW,台灣省,雲林縣,西螺鎮,埤頭里,4,籃厝,120,雲林縣西螺鎮埤頭里4鄰籃厝120號,鴨鵝舍,194939.1,2630421.36
166201,雲林縣政府,TW,台灣省,雲林縣,西螺鎮,大新里,15,大新,263之3,雲林縣西螺鎮大新里15鄰大新263之3號,集貨處理場等,197590.55,2632118.15
166201,雲林縣政府,TW,台灣省,雲林縣,西螺鎮,大新里,15,大新,214之36,雲林縣西螺鎮大新里15鄰大新214之36號,育苗馴化場,197092.12,2631177.1
166201,雲林縣政府,TW,台灣省,雲林縣,西螺鎮,安定里,13,安定,202之25,雲林縣西螺鎮安定里13鄰安定202之25號,溫室及植物環控栽培設施,192009.13,2633819.58
166201,雲林縣政府,TW,台灣省,雲林縣,西螺鎮,安定里,13,安定,202之7,雲林縣西螺鎮安定里13鄰安定202之7號,集貨包裝場等,192166.94,2633394.63
166201,雲林縣政府,TW,台灣省,雲林縣,西螺鎮,廣興里,7,廣興,68之50,雲林縣西螺鎮廣興里7鄰廣興68之50號,加強型捲揚式溫室,194892.86,2630057.33
166201,雲林縣政府,TW,台灣省,雲林縣,西螺鎮,振興里,14,振興,57之8,雲林縣西螺鎮振興里14鄰振興57之8號,溫室等,195741.92,2632201.81
166201,雲林縣政府,TW,台灣省,雲林縣,西螺鎮,振興里,13,振興,185之15,雲林縣西螺鎮振興里13鄰振興185之15號,農業資材室,195726.753,2630797.55
166201,雲林縣政府,TW,台灣省,雲林縣,西螺鎮,振興里,11,振興,163之3,雲林縣西螺鎮振興里11鄰振興163之3號,溫室及植物環控栽培設施等,196575.8,2631773.67
166201,雲林縣政府,TW,台灣省,雲林縣,西螺鎮,東興里,8,東興,139,雲林縣西螺鎮東興里8鄰東興139號,雞舍,195865.06,2628792.75
166201,雲林縣政府,TW,台灣省,雲林縣,西螺鎮,河南里,1,河南,4之3,雲林縣西螺鎮河南里1鄰河南4之3號,農業資材室,193286.92,2632584.08
166201,雲林縣政府,TW,台灣省,雲林縣,西螺鎮,福田里,11,新厝,3之26,雲林縣西螺鎮福田里11鄰新厝3之26號,育苗馴化場,192548.66,2630001.21
166201,雲林縣政府,TW,台灣省,雲林縣,西螺鎮,福田里,11,新厝,3之55,雲林縣西螺鎮福田里11鄰新厝3之55號,捲揚式溫室,192819.77,2630065.48
166201,雲林縣政府,TW,台灣省,雲林縣,西螺鎮,福田里,11,新厝,3之25,雲林縣西螺鎮福田里11鄰新厝3之25號,育苗馴化場,192554.48,2630041.96
166201,雲林縣政府,TW,台灣省,雲林縣,西螺鎮,福田里,11,新厝,3之20,雲林縣西螺鎮福田里11鄰新厝3之20號,育苗馴化場,192485.43,2630041.67
166201,雲林縣政府,TW,台灣省,雲林縣,西螺鎮,福田里,11,新厝,3之19,雲林縣西螺鎮福田里11鄰新厝3之19號,育苗馴化場,192468.76,2630041.67
166201,雲林縣政府,TW,台灣省,雲林縣,西螺鎮,福田里,5,社口,68之72,雲林縣西螺鎮福田里5鄰社口68之72號,農業資材室,192415.11,2630665.3
166201,雲林縣政府,TW,台灣省,雲林縣,西螺鎮,福田里,6,社口,69之5,雲林縣西螺鎮福田里6鄰社口69之5號,農業資材室,192651.84,2631674.62
166201,雲林縣政府,TW,台灣省,雲林縣,西螺鎮,福田里,5,社口,68之77,雲林縣西螺鎮福田里5鄰社口68之77號,育苗馴化場,192526.59,2630644.89
166201,雲林縣政府,TW,台灣省,雲林縣,西螺鎮,福田里,5,社口,68之79,雲林縣西螺鎮福田里5鄰社口68之79號,農業資材室,192511.92,2630644.66
166201,雲林縣政府,TW,台灣省,雲林縣,西螺鎮,詔安里,5,詔安,27之18,雲林縣西螺鎮詔安里5鄰詔安27之18號,溫室,193297.38,2633232.72
166201,雲林縣政府,TW,台灣省,雲林縣,西螺鎮,頂湳里,6,頂南,11之20,雲林縣西螺鎮頂湳里6鄰頂南11之20號,倉庫,194595.83,2629813.84
166201,雲林縣政府,TW,台灣省,雲林縣,西螺鎮,頂湳里,1,頂南,28之25,雲林縣西螺鎮頂湳里1鄰頂南28之25號,農業資材室,193690.66,2630194.72
166201,雲林縣政府,TW,台灣省,雲林縣,西螺鎮,頂湳里,5,頂南,14之3,雲林縣西螺鎮頂湳里5鄰頂南14之3號,加強型捲揚式溫室,194609.16,2629560.58
166201,雲林縣政府,TW,台灣省,雲林縣,西螺鎮,頂湳里,6,頂南,11之8,雲林縣西螺鎮頂湳里6鄰頂南11之8號,農業資材室,194305.54,2629741.52
166201,雲林縣政府,TW,台灣省,雲林縣,西螺鎮,鹿場里,11,鹿場,83之10,雲林縣西螺鎮鹿場里11鄰鹿場83之10號,農業資材室,196172.62,2627408.52
166201,雲林縣政府,TW,台灣省,雲林縣,土庫鎮,埤腳里,4,埤腳,38之5,雲林縣土庫鎮埤腳里4鄰埤腳38之5號,農業資材室,183808.146,2618836.391
166201,雲林縣政府,TW,台灣省,雲林縣,土庫鎮,大荖里,1,大荖,15之2,雲林縣土庫鎮大荖里1鄰大荖15之2號,農業資材室,186031.565,2619823.937
166201,雲林縣政府,TW,台灣省,雲林縣,土庫鎮,大荖里,7,溪心,28,雲林縣土庫鎮大荖里7鄰溪心28號,菇類栽培室,186325.26,2620353.57
166201,雲林縣政府,TW,台灣省,雲林縣,土庫鎮,奮起里,18,綺湖,151之60,雲林縣土庫鎮奮起里18鄰綺湖151之60號,畜牧場火雞舍,186643.95,2616952.02
166201,雲林縣政府,TW,台灣省,雲林縣,土庫鎮,奮起里,13,綺湖,85之21,雲林縣土庫鎮奮起里13鄰綺湖85之21號,農牧用地網室,183871.94,2617820.44
166201,雲林縣政府,TW,台灣省,雲林縣,土庫鎮,崙內里,1,崙內,22之32,雲林縣土庫鎮崙內里1鄰崙內22之32號,資材室,183879.22,2620641.39
166201,雲林縣政府,TW,台灣省,雲林縣,土庫鎮,崙內里,13,崙內,160,雲林縣土庫鎮崙內里13鄰崙內160號,農業設施農糧產品加工室,184726.67,2620264.31
166201,雲林縣政府,TW,台灣省,雲林縣,土庫鎮,崙內里,1,崙內,2之2,雲林縣土庫鎮崙內里1鄰崙內2之2號,農業資材室,184349.69,2620774.83
166201,雲林縣政府,TW,台灣省,雲林縣,土庫鎮,崙內里,1,崙內,2之29,雲林縣土庫鎮崙內里1鄰崙內2之29號,菇類栽培室,184404.99,2620753.33
166201,雲林縣政府,TW,台灣省,雲林縣,土庫鎮,崙內里,1,崙內,2之30,雲林縣土庫鎮崙內里1鄰崙內2之30號,菇類栽培室,184377.74,2620758.09
166201,雲林縣政府,TW,台灣省,雲林縣,土庫鎮,崙內里,1,崙內,2之15,雲林縣土庫鎮崙內里1鄰崙內2之15號,資材室,184420.86,2620956.39
166201,雲林縣政府,TW,台灣省,雲林縣,土庫鎮,崙內里,7,菓圍,41之6,雲林縣土庫鎮崙內里7鄰菓圍41之6號,資材室,183461.13,2620487.98
166201,雲林縣政府,TW,台灣省,雲林縣,土庫鎮,崙內里,9,頂寮,23之47,雲林縣土庫鎮崙內里9鄰頂寮23之47號,乾燥機房,183641.85,2620684.63
166201,雲林縣政府,TW,台灣省,雲林縣,土庫鎮,崙內里,12,頂寮,201,雲林縣土庫鎮崙內里12鄰頂寮201號,雞舍,182360.33,2621675.35
166201,雲林縣政府,TW,台灣省,雲林縣,土庫鎮,崙內里,12,頂寮,200,雲林縣土庫鎮崙內里12鄰頂寮200號,雞舍,182395.1,2621667.54
166201,雲林縣政府,TW,台灣省,雲林縣,土庫鎮,後埔里,14,後埔,248之1,雲林縣土庫鎮後埔里14鄰後埔248之1號,資材室,185795.37,2621982.08
166201,雲林縣政府,TW,台灣省,雲林縣,土庫鎮,後埔里,19,雙人厝,110之3,雲林縣土庫鎮後埔里19鄰雙人厝110之3號,溫室,185519.03,2621563.42
166201,雲林縣政府,TW,台灣省,雲林縣,土庫鎮,後埔里,19,雙人厝,156,雲林縣土庫鎮後埔里19鄰雙人厝156號,資材室,184993.24,2621397.24
166201,雲林縣政府,TW,台灣省,雲林縣,土庫鎮,東平里,15,新光,47之20,雲林縣土庫鎮東平里15鄰新光47之20號,農業資材室,185369.414,2624801.795
166201,雲林縣政府,TW,台灣省,雲林縣,土庫鎮,溪邊里,15,下庄,80,雲林縣土庫鎮溪邊里15鄰下庄80號,農業資材室,187115.63,2616996.63
166201,雲林縣政府,TW,台灣省,雲林縣,土庫鎮,溪邊里,4,竹寮,90之2,雲林縣土庫鎮溪邊里4鄰竹寮90之2號,農牧用地農機室,189460.19,2618871.15
166201,雲林縣政府,TW,台灣省,雲林縣,土庫鎮,石廟里,6,溪心,80,雲林縣土庫鎮石廟里6鄰溪心80號,農業生產設施捲揚式溫室,186960.59,2620068.42
166201,雲林縣政府,TW,台灣省,雲林縣,土庫鎮,石廟里,5,溪心,2之30,雲林縣土庫鎮石廟里5鄰溪心2之30號,菇類栽培室,186661.28,2620718.05
166201,雲林縣政府,TW,台灣省,雲林縣,土庫鎮,石廟里,6,溪心,57之2,雲林縣土庫鎮石廟里6鄰溪心57之2號,菇類栽培室,186759.16,2620106.48
166201,雲林縣政府,TW,台灣省,雲林縣,土庫鎮,石廟里,1,石廟,69之23,雲林縣土庫鎮石廟里1鄰石廟69之23號,農業溫室,187790.86,2621577.35
166201,雲林縣政府,TW,台灣省,雲林縣,土庫鎮,石廟里,1,石廟,13之32,雲林縣土庫鎮石廟里1鄰石廟13之32號,菇類栽培室,188366.93,2621090.51
166201,雲林縣政府,TW,台灣省,雲林縣,土庫鎮,石廟里,1,石廟,13之26,雲林縣土庫鎮石廟里1鄰石廟13之26號,菇類栽培室,188326.58,2620934.41
166201,雲林縣政府,TW,台灣省,雲林縣,土庫鎮,石廟里,1,石廟,69之25,雲林縣土庫鎮石廟里1鄰石廟69之25號,農業生產設施溫室,187809.31,2621575.96
166201,雲林縣政府,TW,台灣省,雲林縣,土庫鎮,石廟里,1,石廟,13之9,雲林縣土庫鎮石廟里1鄰石廟13之9號,農業設施,187831.6,2620901.56
166201,雲林縣政府,TW,台灣省,雲林縣,土庫鎮,石廟里,1,石廟,69之15,雲林縣土庫鎮石廟里1鄰石廟69之15號,農業資材室不得設立戶籍,187663.01,2621585.26
166201,雲林縣政府,TW,台灣省,雲林縣,土庫鎮,石廟里,7,竹圍,39,雲林縣土庫鎮石廟里7鄰竹圍39號,菇類栽培室,186761.45,2619874.69
166201,雲林縣政府,TW,台灣省,雲林縣,土庫鎮,興新里,12,張庄,19之6,雲林縣土庫鎮興新里12鄰張庄19之6號,乾燥機房,187305.37,2618311.48
166201,雲林縣政府,TW,台灣省,雲林縣,土庫鎮,興新里,1,新興,12之13,雲林縣土庫鎮興新里1鄰新興12之13號,農業資材室不得設籍,186270.64,2617811.06
166201,雲林縣政府,TW,台灣省,雲林縣,土庫鎮,興新里,1,新興,37之1,雲林縣土庫鎮興新里1鄰新興37之1號,運銷處理室,185930.11,2618034.11
166201,雲林縣政府,TW,台灣省,雲林縣,土庫鎮,興新里,5,蘆竹,200,雲林縣土庫鎮興新里5鄰蘆竹200號,集貨及包裝場所,185389.31,2618950.21
166201,雲林縣政府,TW,台灣省,雲林縣,土庫鎮,興新里,6,蘆竹,35之20,雲林縣土庫鎮興新里6鄰蘆竹35之20號,農業資材室,186004.93,2618451.18
166201,雲林縣政府,TW,台灣省,雲林縣,土庫鎮,興新里,6,蘆竹,35之12,雲林縣土庫鎮興新里6鄰蘆竹35之12號,農業設施乾燥機房農機具室,186119.85,2618451.3
166201,雲林縣政府,TW,台灣省,雲林縣,土庫鎮,西平里,15,西平,46之2,雲林縣土庫鎮西平里15鄰西平46之2號,農牧用地溫室,183289.56,2623704.19
166201,雲林縣政府,TW,台灣省,雲林縣,土庫鎮,大荖里,7,溪心,28之6,雲林縣土庫鎮大荖里7鄰溪心28之6號,農業設施溫室,186433.94,2620337.15
166201,雲林縣政府,TW,台灣省,雲林縣,土庫鎮,石廟里,2,石廟,100之3,雲林縣土庫鎮石廟里2鄰石廟100之3號,農業生產設施溫室,187331.89,2620900.84
166201,雲林縣政府,TW,台灣省,雲林縣,北港鎮,劉厝里,2,劉厝,150之6,雲林縣北港鎮劉厝里2鄰劉厝150之6號,農業資材室不得設籍,178019.5,2609738.39
166201,雲林縣政府,TW,台灣省,雲林縣,北港鎮,大北里,7,大北,117之15,雲林縣北港鎮大北里7鄰大北117之15號,捲揚式溫室,175762.818,2612650.438
166201,雲林縣政府,TW,台灣省,雲林縣,北港鎮,大北里,1,大北,126之8,雲林縣北港鎮大北里1鄰大北126之8號,牛舍不得設籍,176081.28,2612401.11
166201,雲林縣政府,TW,台灣省,雲林縣,北港鎮,好收里,12,口庄,21之9,雲林縣北港鎮好收里12鄰口庄21之9號,溫室不得設籍,177152.43,2610738.62
166201,雲林縣政府,TW,台灣省,雲林縣,北港鎮,好收里,12,口庄,21之30,雲林縣北港鎮好收里12鄰口庄21之30號,捲揚式溫室,177273.82,2610862.48
166201,雲林縣政府,TW,台灣省,雲林縣,北港鎮,好收里,12,口庄,20之68,雲林縣北港鎮好收里12鄰口庄20之68號,養雞場不得設籍,177349.47,2611325.48
166201,雲林縣政府,TW,台灣省,雲林縣,北港鎮,好收里,12,口庄,20之52,雲林縣北港鎮好收里12鄰口庄20之52號,育苗馴化場不得設籍,177152.96,2611261.8
166201,雲林縣政府,TW,台灣省,雲林縣,北港鎮,好收里,12,口庄,20之17,雲林縣北港鎮好收里12鄰口庄20之17號,植物環控栽培設施不得設籍,177096.77,2610770.98
166201,雲林縣政府,TW,台灣省,雲林縣,北港鎮,好收里,1,好收,10之110,雲林縣北港鎮好收里1鄰好收10之110號,資材室不得設籍,176316.5,2609780.17
166201,雲林縣政府,TW,台灣省,雲林縣,北港鎮,好收里,4,好收,69之27,雲林縣北港鎮好收里4鄰好收69之27號,捲場式溫室,176583.797,2611195.636
166201,雲林縣政府,TW,台灣省,雲林縣,北港鎮,好收里,5,好收,109之107,雲林縣北港鎮好收里5鄰好收109之107號,捲場式溫室,175241.205,2611136.546
166201,雲林縣政府,TW,台灣省,雲林縣,北港鎮,好收里,5,好收,108之28,雲林縣北港鎮好收里5鄰好收108之28號,捲揚式溫室,175881.382,2611073.365
166201,雲林縣政府,TW,台灣省,雲林縣,北港鎮,好收里,10,好收,309,雲林縣北港鎮好收里10鄰好收309號,捲揚式溫室不得設籍,175764.07,2610336.75
166201,雲林縣政府,TW,台灣省,雲林縣,北港鎮,好收里,10,好收,301之12,雲林縣北港鎮好收里10鄰好收301之12號,禽舍不得設籍,176053.46,2610087.52
166201,雲林縣政府,TW,台灣省,雲林縣,北港鎮,好收里,1,好收,10之125,雲林縣北港鎮好收里1鄰好收10之125號,育苗馴化場不得設籍,176533.26,2610012.52
166201,雲林縣政府,TW,台灣省,雲林縣,北港鎮,好收里,8,好收,146之28,雲林縣北港鎮好收里8鄰好收146之28號,蓄牧設施不得設籍,176727.27,2611897.03
166201,雲林縣政府,TW,台灣省,雲林縣,北港鎮,好收里,5,好收,109之78,雲林縣北港鎮好收里5鄰好收109之78號,溫室,175710.09,2611027.278
166201,雲林縣政府,TW,台灣省,雲林縣,北港鎮,好收里,4,好收,69之16,雲林縣北港鎮好收里4鄰好收69之16號,屬農業設施不得設籍,176444.1,2611254.23
166201,雲林縣政府,TW,台灣省,雲林縣,北港鎮,好收里,5,好收,109之88,雲林縣北港鎮好收里5鄰好收109之88號,雞舍不得設籍,175602.41,2611062.19
166201,雲林縣政府,TW,台灣省,雲林縣,北港鎮,好收里,10,好收,316之8,雲林縣北港鎮好收里10鄰好收316之8號,禽舍不得設籍,175679.5,2609802.51
166201,雲林縣政府,TW,台灣省,雲林縣,北港鎮,府番里,8,府番,171之9,雲林縣北港鎮府番里8鄰府番171之9號,農業設施溫室不得設籍,180838.6,2610777.5
166201,雲林縣政府,TW,台灣省,雲林縣,北港鎮,府番里,7,府番,173之11,雲林縣北港鎮府番里7鄰府番173之11號,溫室不得設籍,181131.92,2610471.14
166201,雲林縣政府,TW,台灣省,雲林縣,北港鎮,府番里,8,府番,171之10,雲林縣北港鎮府番里8鄰府番171之10號,溫室不得設籍,180827.22,2610777.23
166201,雲林縣政府,TW,台灣省,雲林縣,北港鎮,府番里,7,府番,135之15,雲林縣北港鎮府番里7鄰府番135之15號,溫室不得設籍,181917.85,2611017.37
166201,雲林縣政府,TW,台灣省,雲林縣,北港鎮,府番里,7,府番,172之10,雲林縣北港鎮府番里7鄰府番172之10號,農業資材室溫室不得設籍,181372.82,2610665.86
166201,雲林縣政府,TW,台灣省,雲林縣,北港鎮,府番里,7,府番,173之62,雲林縣北港鎮府番里7鄰府番173之62號,溫室不得設籍,181231.63,2610172.52
166201,雲林縣政府,TW,台灣省,雲林縣,北港鎮,府番里,2,府番,212之32,雲林縣北港鎮府番里2鄰府番212之32號,農業資材室不得設籍,180211.78,2610435.25
166201,雲林縣政府,TW,台灣省,雲林縣,北港鎮,府番里,7,府番,173之9,雲林縣北港鎮府番里7鄰府番173之9號,捲揚式溫室,181167.17,2610388.34
166201,雲林縣政府,TW,台灣省,雲林縣,北港鎮,府番里,7,府番,120之9,雲林縣北港鎮府番里7鄰府番120之9號,農業資材室不得設籍,180961,2609864.21
166201,雲林縣政府,TW,台灣省,雲林縣,北港鎮,後溝里,1,後溝,1之50,雲林縣北港鎮後溝里1鄰後溝1之50號,畜牧設施不得設籍,180794.31,2608881.49
166201,雲林縣政府,TW,台灣省,雲林縣,北港鎮,後溝里,10,灣內,31之27,雲林縣北港鎮後溝里10鄰灣內31之27號,溫室不得設籍,181030.97,2608572.66
166201,雲林縣政府,TW,台灣省,雲林縣,北港鎮,後溝里,11,灣內,54之7,雲林縣北港鎮後溝里11鄰灣內54之7號,農業資材室不得設籍,180558.89,2608285.65
166201,雲林縣政府,TW,台灣省,雲林縣,北港鎮,後溝里,11,灣內,52之1,雲林縣北港鎮後溝里11鄰灣內52之1號,農業資材室不得設籍,180785.13,2608212.83
166201,雲林縣政府,TW,台灣省,雲林縣,北港鎮,扶朝里,11,扶朝,209之2,雲林縣北港鎮扶朝里11鄰扶朝209之2號,農牧儲藏室雞舍,176598.192,2606535.934
166201,雲林縣政府,TW,台灣省,雲林縣,北港鎮,扶朝里,8,扶朝,164之1,雲林縣北港鎮扶朝里8鄰扶朝164之1號,溫室不得設籍,176756.24,2606423.04
166201,雲林縣政府,TW,台灣省,雲林縣,北港鎮,扶朝里,8,扶朝,164之18,雲林縣北港鎮扶朝里8鄰扶朝164之18號,溫室不得設籍,176319.76,2606604.79
166201,雲林縣政府,TW,台灣省,雲林縣,北港鎮,扶朝里,12,扶朝,220之9,雲林縣北港鎮扶朝里12鄰扶朝220之9號,農業資材室,176503.275,2606951.897
166201,雲林縣政府,TW,台灣省,雲林縣,北港鎮,新厝里,9,新厝,115之7,雲林縣北港鎮新厝里9鄰新厝115之7號,溫室不得設籍,180196.24,2609577.78
166201,雲林縣政府,TW,台灣省,雲林縣,北港鎮,新厝里,5,新厝,54之26,雲林縣北港鎮新厝里5鄰新厝54之26號,溫室不得設籍,180549.79,2609777.87
166201,雲林縣政府,TW,台灣省,雲林縣,北港鎮,樹腳里,12,中庄,30之1,雲林縣北港鎮樹腳里12鄰中庄30之1號,雞舍飼料倉庫,176927.178,2608869.943
166201,雲林縣政府,TW,台灣省,雲林縣,北港鎮,樹腳里,12,中庄,17之5,雲林縣北港鎮樹腳里12鄰中庄17之5號,農業資材室不得設籍,176618.08,2608973.91
166201,雲林縣政府,TW,台灣省,雲林縣,北港鎮,樹腳里,12,中庄,30之30,雲林縣北港鎮樹腳里12鄰中庄30之30號,孵化室不得設籍,176812.3,2608633.71
166201,雲林縣政府,TW,台灣省,雲林縣,北港鎮,樹腳里,5,大庄,88之2,雲林縣北港鎮樹腳里5鄰大庄88之2號,溫室不得設籍,176311.94,2608457.61
166201,雲林縣政府,TW,台灣省,雲林縣,北港鎮,樹腳里,5,大庄,88之3,雲林縣北港鎮樹腳里5鄰大庄88之3號,捲揚式溫室,176288.136,2608458.007
166201,雲林縣政府,TW,台灣省,雲林縣,北港鎮,樹腳里,5,大庄,88之5,雲林縣北港鎮樹腳里5鄰大庄88之5號,育苗馴化場,176278.863,2608349.369
166201,雲林縣政府,TW,台灣省,雲林縣,北港鎮,樹腳里,1,船埔,1之8,雲林縣北港鎮樹腳里1鄰船埔1之8號,集貨及包裝場所不得設籍,177052.21,2607804.41
166201,雲林縣政府,TW,台灣省,雲林縣,北港鎮,樹腳里,6,過溝,18之5,雲林縣北港鎮樹腳里6鄰過溝18之5號,農業資材室不得設籍,175765.36,2608544.47
166201,雲林縣政府,TW,台灣省,雲林縣,北港鎮,樹腳里,10,頂庄,2之53,雲林縣北港鎮樹腳里10鄰頂庄2之53號,育苗馴化室不得設籍,176270.09,2609491.89
166201,雲林縣政府,TW,台灣省,雲林縣,北港鎮,樹腳里,10,頂庄,1之30,雲林縣北港鎮樹腳里10鄰頂庄1之30號,農業資材室不得設籍,176572.32,2609432.69
166201,雲林縣政府,TW,台灣省,雲林縣,北港鎮,樹腳里,10,頂庄,2之100,雲林縣北港鎮樹腳里10鄰頂庄2之100號,資材室不得設籍,175736.98,2609680.89
166201,雲林縣政府,TW,台灣省,雲林縣,北港鎮,樹腳里,10,頂庄,160之1,雲林縣北港鎮樹腳里10鄰頂庄160之1號,育苗室不得設籍,175843.16,2609240.14
166201,雲林縣政府,TW,台灣省,雲林縣,北港鎮,水埔里,10,水埔,82之23,雲林縣北港鎮水埔里10鄰水埔82之23號,農業資材室不得設籍,177078.88,2605513.94
166201,雲林縣政府,TW,台灣省,雲林縣,北港鎮,水埔里,4,水埔,35之31,雲林縣北港鎮水埔里4鄰水埔35之31號,溫室不得設籍,176017.65,2605847.39
166201,雲林縣政府,TW,台灣省,雲林縣,北港鎮,水埔里,4,水埔,35之39,雲林縣北港鎮水埔里4鄰水埔35之39號,農業資材室不得設籍,175696.9,2605794.65
166201,雲林縣政府,TW,台灣省,雲林縣,北港鎮,溝皂里,10,溝皂,81之9,雲林縣北港鎮溝皂里10鄰溝皂81之9號,溫室不得設籍,177065.66,2612458.05
166201,雲林縣政府,TW,台灣省,雲林縣,北港鎮,溝皂里,13,溝皂,212之12,雲林縣北港鎮溝皂里13鄰溝皂212之12號,農業資材室不得設籍,178035.67,2611502.68
166201,雲林縣政府,TW,台灣省,雲林縣,北港鎮,溝皂里,1,溝皂,80之45,雲林縣北港鎮溝皂里1鄰溝皂80之45號,農業設施不得設籍,177913.68,2612980.77
166201,雲林縣政府,TW,台灣省,雲林縣,北港鎮,溝皂里,11,溝皂,176之47,雲林縣北港鎮溝皂里11鄰溝皂176之47號,農業設施不得設籍,178192.27,2613139.89
166201,雲林縣政府,TW,台灣省,雲林縣,北港鎮,溝皂里,11,溝皂,176之48,雲林縣北港鎮溝皂里11鄰溝皂176之48號,農業設施不得設籍,178214.5,2613139.36
166201,雲林縣政府,TW,台灣省,雲林縣,北港鎮,溝皂里,11,溝皂,176之49,雲林縣北港鎮溝皂里11鄰溝皂176之49號,農業設施不得設籍,178238.05,2613139.89
166201,雲林縣政府,TW,台灣省,雲林縣,北港鎮,番溝里,12,番溝,2之17,雲林縣北港鎮番溝里12鄰番溝2之17號,溫室不得設籍,176871.54,2612352.49
166201,雲林縣政府,TW,台灣省,雲林縣,北港鎮,番溝里,12,番溝,2之20,雲林縣北港鎮番溝里12鄰番溝2之20號,溫室,176889.605,2612310.853
166201,雲林縣政府,TW,台灣省,雲林縣,北港鎮,番溝里,12,番溝,2之11,雲林縣北港鎮番溝里12鄰番溝2之11號,捲揚室溫室,176584.042,2612890.468
166201,雲林縣政府,TW,台灣省,雲林縣,北港鎮,番溝里,12,番溝,2之12,雲林縣北港鎮番溝里12鄰番溝2之12號,捲揚室溫室,176509.165,2612842.843
166201,雲林縣政府,TW,台灣省,雲林縣,北港鎮,草湖里,3,東湖,53之82,雲林縣北港鎮草湖里3鄰東湖53之82號,雞舍不得設籍,179428.69,2611792.71
166201,雲林縣政府,TW,台灣省,雲林縣,北港鎮,草湖里,9,東湖,67之2,雲林縣北港鎮草湖里9鄰東湖67之2號,溫室,179309.92,2610438.532
166201,雲林縣政府,TW,台灣省,雲林縣,北港鎮,草湖里,3,東湖,53之86,雲林縣北港鎮草湖里3鄰東湖53之86號,雞舍不得設籍,179500.13,2611792.22
166201,雲林縣政府,TW,台灣省,雲林縣,北港鎮,草湖里,3,東湖,43之9,雲林縣北港鎮草湖里3鄰東湖43之9號,溫室,179435.835,2611128.45
166201,雲林縣政府,TW,台灣省,雲林縣,北港鎮,草湖里,5,西湖,38之8,雲林縣北港鎮草湖里5鄰西湖38之8號,温室不得設籍,178190.3,2610896.02
166201,雲林縣政府,TW,台灣省,雲林縣,北港鎮,草湖里,7,西湖,131,雲林縣北港鎮草湖里7鄰西湖131號,房屋已拆除,178979.554,2611025.77
166201,雲林縣政府,TW,台灣省,雲林縣,北港鎮,草湖里,7,西湖,132,雲林縣北港鎮草湖里7鄰西湖132號,房屋已拆除,178981.141,2611030.797
166201,雲林縣政府,TW,台灣省,雲林縣,北港鎮,草湖里,4,西湖,13之2,雲林縣北港鎮草湖里4鄰西湖13之2號,倉庫不得設籍,178913.69,2611156.22
166201,雲林縣政府,TW,台灣省,雲林縣,北港鎮,草湖里,6,西湖,34之3,雲林縣北港鎮草湖里6鄰西湖34之3號,農業設施不得設籍,178662.69,2611092.27
166201,雲林縣政府,TW,台灣省,雲林縣,北港鎮,草湖里,6,西湖,25之6,雲林縣北港鎮草湖里6鄰西湖25之6號,農業溫室不得提供居住,178598.651,2611314.383
166201,雲林縣政府,TW,台灣省,雲林縣,北港鎮,草湖里,6,西湖,25之6,雲林縣北港鎮草湖里6鄰西湖25之6號,不得提供居住工廠及其他非產銷必要,178598.651,2611314.383
166201,雲林縣政府,TW,台灣省,雲林縣,北港鎮,樹腳里,8,過溝,33之66,雲林縣北港鎮樹腳里8鄰過溝33之66號,農業設施網室,175116.19,2608840.61
166201,雲林縣政府,TW,台灣省,雲林縣,古坑鄉,新庄村,12,新庄,124之12,雲林縣古坑鄉新庄村12鄰新庄124之12號,農業資材室,207596.53,2620445.27
166201,雲林縣政府,TW,台灣省,雲林縣,古坑鄉,新庄村,12,新庄,145,雲林縣古坑鄉新庄村12鄰新庄145號,農業設施,208787.04,2619367.67
166201,雲林縣政府,TW,台灣省,雲林縣,古坑鄉,新庄村,1,新庄,5之20,雲林縣古坑鄉新庄村1鄰新庄5之20號,農業資材室,207918.97,2620440.72
166201,雲林縣政府,TW,台灣省,雲林縣,古坑鄉,新庄村,12,新庄,150之12,雲林縣古坑鄉新庄村12鄰新庄150之12號,農業設施,208723.2,2619177.54
166201,雲林縣政府,TW,台灣省,雲林縣,古坑鄉,新庄村,9,新庄,83之60,雲林縣古坑鄉新庄村9鄰新庄83之60號,農業資材室,207088.85,2621045.11
166201,雲林縣政府,TW,台灣省,雲林縣,古坑鄉,新庄村,12,新庄,129,雲林縣古坑鄉新庄村12鄰新庄129號,農業資材室,207910.02,2619933.63
166201,雲林縣政府,TW,台灣省,雲林縣,古坑鄉,新庄村,12,新庄,129之1,雲林縣古坑鄉新庄村12鄰新庄129之1號,農業產銷設施,207871.97,2619958.66
166201,雲林縣政府,TW,台灣省,雲林縣,古坑鄉,新庄村,12,新庄,220之6,雲林縣古坑鄉新庄村12鄰新庄220之6號,農業資材室,209431.18,2619036.35
166201,雲林縣政府,TW,台灣省,雲林縣,古坑鄉,桂林村,16,內舘,6之5,雲林縣古坑鄉桂林村16鄰內舘6之5號,農業資材室,208038.57,2612322.7
166201,雲林縣政府,TW,台灣省,雲林縣,古坑鄉,桂林村,11,桂林,70之30,雲林縣古坑鄉桂林村11鄰桂林70之30號,農業設施,209228.22,2611831.18
166201,雲林縣政府,TW,台灣省,雲林縣,古坑鄉,棋盤村,3,新厝,21之106,雲林縣古坑鄉棋盤村3鄰新厝21之106號,農業資材室,208220.39,2621330.71
166201,雲林縣政府,TW,台灣省,雲林縣,古坑鄉,棋盤村,28,棋山,115之12,雲林縣古坑鄉棋盤村28鄰棋山115之12號,農業資材室,210043.93,2618635.59
166201,雲林縣政府,TW,台灣省,雲林縣,古坑鄉,棋盤村,21,棋山,168,雲林縣古坑鄉棋盤村21鄰棋山168號,農業設施,209289.78,2619668.71
166201,雲林縣政府,TW,台灣省,雲林縣,古坑鄉,樟湖村,2,樟湖,21之2,雲林縣古坑鄉樟湖村2鄰樟湖21之2號,農業資材室,213709.6,2612589.78
166201,雲林縣政府,TW,台灣省,雲林縣,古坑鄉,樟湖村,2,樟湖,19之128,雲林縣古坑鄉樟湖村2鄰樟湖19之128號,農業資材室,213315.73,2612390.74
166201,雲林縣政府,TW,台灣省,雲林縣,古坑鄉,水碓村,18,德賢,1之36,雲林縣古坑鄉水碓村18鄰德賢1之36號,農業資材室,207102.71,2617005.44
166201,雲林縣政府,TW,台灣省,雲林縣,古坑鄉,水碓村,5,水碓,38之31,雲林縣古坑鄉水碓村5鄰水碓38之31號,農業資材室,205767.65,2617270.6
166201,雲林縣政府,TW,台灣省,雲林縣,古坑鄉,永光村,17,大湖口,43之60,雲林縣古坑鄉永光村17鄰大湖口43之60號,農業設施,205380.58,2611923.04
166201,雲林縣政府,TW,台灣省,雲林縣,古坑鄉,永光村,18,大湖口,19之9,雲林縣古坑鄉永光村18鄰大湖口19之9號,農業資材室,206507.61,2611725.42
166201,雲林縣政府,TW,台灣省,雲林縣,古坑鄉,永光村,18,大湖口,19之6,雲林縣古坑鄉永光村18鄰大湖口19之6號,農業資材室,206392.78,2611794.88
166201,雲林縣政府,TW,台灣省,雲林縣,古坑鄉,永光村,16,大湖口,54之10,雲林縣古坑鄉永光村16鄰大湖口54之10號,農業設施資材室,206057.79,2612444.94
166201,雲林縣政府,TW,台灣省,雲林縣,古坑鄉,永光村,16,大湖口,54之12,雲林縣古坑鄉永光村16鄰大湖口54之12號,農業資材室,206008.44,2612445.03
166201,雲林縣政府,TW,台灣省,雲林縣,古坑鄉,田心村,9,田心,1之9,雲林縣古坑鄉田心村9鄰田心1之9號,農業設施,203944.55,2618149.2
166201,雲林縣政府,TW,台灣省,雲林縣,古坑鄉,田心村,2,田心,24之36,雲林縣古坑鄉田心村2鄰田心24之36號,農業設施,204009.47,2618463.56
166201,雲林縣政府,TW,台灣省,雲林縣,古坑鄉,田心村,5,田心,99之10,雲林縣古坑鄉田心村5鄰田心99之10號,農業資材室,203153.57,2618679.83
166201,雲林縣政府,TW,台灣省,雲林縣,古坑鄉,荷苞村,11,尖山坑,50之68,雲林縣古坑鄉荷苞村11鄰尖山坑50之68號,農業資材室,209521.35,2616747.63
166201,雲林縣政府,TW,台灣省,雲林縣,古坑鄉,荷苞村,9,尖山坑,74之50,雲林縣古坑鄉荷苞村9鄰尖山坑74之50號,農業資材室,208871.69,2617289.12
166201,雲林縣政府,TW,台灣省,雲林縣,古坑鄉,荷苞村,8,荷苞厝,105之30,雲林縣古坑鄉荷苞村8鄰荷苞厝105之30號,農業設施,206743.43,2618877.62
166201,雲林縣政府,TW,台灣省,雲林縣,古坑鄉,荷苞村,5,荷苞厝,5之20,雲林縣古坑鄉荷苞村5鄰荷苞厝5之20號,農業資材室,207555.66,2618682.92
166201,雲林縣政府,TW,台灣省,雲林縣,古坑鄉,荷苞村,8,荷苞厝,14之8,雲林縣古坑鄉荷苞村8鄰荷苞厝14之8號,農業設施,207045.61,2618518.51
166201,雲林縣政府,TW,台灣省,雲林縣,古坑鄉,荷苞村,8,荷苞厝,109之5,雲林縣古坑鄉荷苞村8鄰荷苞厝109之5號,農業資材室,206564.38,2619183.3
166201,雲林縣政府,TW,台灣省,雲林縣,古坑鄉,華南村,7,華興,31之16,雲林縣古坑鄉華南村7鄰華興31之16號,農業設施,205554.4,2610547.31
166201,雲林縣政府,TW,台灣省,雲林縣,古坑鄉,華山村,11,松林,55之8,雲林縣古坑鄉華山村11鄰松林55之8號,農業設施,208122.55,2609752.77
166201,雲林縣政府,TW,台灣省,雲林縣,古坑鄉,華山村,14,華山,81之12,雲林縣古坑鄉華山村14鄰華山81之12號,農業資材室,207871.17,2610453.88
166201,雲林縣政府,TW,台灣省,雲林縣,古坑鄉,高林村,10,高林,139之3,雲林縣古坑鄉高林村10鄰高林139之3號,農業設施,205905.21,2618784.83
166201,雲林縣政府,TW,台灣省,雲林縣,古坑鄉,高林村,10,高林,140之26,雲林縣古坑鄉高林村10鄰高林140之26號,農業設施,205626.49,2618874.43
166201,雲林縣政府,TW,台灣省,雲林縣,古坑鄉,麻園村,2,中洲,2之2,雲林縣古坑鄉麻園村2鄰中洲2之2號,農業資材室,200750.66,2613821.24
166201,雲林縣政府,TW,台灣省,雲林縣,古坑鄉,麻園村,1,中洲,48之8,雲林縣古坑鄉麻園村1鄰中洲48之8號,農業資材室,200257.68,2614082.93
166201,雲林縣政府,TW,台灣省,雲林縣,古坑鄉,麻園村,4,平和,50,雲林縣古坑鄉麻園村4鄰平和50號,農業設施,201285.3,2614372.32
166201,雲林縣政府,TW,台灣省,雲林縣,古坑鄉,麻園村,7,東耕,12之7,雲林縣古坑鄉麻園村7鄰東耕12之7號,農業資材室,202518.42,2615014.25
166201,雲林縣政府,TW,台灣省,雲林縣,古坑鄉,麻園村,10,麻園,12之6,雲林縣古坑鄉麻園村10鄰麻園12之6號,農業資材室,203316,2615150.27
166201,雲林縣政府,TW,台灣省,雲林縣,古坑鄉,麻園村,8,麻園,26之38,雲林縣古坑鄉麻園村8鄰麻園26之38號,農業資材室,202068.47,2614996.34
166201,雲林縣政府,TW,台灣省,雲林縣,古坑鄉,麻園村,9,麻園,2之2,雲林縣古坑鄉麻園村9鄰麻園2之2號,農業資材室,203495.05,2614925.5
166201,雲林縣政府,TW,台灣省,雲林縣,大埤鄉,吉田村,1,仁和,1之18,雲林縣大埤鄉吉田村1鄰仁和1之18號,集貨包裝場,191367.03,2617623.74
166201,雲林縣政府,TW,台灣省,雲林縣,大埤鄉,大德村,15,前寮,1之1,雲林縣大埤鄉大德村15鄰前寮1之1號,農產加工室,190631.45,2613703.8
166201,雲林縣政府,TW,台灣省,雲林縣,大埤鄉,大德村,15,前寮,36之5,雲林縣大埤鄉大德村15鄰前寮36之5號,農業設施溫室,190618.35,2613956.67
166201,雲林縣政府,TW,台灣省,雲林縣,大埤鄉,大德村,3,大德,27之12,雲林縣大埤鄉大德村3鄰大德27之12號,農業資材室,191298.54,2614982.78
166201,雲林縣政府,TW,台灣省,雲林縣,莿桐鄉,五華村,7,湖內,32之6,雲林縣莿桐鄉五華村7鄰湖內32之6號,資材室,205178.116,2630560.582
166201,雲林縣政府,TW,台灣省,雲林縣,莿桐鄉,六合村,10,新興,11之22,雲林縣莿桐鄉六合村10鄰新興11之22號,農業資材室,204324.485,2627513.098
166201,雲林縣政府,TW,台灣省,雲林縣,莿桐鄉,六合村,7,新興,34之22,雲林縣莿桐鄉六合村7鄰新興34之22號,農業資材室,205134.226,2629000.809
166201,雲林縣政府,TW,台灣省,雲林縣,莿桐鄉,六合村,11,新興,55之7,雲林縣莿桐鄉六合村11鄰新興55之7號,農業設施,203716.32,2628966.81
166201,雲林縣政府,TW,台灣省,雲林縣,莿桐鄉,六合村,14,東興,49之5,雲林縣莿桐鄉六合村14鄰東興49之5號,農業設施,205897.083,2629550.885
166201,雲林縣政府,TW,台灣省,雲林縣,莿桐鄉,四合村,1,園子,6之12,雲林縣莿桐鄉四合村1鄰園子6之12號,農業設施,203459.888,2630213.474
166201,雲林縣政府,TW,台灣省,雲林縣,莿桐鄉,四合村,17,永基,14之23,雲林縣莿桐鄉四合村17鄰永基14之23號,農業設施,201715.544,2630083.464
166201,雲林縣政府,TW,台灣省,雲林縣,莿桐鄉,埔子村,1,埔子,145之2,雲林縣莿桐鄉埔子村1鄰埔子145之2號,農業設施,199440.353,2628218.124
166201,雲林縣政府,TW,台灣省,雲林縣,莿桐鄉,埔子村,17,榮村,25之19,雲林縣莿桐鄉埔子村17鄰榮村25之19號,農業設施,200748.588,2627930.408
166201,雲林縣政府,TW,台灣省,雲林縣,莿桐鄉,埔子村,17,榮村,25之30,雲林縣莿桐鄉埔子村17鄰榮村25之30號,農業設施,200532.56,2627883.82
166201,雲林縣政府,TW,台灣省,雲林縣,莿桐鄉,埔尾村,1,油車,11之10,雲林縣莿桐鄉埔尾村1鄰油車11之10號,農業設施,202983.654,2627306.331
166201,雲林縣政府,TW,台灣省,雲林縣,莿桐鄉,埔尾村,11,油車,154之2,雲林縣莿桐鄉埔尾村11鄰油車154之2號,農業設施,201275.638,2626708.531
166201,雲林縣政府,TW,台灣省,雲林縣,莿桐鄉,埔尾村,2,油車,16之11,雲林縣莿桐鄉埔尾村2鄰油車16之11號,資材室,202830.931,2627023.618
166201,雲林縣政府,TW,台灣省,雲林縣,莿桐鄉,埔尾村,12,油車,78之6,雲林縣莿桐鄉埔尾村12鄰油車78之6號,農業設施,201292.53,2626465.158
166201,雲林縣政府,TW,台灣省,雲林縣,莿桐鄉,大美村,6,大美,21之72,雲林縣莿桐鄉大美村6鄰大美21之72號,農業設施,200385.53,2625838.79
166201,雲林縣政府,TW,台灣省,雲林縣,莿桐鄉,大美村,6,大美,21之9,雲林縣莿桐鄉大美村6鄰大美21之9號,水稻育苗作業室,200034.9,2625844.36
166201,雲林縣政府,TW,台灣省,雲林縣,莿桐鄉,大美村,23,大美,24之73,雲林縣莿桐鄉大美村23鄰大美24之73號,農業資材室,201266.172,2626199.173
166201,雲林縣政府,TW,台灣省,雲林縣,莿桐鄉,大美村,19,溪美,1之32,雲林縣莿桐鄉大美村19鄰溪美1之32號,資材室,199457.62,2626720.84
166201,雲林縣政府,TW,台灣省,雲林縣,莿桐鄉,大美村,13,溪美,11之33,雲林縣莿桐鄉大美村13鄰溪美11之33號,農業資材室,200037.825,2626264.659
166201,雲林縣政府,TW,台灣省,雲林縣,莿桐鄉,大美村,19,溪美,82,雲林縣莿桐鄉大美村19鄰溪美82號,農業資材室,199507.069,2626593.836
166201,雲林縣政府,TW,台灣省,雲林縣,莿桐鄉,大美村,17,溪美,49之9,雲林縣莿桐鄉大美村17鄰溪美49之9號,農業資材室,199727.544,2625853.591
166201,雲林縣政府,TW,台灣省,雲林縣,莿桐鄉,甘厝村,1,甘厝,1之20,雲林縣莿桐鄉甘厝村1鄰甘厝1之20號,農業資材室,198466.335,2628302.462
166201,雲林縣政府,TW,台灣省,雲林縣,莿桐鄉,甘西村,17,中村,1之2,雲林縣莿桐鄉甘西村17鄰中村1之2號,農業資材室,197886.46,2626973
166201,雲林縣政府,TW,台灣省,雲林縣,莿桐鄉,甘西村,12,甘西,175之6,雲林縣莿桐鄉甘西村12鄰甘西175之6號,農業資材室,197206.515,2628576.182
166201,雲林縣政府,TW,台灣省,雲林縣,莿桐鄉,義和村,8,三和,27之30,雲林縣莿桐鄉義和村8鄰三和27之30號,農業設施,198426.326,2630911.798
166201,雲林縣政府,TW,台灣省,雲林縣,莿桐鄉,義和村,5,三和,17之5,雲林縣莿桐鄉義和村5鄰三和17之5號,農業資材室,198855.288,2630631.058
166201,雲林縣政府,TW,台灣省,雲林縣,莿桐鄉,義和村,1,三和,1之20,雲林縣莿桐鄉義和村1鄰三和1之20號,農業設施,199292.441,2630942.369
166201,雲林縣政府,TW,台灣省,雲林縣,莿桐鄉,義和村,1,三和,1之50,雲林縣莿桐鄉義和村1鄰三和1之50號,農業設施,199568.455,2631576.789
166201,雲林縣政府,TW,台灣省,雲林縣,莿桐鄉,義和村,25,三和,150,雲林縣莿桐鄉義和村25鄰三和150號,農業設施,196966.2,2630624.56
166201,雲林縣政府,TW,台灣省,雲林縣,莿桐鄉,義和村,25,三和,170,雲林縣莿桐鄉義和村25鄰三和170號,農業資材室,197300.568,2630943.935
166201,雲林縣政府,TW,台灣省,雲林縣,莿桐鄉,義和村,6,三和,19之17,雲林縣莿桐鄉義和村6鄰三和19之17號,資材室,198883.113,2630347.962
166201,雲林縣政府,TW,台灣省,雲林縣,莿桐鄉,義和村,9,三和,30之8,雲林縣莿桐鄉義和村9鄰三和30之8號,農業設施,198470.58,2630170.117
166201,雲林縣政府,TW,台灣省,雲林縣,莿桐鄉,義和村,25,三和,137之7,雲林縣莿桐鄉義和村25鄰三和137之7號,農業資材室,196957.943,2630134.065
166201,雲林縣政府,TW,台灣省,雲林縣,莿桐鄉,義和村,9,三和,30之7,雲林縣莿桐鄉義和村9鄰三和30之7號,農業資材室,198456.788,2630172.365
166201,雲林縣政府,TW,台灣省,雲林縣,莿桐鄉,義和村,9,三和,29之22,雲林縣莿桐鄉義和村9鄰三和29之22號,農業設施,198285.68,2630934.75
166201,雲林縣政府,TW,台灣省,雲林縣,莿桐鄉,義和村,8,三和,28之2,雲林縣莿桐鄉義和村8鄰三和28之2號,農業資材室,198645.58,2630641.74
166201,雲林縣政府,TW,台灣省,雲林縣,莿桐鄉,義和村,17,和平,15,雲林縣莿桐鄉義和村17鄰和平15號,農業資材室,198586.635,2629896.903
166201,雲林縣政府,TW,台灣省,雲林縣,莿桐鄉,義和村,17,和平,12,雲林縣莿桐鄉義和村17鄰和平12號,農業資材室,198216.725,2629889.775
166201,雲林縣政府,TW,台灣省,雲林縣,莿桐鄉,興桐村,12,振興,125,雲林縣莿桐鄉興桐村12鄰振興125號,農業設施,199124.38,2629313.41
166201,雲林縣政府,TW,台灣省,雲林縣,莿桐鄉,興桐村,1,振興,78之20,雲林縣莿桐鄉興桐村1鄰振興78之20號,資材室,199322.88,2630216.616
166201,雲林縣政府,TW,台灣省,雲林縣,莿桐鄉,興桐村,1,振興,78之5,雲林縣莿桐鄉興桐村1鄰振興78之5號,農業設施,199053.153,2629902.59
166201,雲林縣政府,TW,台灣省,雲林縣,莿桐鄉,興桐村,24,新莊,86之12,雲林縣莿桐鄉興桐村24鄰新莊86之12號,農業設施,197852.569,2629553.05
166201,雲林縣政府,TW,台灣省,雲林縣,莿桐鄉,興貴村,4,興北,63之7,雲林縣莿桐鄉興貴村4鄰興北63之7號,農業資材室,201185.371,2630049.066
166201,雲林縣政府,TW,台灣省,雲林縣,莿桐鄉,興貴村,20,興南,56之7,雲林縣莿桐鄉興貴村20鄰興南56之7號,農業設施,200967.04,2628933.73
166201,雲林縣政府,TW,台灣省,雲林縣,莿桐鄉,麻園村,22,埤寮,3之13,雲林縣莿桐鄉麻園村22鄰埤寮3之13號,農業設施,201384.11,2628766.13
166201,雲林縣政府,TW,台灣省,雲林縣,莿桐鄉,麻園村,22,埤寮,25,雲林縣莿桐鄉麻園村22鄰埤寮25號,農業設施,202780.571,2628153.719
166201,雲林縣政府,TW,台灣省,雲林縣,莿桐鄉,麻園村,22,埤寮,21,雲林縣莿桐鄉麻園村22鄰埤寮21號,農業設施,202668.358,2628109.22
166201,雲林縣政府,TW,台灣省,雲林縣,莿桐鄉,麻園村,22,埤寮,3之3,雲林縣莿桐鄉麻園村22鄰埤寮3之3號,農業資材室,201923.815,2629167.694
166201,雲林縣政府,TW,台灣省,雲林縣,莿桐鄉,麻園村,22,埤寮,51,雲林縣莿桐鄉麻園村22鄰埤寮51號,農業資材室,202027.518,2628004.192
166201,雲林縣政府,TW,台灣省,雲林縣,莿桐鄉,麻園村,22,埤寮,3之19,雲林縣莿桐鄉麻園村22鄰埤寮3之19號,農業資材室,201403.908,2628524.426
166201,雲林縣政府,TW,台灣省,雲林縣,莿桐鄉,麻園村,2,榮貫,18之39,雲林縣莿桐鄉麻園村2鄰榮貫18之39號,農業資材室,201866.517,2629628.461
166201,雲林縣政府,TW,台灣省,雲林縣,莿桐鄉,麻園村,8,榮貫,101之12,雲林縣莿桐鄉麻園村8鄰榮貫101之12號,農業設施,203034.52,2629945.18
166201,雲林縣政府,TW,台灣省,雲林縣,莿桐鄉,麻園村,2,榮貫,18之32,雲林縣莿桐鄉麻園村2鄰榮貫18之32號,農業資材室,202111.7,2629724.46
166201,雲林縣政府,TW,台灣省,雲林縣,莿桐鄉,麻園村,8,榮貫,101之13,雲林縣莿桐鄉麻園村8鄰榮貫101之13號,農業設施,203031.89,2629927.99
166201,雲林縣政府,TW,台灣省,雲林縣,林內鄉,烏塗村,2,瑞和,1之11,雲林縣林內鄉烏塗村2鄰瑞和1之11號,農業資材室,208558.366,2629517.525
166201,雲林縣政府,TW,台灣省,雲林縣,林內鄉,烏塗村,2,瑞和,1之20,雲林縣林內鄉烏塗村2鄰瑞和1之20號,農業資材室,208409.405,2629485.643
166201,雲林縣政府,TW,台灣省,雲林縣,二崙鄉,三和村,15,深坑,1之20,雲林縣二崙鄉三和村15鄰深坑1之20號,此係農業資材室不得作為設籍使用,188226.692,2627197.761
166201,雲林縣政府,TW,台灣省,雲林縣,二崙鄉,三和村,17,深坑,31之56,雲林縣二崙鄉三和村17鄰深坑31之56號,農業資材室不得作為設籍使用,187783.766,2627475.432
166201,雲林縣政府,TW,台灣省,雲林縣,二崙鄉,崙東村,1,張厝,6,雲林縣二崙鄉崙東村1鄰張厝6號,農業資材室不得作為設籍使用,191965.512,2629847.971
166201,雲林縣政府,TW,台灣省,雲林縣,二崙鄉,庄西村,6,公舘,16之30,雲林縣二崙鄉庄西村6鄰公舘16之30號,農業資材室不得作為設籍使用,184798.74,2632619.62
166201,雲林縣政府,TW,台灣省,雲林縣,二崙鄉,永定村,11,尖厝崙,97,雲林縣二崙鄉永定村11鄰尖厝崙97號,此門牌不得作為設籍使用,191093.008,2632118.808
166201,雲林縣政府,TW,台灣省,雲林縣,二崙鄉,田尾村,7,犁份,5之8,雲林縣二崙鄉田尾村7鄰犁份5之8號,為農業資材室不得設籍,191725.209,2628382.647
166201,雲林縣政府,TW,台灣省,雲林縣,二崙鄉,田尾村,16,田尾,157之1,雲林縣二崙鄉田尾村16鄰田尾157之1號,資材室不得作為設籍使用,190828.271,2627945.816
166201,雲林縣政府,TW,台灣省,雲林縣,崙背鄉,羅厝村,18,新嘉,16之36,雲林縣崙背鄉羅厝村18鄰新嘉16之36號,農業資材室不得設籍,185338.68,2629605.29
166201,雲林縣政府,TW,台灣省,雲林縣,崙背鄉,羅厝村,16,東興,282之12,雲林縣崙背鄉羅厝村16鄰東興282之12號,限制該門牌不得作為設籍使用,184915.442,2628279.365
166201,雲林縣政府,TW,台灣省,雲林縣,崙背鄉,羅厝村,17,東興,182之70,雲林縣崙背鄉羅厝村17鄰東興182之70號,限制該門牌不得設籍使用,185440.33,2628949.4
166201,雲林縣政府,TW,台灣省,雲林縣,崙背鄉,羅厝村,17,東興,182之37,雲林縣崙背鄉羅厝村17鄰東興182之37號,限制該門牌不得設籍使用,185447.25,2628603.01
166201,雲林縣政府,TW,台灣省,雲林縣,崙背鄉,羅厝村,17,東興,182之40,雲林縣崙背鄉羅厝村17鄰東興182之40號,限制該門牌不得設籍使用,185472.34,2628525.2
166201,雲林縣政府,TW,台灣省,雲林縣,崙背鄉,草湖村,14,草湖,301之7,雲林縣崙背鄉草湖村14鄰草湖301之7號,農業資材室不得設籍,183133.7,2633159.96
166201,雲林縣政府,TW,台灣省,雲林縣,崙背鄉,草湖村,13,草湖,500之60,雲林縣崙背鄉草湖村13鄰草湖500之60號,限制該門牌不得作為設籍使用,182515.192,2633520.737
166201,雲林縣政府,TW,台灣省,雲林縣,崙背鄉,草湖村,3,草湖,3之10,雲林縣崙背鄉草湖村3鄰草湖3之10號,農業資材室限制該門牌不得作為設籍使,181702.8,2632621.26
166201,雲林縣政府,TW,台灣省,雲林縣,麥寮鄉,三盛村,8,三盛,2之21,雲林縣麥寮鄉三盛村8鄰三盛2之21號,違章建築,174075.405,2633458.081
166201,雲林縣政府,TW,台灣省,雲林縣,麥寮鄉,三盛村,8,三盛,6之1,雲林縣麥寮鄉三盛村8鄰三盛6之1號,違章建築,174818.63,2632817.67
166201,雲林縣政府,TW,台灣省,雲林縣,麥寮鄉,三盛村,8,三盛,6之18,雲林縣麥寮鄉三盛村8鄰三盛6之18號,違章建築,174879.807,2633418.209
166201,雲林縣政府,TW,台灣省,雲林縣,麥寮鄉,三盛村,14,三盛,203之1,雲林縣麥寮鄉三盛村14鄰三盛203之1號,違章建築,174726.48,2632463.13
166201,雲林縣政府,TW,台灣省,雲林縣,麥寮鄉,三盛村,14,三盛,206之5,雲林縣麥寮鄉三盛村14鄰三盛206之5號,違章建築,174661.401,2632497.27
166201,雲林縣政府,TW,台灣省,雲林縣,麥寮鄉,三盛村,14,三盛,206之6,雲林縣麥寮鄉三盛村14鄰三盛206之6號,違章建築,174654.141,2632500.335
166201,雲林縣政府,TW,台灣省,雲林縣,麥寮鄉,三盛村,7,中山,54之278,雲林縣麥寮鄉三盛村7鄰中山54之278號,違章建築,170800.609,2632359.733
166201,雲林縣政府,TW,台灣省,雲林縣,麥寮鄉,三盛村,4,中山,4之28,雲林縣麥寮鄉三盛村4鄰中山4之28號,違章建築,172944,2632136.25
166201,雲林縣政府,TW,台灣省,雲林縣,麥寮鄉,三盛村,7,中山,38之6,雲林縣麥寮鄉三盛村7鄰中山38之6號,違章建築,172744.97,2632507.61
166201,雲林縣政府,TW,台灣省,雲林縣,麥寮鄉,三盛村,4,中山,4之23,雲林縣麥寮鄉三盛村4鄰中山4之23號,違章建築,173064.937,2632137.076
166201,雲林縣政府,TW,台灣省,雲林縣,麥寮鄉,三盛村,4,中山,4之300,雲林縣麥寮鄉三盛村4鄰中山4之300號,違章建築,173317.274,2632110.622
166201,雲林縣政府,TW,台灣省,雲林縣,麥寮鄉,三盛村,7,中山,54之277,雲林縣麥寮鄉三盛村7鄰中山54之277號,違章建築,170806.248,2632357.801
166201,雲林縣政府,TW,台灣省,雲林縣,麥寮鄉,三盛村,7,中山,57之3,雲林縣麥寮鄉三盛村7鄰中山57之3號,違章建築,171504.194,2632998.181
166201,雲林縣政府,TW,台灣省,雲林縣,麥寮鄉,三盛村,7,中山,62之7,雲林縣麥寮鄉三盛村7鄰中山62之7號,違章建築,171842.241,2633444.624
166201,雲林縣政府,TW,台灣省,雲林縣,麥寮鄉,三盛村,3,許厝,70之29,雲林縣麥寮鄉三盛村3鄰許厝70之29號,違章建築,172924.27,2633441.544
166201,雲林縣政府,TW,台灣省,雲林縣,麥寮鄉,三盛村,3,許厝,2之7,雲林縣麥寮鄉三盛村3鄰許厝2之7號,違章建築,172939.59,2632945.96
166201,雲林縣政府,TW,台灣省,雲林縣,麥寮鄉,三盛村,2,許厝,46之11,雲林縣麥寮鄉三盛村2鄰許厝46之11號,違章建築,173084.494,2633189.915
166201,雲林縣政府,TW,台灣省,雲林縣,麥寮鄉,三盛村,2,許厝,46之12,雲林縣麥寮鄉三盛村2鄰許厝46之12號,違章建築,173077.615,2633191.767
166201,雲林縣政府,TW,台灣省,雲林縣,麥寮鄉,三盛村,1,許厝,46之3,雲林縣麥寮鄉三盛村1鄰許厝46之3號,違章建築,173063.567,2633156.646
166201,雲林縣政府,TW,台灣省,雲林縣,麥寮鄉,三盛村,2,許厝,46之7,雲林縣麥寮鄉三盛村2鄰許厝46之7號,違章建築,173078.67,2633180.38
166201,雲林縣政府,TW,台灣省,雲林縣,麥寮鄉,三盛村,2,許厝,49之9,雲林縣麥寮鄉三盛村2鄰許厝49之9號,違章建築,173031.068,2633029.321
166201,雲林縣政府,TW,台灣省,雲林縣,麥寮鄉,崙後村,10,圳寮,8之80,雲林縣麥寮鄉崙後村10鄰圳寮8之80號,違章建築,176743.16,2630862.92
166201,雲林縣政府,TW,台灣省,雲林縣,麥寮鄉,崙後村,2,沙崙後,65之106,雲林縣麥寮鄉崙後村2鄰沙崙後65之106號,違章建築,175973.42,2629786.35
166201,雲林縣政府,TW,台灣省,雲林縣,麥寮鄉,崙後村,8,沙崙後,165之3,雲林縣麥寮鄉崙後村8鄰沙崙後165之3號,違章建築,175504.462,2630133.697
166201,雲林縣政府,TW,台灣省,雲林縣,麥寮鄉,崙後村,2,沙崙後,53之10,雲林縣麥寮鄉崙後村2鄰沙崙後53之10號,違章建築,175365.851,2629821.341
166201,雲林縣政府,TW,台灣省,雲林縣,麥寮鄉,崙後村,1,沙崙後,2之30,雲林縣麥寮鄉崙後村1鄰沙崙後2之30號,違章建築,175280.85,2629624.71
166201,雲林縣政府,TW,台灣省,雲林縣,麥寮鄉,崙後村,9,沙崙後,202之88,雲林縣麥寮鄉崙後村9鄰沙崙後202之88號,違章建築,175884.657,2630559.228
166201,雲林縣政府,TW,台灣省,雲林縣,麥寮鄉,崙後村,11,沙崙後,225之5,雲林縣麥寮鄉崙後村11鄰沙崙後225之5號,違章建築,175273.787,2630422.296
166201,雲林縣政府,TW,台灣省,雲林縣,麥寮鄉,崙後村,14,沙崙後,273之3,雲林縣麥寮鄉崙後村14鄰沙崙後273之3號,違章建築,175014.594,2630373.235
166201,雲林縣政府,TW,台灣省,雲林縣,麥寮鄉,崙後村,14,沙崙後,282之3,雲林縣麥寮鄉崙後村14鄰沙崙後282之3號,違章建築,174899.958,2630330.262
166201,雲林縣政府,TW,台灣省,雲林縣,麥寮鄉,後安村,1,後安,1之93,雲林縣麥寮鄉後安村1鄰後安1之93號,違章建築,172969.607,2631631.457
166201,雲林縣政府,TW,台灣省,雲林縣,麥寮鄉,後安村,12,後安,214之20,雲林縣麥寮鄉後安村12鄰後安214之20號,違章建築,172003.443,2632089.804
166201,雲林縣政府,TW,台灣省,雲林縣,麥寮鄉,新吉村,4,新吉,20之19,雲林縣麥寮鄉新吉村4鄰新吉20之19號,違章建築,176588.114,2633754.043
166201,雲林縣政府,TW,台灣省,雲林縣,麥寮鄉,施厝村,16,施厝,233之30,雲林縣麥寮鄉施厝村16鄰施厝233之30號,違章建築,176726.27,2632491.99
166201,雲林縣政府,TW,台灣省,雲林縣,麥寮鄉,施厝村,5,施厝,123之6,雲林縣麥寮鄉施厝村5鄰施厝123之6號,違章建築,177040.533,2632513.252
166201,雲林縣政府,TW,台灣省,雲林縣,麥寮鄉,施厝村,16,施厝,231之7,雲林縣麥寮鄉施厝村16鄰施厝231之7號,違章建築,176740.782,2632531.533
166201,雲林縣政府,TW,台灣省,雲林縣,麥寮鄉,施厝村,19,施厝,297之8,雲林縣麥寮鄉施厝村19鄰施厝297之8號,違章建築,176822.8,2632776.68
166201,雲林縣政府,TW,台灣省,雲林縣,麥寮鄉,橋頭村,10,橋頭,254之20,雲林縣麥寮鄉橋頭村10鄰橋頭254之20號,違章建築,176013.58,2632519.94
166201,雲林縣政府,TW,台灣省,雲林縣,麥寮鄉,橋頭村,1,橋頭,2之88,雲林縣麥寮鄉橋頭村1鄰橋頭2之88號,違章建築,175842.465,2631468.956
166201,雲林縣政府,TW,台灣省,雲林縣,麥寮鄉,橋頭村,4,橋頭,134之1,雲林縣麥寮鄉橋頭村4鄰橋頭134之1號,違章建築,175918.924,2632245.112
166201,雲林縣政府,TW,台灣省,雲林縣,麥寮鄉,橋頭村,10,橋頭,254之1,雲林縣麥寮鄉橋頭村10鄰橋頭254之1號,違章建築,176038.995,2632545.312
166201,雲林縣政府,TW,台灣省,雲林縣,麥寮鄉,海豐村,6,平和,360之200,雲林縣麥寮鄉海豐村6鄰平和360之200號,違章建築,172532.357,2628341.632
166201,雲林縣政府,TW,台灣省,雲林縣,麥寮鄉,海豐村,8,永和,40之165,雲林縣麥寮鄉海豐村8鄰永和40之165號,違章建築,172556.22,2630894.12
166201,雲林縣政府,TW,台灣省,雲林縣,麥寮鄉,海豐村,12,義和,13之12,雲林縣麥寮鄉海豐村12鄰義和13之12號,違章建築,172822.821,2629174.094
166201,雲林縣政府,TW,台灣省,雲林縣,麥寮鄉,海豐村,12,義和,24之75,雲林縣麥寮鄉海豐村12鄰義和24之75號,違章建築,172468.632,2629063.05
166201,雲林縣政府,TW,台灣省,雲林縣,麥寮鄉,瓦磘村,14,霄仁,133之55,雲林縣麥寮鄉瓦磘村14鄰霄仁133之55號,違章建築,175451.101,2627150.936
166201,雲林縣政府,TW,台灣省,雲林縣,麥寮鄉,瓦磘村,4,瓦磘,59之42,雲林縣麥寮鄉瓦磘村4鄰瓦磘59之42號,違章建築,175014.219,2629174.237
166201,雲林縣政府,TW,台灣省,雲林縣,麥寮鄉,瓦磘村,13,霄仁,98之1,雲林縣麥寮鄉瓦磘村13鄰霄仁98之1號,違章建築,175864.892,2627833.342
166201,雲林縣政府,TW,台灣省,雲林縣,麥寮鄉,興華村,6,忠興,10之36,雲林縣麥寮鄉興華村6鄰忠興10之36號,違章建築,176620.017,2629292.927
166201,雲林縣政府,TW,台灣省,雲林縣,麥寮鄉,興華村,6,忠興,2之150,雲林縣麥寮鄉興華村6鄰忠興2之150號,違章建築,176483.113,2629049.817
166201,雲林縣政府,TW,台灣省,雲林縣,麥寮鄉,興華村,5,興化,132,雲林縣麥寮鄉興華村5鄰興化132號,違章建築,177621.326,2628884.55
166201,雲林縣政府,TW,台灣省,雲林縣,麥寮鄉,麥豐村,2,興化寮,100之12,雲林縣麥寮鄉麥豐村2鄰興化寮100之12號,違章建築,174482.599,2626647.311
166201,雲林縣政府,TW,台灣省,雲林縣,麥寮鄉,麥豐村,1,興化寮,1之46,雲林縣麥寮鄉麥豐村1鄰興化寮1之46號,違章建築,175332.661,2625920.337
166201,雲林縣政府,TW,台灣省,雲林縣,麥寮鄉,麥豐村,1,興化寮,1之89,雲林縣麥寮鄉麥豐村1鄰興化寮1之89號,違章建築,175206.479,2626090.709
166201,雲林縣政府,TW,台灣省,雲林縣,麥寮鄉,麥豐村,1,興化寮,5之72,雲林縣麥寮鄉麥豐村1鄰興化寮5之72號,違章建築,175501.351,2627003.987
166201,雲林縣政府,TW,台灣省,雲林縣,麥寮鄉,麥豐村,1,興化寮,30之30,雲林縣麥寮鄉麥豐村1鄰興化寮30之30號,違章建築,175185.073,2626230.466
166201,雲林縣政府,TW,台灣省,雲林縣,麥寮鄉,海豐村,6,平和,63,雲林縣麥寮鄉海豐村6鄰平和63號,農資室禁設戶籍,172164.36,2628514.79
166201,雲林縣政府,TW,台灣省,雲林縣,麥寮鄉,瓦磘村,4,瓦磘,159之200,雲林縣麥寮鄉瓦磘村4鄰瓦磘159之200號,農業資材室禁設戶籍,175506.36,2628994.34
166201,雲林縣政府,TW,台灣省,雲林縣,褒忠鄉,中民村,2,大部,72之10,雲林縣褒忠鄉中民村2鄰大部72之10號,農業設施不得設籍,181029.69,2622676.38
166201,雲林縣政府,TW,台灣省,雲林縣,褒忠鄉,新湖村,7,新湖,98之2,雲林縣褒忠鄉新湖村7鄰新湖98之2號,農業用溫室,177825.04,2622351.44
166201,雲林縣政府,TW,台灣省,雲林縣,褒忠鄉,有才村,8,北興,1之36,雲林縣褒忠鄉有才村8鄰北興1之36號,農業設施不得設籍,177665.49,2626344.83
166201,雲林縣政府,TW,台灣省,雲林縣,褒忠鄉,潮厝村,4,潮厝,29之7,雲林縣褒忠鄉潮厝村4鄰潮厝29之7號,農業用溫室,181471.09,2623253.18
166201,雲林縣政府,TW,台灣省,雲林縣,褒忠鄉,潮厝村,12,王厝,59之18,雲林縣褒忠鄉潮厝村12鄰王厝59之18號,農業用溫室,181783.81,2626516.14
166201,雲林縣政府,TW,台灣省,雲林縣,褒忠鄉,潮厝村,12,王厝,59之16,雲林縣褒忠鄉潮厝村12鄰王厝59之16號,農業用溫室,181763.84,2626435.45
166201,雲林縣政府,TW,台灣省,雲林縣,褒忠鄉,馬鳴村,14,勝平,30之6,雲林縣褒忠鄉馬鳴村14鄰勝平30之6號,農業用溫室,178476.379,2621588.057
166201,雲林縣政府,TW,台灣省,雲林縣,褒忠鄉,馬鳴村,10,泰安,3之9,雲林縣褒忠鄉馬鳴村10鄰泰安3之9號,農業設施不得設籍,177867.47,2621322.49
166201,雲林縣政府,TW,台灣省,雲林縣,褒忠鄉,馬鳴村,10,泰安,3之10,雲林縣褒忠鄉馬鳴村10鄰泰安3之10號,農業設施不得設籍,177865.61,2621301.98
166201,雲林縣政府,TW,台灣省,雲林縣,褒忠鄉,馬鳴村,13,泰安,26之5,雲林縣褒忠鄉馬鳴村13鄰泰安26之5號,農業用溫室,177883.576,2620989.022
166201,雲林縣政府,TW,台灣省,雲林縣,褒忠鄉,馬鳴村,13,泰安,28之2,雲林縣褒忠鄉馬鳴村13鄰泰安28之2號,農業用溫室,178097.4,2620801.493
166201,雲林縣政府,TW,台灣省,雲林縣,臺西鄉,五榔村,1,五榔,14之26,雲林縣臺西鄉五榔村1鄰五榔14之26號,農業資材室不得設籍,171436.24,2621773.28
166201,雲林縣政府,TW,台灣省,雲林縣,臺西鄉,五榔村,1,五榔,14之30,雲林縣臺西鄉五榔村1鄰五榔14之30號,農業資材室不得設籍,171553.06,2621726.85
166201,雲林縣政府,TW,台灣省,雲林縣,臺西鄉,五榔村,1,五榔,14之50,雲林縣臺西鄉五榔村1鄰五榔14之50號,農業資材室不得設籍,171245.65,2621485.17
166201,雲林縣政府,TW,台灣省,雲林縣,臺西鄉,五榔村,5,五榔,168之5,雲林縣臺西鄉五榔村5鄰五榔168之5號,農業資材室不得設籍,170717.27,2620795.62
166201,雲林縣政府,TW,台灣省,雲林縣,臺西鄉,五榔村,1,五榔,14之80,雲林縣臺西鄉五榔村1鄰五榔14之80號,農業資材室不得設籍,171390.45,2621563.81
166201,雲林縣政府,TW,台灣省,雲林縣,臺西鄉,五榔村,1,五榔,14之60,雲林縣臺西鄉五榔村1鄰五榔14之60號,農業資材室不得設籍,171366.66,2621400.14
166201,雲林縣政府,TW,台灣省,雲林縣,臺西鄉,五榔村,1,五榔,14之31,雲林縣臺西鄉五榔村1鄰五榔14之31號,農業資材室不得設籍,171518.14,2621742.52
166201,雲林縣政府,TW,台灣省,雲林縣,臺西鄉,光華村,1,光華,100之25,雲林縣臺西鄉光華村1鄰光華100之25號,農業資材室不得設籍,169493.42,2621600.35
166201,雲林縣政府,TW,台灣省,雲林縣,臺西鄉,光華村,7,光華,63之60,雲林縣臺西鄉光華村7鄰光華63之60號,農業資材室不得設籍,168872.88,2620933.49
166201,雲林縣政府,TW,台灣省,雲林縣,臺西鄉,光華村,1,光華,1之88,雲林縣臺西鄉光華村1鄰光華1之88號,農業資材室不得設籍,170007.42,2621271.06
166201,雲林縣政府,TW,台灣省,雲林縣,臺西鄉,光華村,1,光華,1之76,雲林縣臺西鄉光華村1鄰光華1之76號,農業資材室不得設籍,169713.84,2621291.3
166201,雲林縣政府,TW,台灣省,雲林縣,臺西鄉,和豐村,25,保安林,1之21,雲林縣臺西鄉和豐村25鄰保安林1之21號,違建,172371.742,2626206.024
166201,雲林縣政府,TW,台灣省,雲林縣,臺西鄉,和豐村,25,保安林,1之2,雲林縣臺西鄉和豐村25鄰保安林1之2號,違建,172480.5,2626220.71
166201,雲林縣政府,TW,台灣省,雲林縣,臺西鄉,和豐村,25,保安林,1之27,雲林縣臺西鄉和豐村25鄰保安林1之27號,違建,172497.437,2626228.922
166201,雲林縣政府,TW,台灣省,雲林縣,臺西鄉,和豐村,33,保安林,14之16,雲林縣臺西鄉和豐村33鄰保安林14之16號,違建,172825.907,2626284.127
166201,雲林縣政府,TW,台灣省,雲林縣,臺西鄉,和豐村,33,保安林,14之25,雲林縣臺西鄉和豐村33鄰保安林14之25號,違建,172707.784,2626387.702
166201,雲林縣政府,TW,台灣省,雲林縣,臺西鄉,和豐村,33,保安林,14之47,雲林縣臺西鄉和豐村33鄰保安林14之47號,違建,172726.525,2626307.292
166201,雲林縣政府,TW,台灣省,雲林縣,臺西鄉,和豐村,33,保安林,14之55,雲林縣臺西鄉和豐村33鄰保安林14之55號,違建,172693.741,2626288.996
166201,雲林縣政府,TW,台灣省,雲林縣,臺西鄉,和豐村,33,保安林,14之61,雲林縣臺西鄉和豐村33鄰保安林14之61號,違建,172673.189,2626273.45
166201,雲林縣政府,TW,台灣省,雲林縣,臺西鄉,和豐村,19,公館,50之15,雲林縣臺西鄉和豐村19鄰公館50之15號,農業資材室不得設籍,170730.45,2625473.66
166201,雲林縣政府,TW,台灣省,雲林縣,臺西鄉,和豐村,19,公館,24之8,雲林縣臺西鄉和豐村19鄰公館24之8號,農業資材室不得設籍,170228.86,2625727.52
166201,雲林縣政府,TW,台灣省,雲林縣,臺西鄉,和豐村,26,復興,56之20,雲林縣臺西鄉和豐村26鄰復興56之20號,農業資材室不得設籍,170891.299,2626692.619
166201,雲林縣政府,TW,台灣省,雲林縣,臺西鄉,和豐村,26,復興,56之30,雲林縣臺西鄉和豐村26鄰復興56之30號,農業資材室不得設籍,171132.28,2626676.28
166201,雲林縣政府,TW,台灣省,雲林縣,臺西鄉,和豐村,26,復興,124之5,雲林縣臺西鄉和豐村26鄰復興124之5號,農業資材室不得設籍,170055.34,2626521.93
166201,雲林縣政府,TW,台灣省,雲林縣,臺西鄉,和豐村,25,新興,52之3,雲林縣臺西鄉和豐村25鄰新興52之3號,農業資材室不得設籍,171383.52,2625950.13
166201,雲林縣政府,TW,台灣省,雲林縣,臺西鄉,和豐村,25,新興,46之15,雲林縣臺西鄉和豐村25鄰新興46之15號,農業資材室不得設籍,171667.289,2626406.865
166201,雲林縣政府,TW,台灣省,雲林縣,臺西鄉,和豐村,25,新興,46之7,雲林縣臺西鄉和豐村25鄰新興46之7號,農業資材室不得設籍,171554.62,2625956.93
166201,雲林縣政府,TW,台灣省,雲林縣,臺西鄉,和豐村,25,新興,46之5,雲林縣臺西鄉和豐村25鄰新興46之5號,農業資材室不得設籍,171561.23,2625954.02
166201,雲林縣政府,TW,台灣省,雲林縣,臺西鄉,和豐村,25,新興,46之10,雲林縣臺西鄉和豐村25鄰新興46之10號,農業資材室不得設籍,171534.51,2625963.02
166201,雲林縣政府,TW,台灣省,雲林縣,臺西鄉,和豐村,31,萬興,22之29,雲林縣臺西鄉和豐村31鄰萬興22之29號,農業資材室不得設籍,172032.34,2624631.48
166201,雲林縣政府,TW,台灣省,雲林縣,臺西鄉,和豐村,31,萬興,22之20,雲林縣臺西鄉和豐村31鄰萬興22之20號,農業資材室不得設籍,172174.02,2624524.83
166201,雲林縣政府,TW,台灣省,雲林縣,臺西鄉,和豐村,31,萬興,31之26,雲林縣臺西鄉和豐村31鄰萬興31之26號,農業資材室不得設籍,171854.388,2625202.755
166201,雲林縣政府,TW,台灣省,雲林縣,臺西鄉,和豐村,31,萬興,31之17,雲林縣臺西鄉和豐村31鄰萬興31之17號,農業資材室不得設籍,172031.7,2625142.04
166201,雲林縣政府,TW,台灣省,雲林縣,臺西鄉,和豐村,29,萬興,1之92,雲林縣臺西鄉和豐村29鄰萬興1之92號,農業資材室不得設籍,171735.91,2624043.3
166201,雲林縣政府,TW,台灣省,雲林縣,臺西鄉,和豐村,29,萬興,1之77,雲林縣臺西鄉和豐村29鄰萬興1之77號,農業資材室不得設籍,171961.87,2624235.39
166201,雲林縣政府,TW,台灣省,雲林縣,臺西鄉,和豐村,33,萬興,170,雲林縣臺西鄉和豐村33鄰萬興170號,農業資材室不得設籍,172309.73,2625719.87
166201,雲林縣政府,TW,台灣省,雲林縣,臺西鄉,和豐村,29,萬興,1之83,雲林縣臺西鄉和豐村29鄰萬興1之83號,農業資材室不得設籍,171700.73,2624095.3
166201,雲林縣政府,TW,台灣省,雲林縣,臺西鄉,和豐村,31,萬興,22之30,雲林縣臺西鄉和豐村31鄰萬興22之30號,農業資材室不得設籍,172035.034,2624685.353
166201,雲林縣政府,TW,台灣省,雲林縣,臺西鄉,和豐村,33,萬興,131之7,雲林縣臺西鄉和豐村33鄰萬興131之7號,違建,172373.636,2625897.139
166201,雲林縣政府,TW,台灣省,雲林縣,臺西鄉,富琦村,14,三和,1之82,雲林縣臺西鄉富琦村14鄰三和1之82號,農業資材室不得設藉,171696.08,2624127.863
166201,雲林縣政府,TW,台灣省,雲林縣,臺西鄉,富琦村,18,三和,23之12,雲林縣臺西鄉富琦村18鄰三和23之12號,農業資材室不得設籍,170349.19,2622992.38
166201,雲林縣政府,TW,台灣省,雲林縣,臺西鄉,富琦村,15,三和,18之10,雲林縣臺西鄉富琦村15鄰三和18之10號,農業資材室不得設籍,170989.02,2623001.87
166201,雲林縣政府,TW,台灣省,雲林縣,臺西鄉,富琦村,15,三和,19之20,雲林縣臺西鄉富琦村15鄰三和19之20號,農業資材室不得設籍,170984.26,2622925.67
166201,雲林縣政府,TW,台灣省,雲林縣,臺西鄉,富琦村,19,三和,20之25,雲林縣臺西鄉富琦村19鄰三和20之25號,農業資材室不得設籍,170712.24,2623184.14
166201,雲林縣政府,TW,台灣省,雲林縣,臺西鄉,富琦村,14,三和,1之32,雲林縣臺西鄉富琦村14鄰三和1之32號,農業資材室不得設籍,171470.19,2624022.1
166201,雲林縣政府,TW,台灣省,雲林縣,臺西鄉,富琦村,15,三和,19之23,雲林縣臺西鄉富琦村15鄰三和19之23號,農業資材室不得設籍,170959.92,2622933.6
166201,雲林縣政府,TW,台灣省,雲林縣,臺西鄉,富琦村,21,三和,39之20,雲林縣臺西鄉富琦村21鄰三和39之20號,農業資材室不得設籍,170833.17,2623456.7
166201,雲林縣政府,TW,台灣省,雲林縣,臺西鄉,富琦村,14,三和,1之31,雲林縣臺西鄉富琦村14鄰三和1之31號,農業資材室不得設籍,171334.72,2623724.18
166201,雲林縣政府,TW,台灣省,雲林縣,臺西鄉,富琦村,14,三和,1之30,雲林縣臺西鄉富琦村14鄰三和1之30號,農業資材室不得設籍,171315.67,2623735.82
166201,雲林縣政府,TW,台灣省,雲林縣,臺西鄉,富琦村,15,三和,19之25,雲林縣臺西鄉富琦村15鄰三和19之25號,農業資材室不得設籍,170946.69,2622937.31
166201,雲林縣政府,TW,台灣省,雲林縣,臺西鄉,山寮村,5,山寮,39之5,雲林縣臺西鄉山寮村5鄰山寮39之5號,農業資材室不得設籍,170172.35,2622277.56
166201,雲林縣政府,TW,台灣省,雲林縣,臺西鄉,山寮村,1,山寮,1之10,雲林縣臺西鄉山寮村1鄰山寮1之10號,農業資材室不得設籍,170078.18,2622030.73
166201,雲林縣政府,TW,台灣省,雲林縣,臺西鄉,山寮村,5,山寮,39之6,雲林縣臺西鄉山寮村5鄰山寮39之6號,農業資材室不得設籍,170175,2622282.85
166201,雲林縣政府,TW,台灣省,雲林縣,臺西鄉,山寮村,1,山寮,1之8,雲林縣臺西鄉山寮村1鄰山寮1之8號,農業資材室不得設籍,170078.18,2622037.74
166201,雲林縣政府,TW,台灣省,雲林縣,臺西鄉,溪頂村,4,溪頂,47之42,雲林縣臺西鄉溪頂村4鄰溪頂47之42號,農業資材室不得設籍,167515.11,2618984.35
166201,雲林縣政府,TW,台灣省,雲林縣,臺西鄉,溪頂村,4,溪頂,47之43,雲林縣臺西鄉溪頂村4鄰溪頂47之43號,農業資材室不得設籍,167506.88,2618963.16
166201,雲林縣政府,TW,台灣省,雲林縣,臺西鄉,溪頂村,24,溪頂,184之20,雲林縣臺西鄉溪頂村24鄰溪頂184之20號,農業資材室不得設籍,166926.65,2620760.18
166201,雲林縣政府,TW,台灣省,雲林縣,臺西鄉,溪頂村,3,溪頂,42之100,雲林縣臺西鄉溪頂村3鄰溪頂42之100號,農業資材室不得設籍,168307.16,2619479.79
166201,雲林縣政府,TW,台灣省,雲林縣,臺西鄉,溪頂村,3,溪頂,42之75,雲林縣臺西鄉溪頂村3鄰溪頂42之75號,農業資材室不得設籍,167623.37,2619661.22
166201,雲林縣政府,TW,台灣省,雲林縣,臺西鄉,溪頂村,3,溪頂,42之52,雲林縣臺西鄉溪頂村3鄰溪頂42之52號,農業資材室不得設籍,167379.337,2619685.458
166201,雲林縣政府,TW,台灣省,雲林縣,臺西鄉,溪頂村,23,溪頂,183之9,雲林縣臺西鄉溪頂村23鄰溪頂183之9號,違章建築,167161.047,2621477.461
166201,雲林縣政府,TW,台灣省,雲林縣,臺西鄉,牛厝村,13,成功,172之10,雲林縣臺西鄉牛厝村13鄰成功172之10號,農業資材室不得設籍,170328.42,2619103.62
166201,雲林縣政府,TW,台灣省,雲林縣,臺西鄉,牛厝村,19,成功,166之12,雲林縣臺西鄉牛厝村19鄰成功166之12號,農業資材室不得設籍,169714.425,2618995.833
166201,雲林縣政府,TW,台灣省,雲林縣,臺西鄉,牛厝村,22,舊泉州,1之50,雲林縣臺西鄉牛厝村22鄰舊泉州1之50號,農業資材室不得設籍,169012.92,2619846.22
166201,雲林縣政府,TW,台灣省,雲林縣,臺西鄉,牛厝村,22,舊泉州,1之25,雲林縣臺西鄉牛厝村22鄰舊泉州1之25號,農業資材室不得設籍,168722.67,2619771.88
166201,雲林縣政府,TW,台灣省,雲林縣,臺西鄉,蚊港村,15,三姓,17之20,雲林縣臺西鄉蚊港村15鄰三姓17之20號,菓菜集散場,170995.52,2627338.43
166201,雲林縣政府,TW,台灣省,雲林縣,臺西鄉,蚊港村,21,三姓,168之5,雲林縣臺西鄉蚊港村21鄰三姓168之5號,農業資材室不得設籍,172259.99,2626711.59
166201,雲林縣政府,TW,台灣省,雲林縣,臺西鄉,蚊港村,21,三姓,109之50,雲林縣臺西鄉蚊港村21鄰三姓109之50號,農業資材室不得設籍,172418.111,2627000.761
166201,雲林縣政府,TW,台灣省,雲林縣,臺西鄉,蚊港村,21,三姓,100之2,雲林縣臺西鄉蚊港村21鄰三姓100之2號,農業資材室不得設籍,172031.72,2627079.93
166201,雲林縣政府,TW,台灣省,雲林縣,臺西鄉,蚊港村,21,三姓,100之1,雲林縣臺西鄉蚊港村21鄰三姓100之1號,農業資材室不得設籍,171568.32,2627725.95
166201,雲林縣政府,TW,台灣省,雲林縣,臺西鄉,蚊港村,1,蚊港,14之26,雲林縣臺西鄉蚊港村1鄰蚊港14之26號,農業資材室不得設籍,170349.063,2627877.454
166201,雲林縣政府,TW,台灣省,雲林縣,臺西鄉,蚊港村,1,蚊港,15之22,雲林縣臺西鄉蚊港村1鄰蚊港15之22號,有人居住違章建築,169808.915,2628134.383
166201,雲林縣政府,TW,台灣省,雲林縣,臺西鄉,牛厝村,23,舊泉州,9之16,雲林縣臺西鄉牛厝村23鄰舊泉州9之16號,農業資材室不得設籍,169820.45,2619198.66
166201,雲林縣政府,TW,台灣省,雲林縣,元長鄉,五塊村,16,北水,135,雲林縣元長鄉五塊村16鄰北水135號,農業資材室,176812.41,2619255.02
166201,雲林縣政府,TW,台灣省,雲林縣,元長鄉,五塊村,16,北水,27之20,雲林縣元長鄉五塊村16鄰北水27之20號,農業資材室,177231.97,2618337.57
166201,雲林縣政府,TW,台灣省,雲林縣,元長鄉,五塊村,13,北水,41,雲林縣元長鄉五塊村13鄰北水41號,農業資材室,176549.776,2617630.352
166201,雲林縣政府,TW,台灣省,雲林縣,元長鄉,五塊村,7,北水,80,雲林縣元長鄉五塊村7鄰北水80號,農業資材室,176670.88,2617784.99
166201,雲林縣政府,TW,台灣省,雲林縣,元長鄉,合和村,1,三房,1之1,雲林縣元長鄉合和村1鄰三房1之1號,農業資材室,179469.394,2618253.716
166201,雲林縣政府,TW,台灣省,雲林縣,元長鄉,合和村,4,三房,46之7,雲林縣元長鄉合和村4鄰三房46之7號,農業資材室,178987.99,2618202.91
166201,雲林縣政府,TW,台灣省,雲林縣,元長鄉,子茂村,2,子茂,16之18,雲林縣元長鄉子茂村2鄰子茂16之18號,農牧用地溫室,182318.7,2617088.18
166201,雲林縣政府,TW,台灣省,雲林縣,元長鄉,客厝村,7,客厝,34之50,雲林縣元長鄉客厝村7鄰客厝34之50號,農業資材室,182521.32,2613454.75
166201,雲林縣政府,TW,台灣省,雲林縣,元長鄉,山內村,9,古松,26之6,雲林縣元長鄉山內村9鄰古松26之6號,農業資材室,180380.84,2619329.68
166201,雲林縣政府,TW,台灣省,雲林縣,元長鄉,山內村,11,安務,30之2,雲林縣元長鄉山內村11鄰安務30之2號,農業資材室,179953.775,2618860.402
166201,雲林縣政府,TW,台灣省,雲林縣,元長鄉,後湖村,5,後湖,5之19,雲林縣元長鄉後湖村5鄰後湖5之19號,違章建築,182037.602,2620663.858
166201,雲林縣政府,TW,台灣省,雲林縣,元長鄉,後湖村,7,後湖,70之5,雲林縣元長鄉後湖村7鄰後湖70之5號,農業資材室,181244.69,2621443.73
166201,雲林縣政府,TW,台灣省,雲林縣,元長鄉,後湖村,7,後湖,43之13,雲林縣元長鄉後湖村7鄰後湖43之13號,農業資材室,181310.061,2620713.291
166201,雲林縣政府,TW,台灣省,雲林縣,元長鄉,後湖村,8,溪底,260,雲林縣元長鄉後湖村8鄰溪底260號,農業資材室,180777.892,2620843.528
166201,雲林縣政府,TW,台灣省,雲林縣,元長鄉,潭西村,4,潭內,180,雲林縣元長鄉潭西村4鄰潭內180號,農業資材室,176783.48,2616214.81
166201,雲林縣政府,TW,台灣省,雲林縣,元長鄉,潭西村,12,潭內,148之3,雲林縣元長鄉潭西村12鄰潭內148之3號,農業資材室,177355.98,2615185.31
166201,雲林縣政府,TW,台灣省,雲林縣,元長鄉,西莊村,10,西庄,380,雲林縣元長鄉西莊村10鄰西庄380號,農業資材室,178979.017,2612422.461
166201,雲林縣政府,TW,台灣省,雲林縣,元長鄉,西莊村,12,西庄,300之8,雲林縣元長鄉西莊村12鄰西庄300之8號,農業資材室,179151.17,2614522.52
166201,雲林縣政府,TW,台灣省,雲林縣,元長鄉,西莊村,10,西庄,9之17,雲林縣元長鄉西莊村10鄰西庄9之17號,農業資材室,179589.33,2613045.38
166201,雲林縣政府,TW,台灣省,雲林縣,元長鄉,西莊村,10,西庄,2之28,雲林縣元長鄉西莊村10鄰西庄2之28號,農業資材室,179570.98,2613552.43
166201,雲林縣政府,TW,台灣省,雲林縣,元長鄉,頂寮村,8,頂寮,80之6,雲林縣元長鄉頂寮村8鄰頂寮80之6號,農業資材室,181641.35,2613909
166201,雲林縣政府,TW,台灣省,雲林縣,元長鄉,龍岩村,2,龍岩,20之122,雲林縣元長鄉龍岩村2鄰龍岩20之122號,農業資材室,180468.88,2612213.68
166201,雲林縣政府,TW,台灣省,雲林縣,元長鄉,龍岩村,13,龍岩,142之10,雲林縣元長鄉龍岩村13鄰龍岩142之10號,農業資材室,180226.34,2613903.12
166201,雲林縣政府,TW,台灣省,雲林縣,元長鄉,後湖村,8,溪底,87之1,雲林縣元長鄉後湖村8鄰溪底87之1號,農牧用地豬舍,180329.05,2621001.57
166201,雲林縣政府,TW,台灣省,雲林縣,口湖鄉,台子村,5,蚶寮,124之18,雲林縣口湖鄉台子村5鄰蚶寮124之18號,農業設施不得設籍,163803.45,2604740.44
166201,雲林縣政府,TW,台灣省,雲林縣,口湖鄉,台子村,5,蚶寮,125之1,雲林縣口湖鄉台子村5鄰蚶寮125之1號,農業設施不得設籍,163662.99,2604639.06
166201,雲林縣政府,TW,台灣省,雲林縣,口湖鄉,埔北村,11,林圍,80,雲林縣口湖鄉埔北村11鄰林圍80號,農業設施不得設籍,167967.5,2613057.55
166201,雲林縣政府,TW,台灣省,雲林縣,口湖鄉,埔北村,5,沙崙,20之16,雲林縣口湖鄉埔北村5鄰沙崙20之16號,溫室不得設籍使用,166711.35,2612999.89
166201,雲林縣政府,TW,台灣省,雲林縣,口湖鄉,埔北村,4,沙崙,7之42,雲林縣口湖鄉埔北村4鄰沙崙7之42號,溫室不得設籍使用,166923.86,2612832.17
166201,雲林縣政府,TW,台灣省,雲林縣,口湖鄉,埔北村,4,沙崙,7之20,雲林縣口湖鄉埔北村4鄰沙崙7之20號,溫室不得設籍使用,167055.44,2612519.15
166201,雲林縣政府,TW,台灣省,雲林縣,口湖鄉,埔北村,5,沙崙,20之15,雲林縣口湖鄉埔北村5鄰沙崙20之15號,雞舍不得設籍使用,166776.703,2612925.618
166201,雲林縣政府,TW,台灣省,雲林縣,口湖鄉,埔北村,5,沙崙,21之20,雲林縣口湖鄉埔北村5鄰沙崙21之20號,農業設施不得設籍,166525.9,2613392.61
166201,雲林縣政府,TW,台灣省,雲林縣,口湖鄉,埔北村,4,沙崙,7之26,雲林縣口湖鄉埔北村4鄰沙崙7之26號,溫室不得設籍使用,166484.62,2612607.07
166201,雲林縣政府,TW,台灣省,雲林縣,口湖鄉,埔北村,4,沙崙,7之36,雲林縣口湖鄉埔北村4鄰沙崙7之36號,雞舍不得設籍使用,166716.974,2612727.949
166201,雲林縣政府,TW,台灣省,雲林縣,口湖鄉,埔北村,4,沙崙,7之37,雲林縣口湖鄉埔北村4鄰沙崙7之37號,雞舍不得設籍使用,166712.212,2612707.312
166201,雲林縣政府,TW,台灣省,雲林縣,口湖鄉,埔北村,5,沙崙,22之10,雲林縣口湖鄉埔北村5鄰沙崙22之10號,溫室不得設籍使用,166916.237,2613017.75
166201,雲林縣政府,TW,台灣省,雲林縣,口湖鄉,埔北村,4,沙崙,7之22,雲林縣口湖鄉埔北村4鄰沙崙7之22號,豬舍不得設籍,166201.11,2612529.89
166201,雲林縣政府,TW,台灣省,雲林縣,口湖鄉,埔北村,4,沙崙,7之17,雲林縣口湖鄉埔北村4鄰沙崙7之17號,農業設施不得設籍,166154.05,2612377.6
166201,雲林縣政府,TW,台灣省,雲林縣,口湖鄉,埔北村,4,沙崙,7之60,雲林縣口湖鄉埔北村4鄰沙崙7之60號,農業設施不得設籍,165902.58,2612183.21
166201,雲林縣政府,TW,台灣省,雲林縣,口湖鄉,埔南村,5,外埔,61之10,雲林縣口湖鄉埔南村5鄰外埔61之10號,養殖室不得設籍使用,167916.699,2610742.577
166201,雲林縣政府,TW,台灣省,雲林縣,口湖鄉,埔南村,9,外埔,130之6,雲林縣口湖鄉埔南村9鄰外埔130之6號,溫室不得設籍使用,167157.7,2611491.41
166201,雲林縣政府,TW,台灣省,雲林縣,口湖鄉,後厝村,9,後厝,臨165之1,雲林縣口湖鄉後厝村9鄰後厝臨165之1號,養殖室不得設籍,167868.43,2603909.76
166201,雲林縣政府,TW,台灣省,雲林縣,口湖鄉,後厝村,5,後厝,59之2,雲林縣口湖鄉後厝村5鄰後厝59之2號,溫室不得設籍使用,168274.564,2604861.687
166201,雲林縣政府,TW,台灣省,雲林縣,口湖鄉,湖口村,5,湖口,156之36,雲林縣口湖鄉湖口村5鄰湖口156之36號,農業設施不得設籍,165919.59,2603822.33
166201,雲林縣政府,TW,台灣省,雲林縣,口湖鄉,謝厝村,9,拔拉,46,雲林縣口湖鄉謝厝村9鄰拔拉46號,房屋已拆除民國102年9月18日註記,167471.53,2608428.32
166201,雲林縣政府,TW,台灣省,雲林縣,口湖鄉,謝厝村,8,拔拉,67之2,雲林縣口湖鄉謝厝村8鄰拔拉67之2號,農業設施不得設籍,167522.71,2608224.89
166201,雲林縣政府,TW,台灣省,雲林縣,口湖鄉,過港村,7,過港,201之137,雲林縣口湖鄉過港村7鄰過港201之137號,農業設施不得設籍,166569.24,2607077.09
166201,雲林縣政府,TW,台灣省,雲林縣,口湖鄉,過港村,7,過港,201之138,雲林縣口湖鄉過港村7鄰過港201之138號,農業設施不得設籍,166488.54,2607115.37
166201,雲林縣政府,TW,台灣省,雲林縣,口湖鄉,過港村,7,過港,201之136,雲林縣口湖鄉過港村7鄰過港201之136號,農業設施不得設籍,166500.42,2606994.38
166201,雲林縣政府,TW,台灣省,雲林縣,水林鄉,土厝村,14,大庄,62,雲林縣水林鄉土厝村14鄰大庄62號,農業設施不得設籍,175442.34,2607796.61
166201,雲林縣政府,TW,台灣省,雲林縣,水林鄉,土厝村,13,大庄,44之2,雲林縣水林鄉土厝村13鄰大庄44之2號,土厝變電所,175562.152,2607212.825
166201,雲林縣政府,TW,台灣省,雲林縣,水林鄉,土厝村,16,王厝寮,23之86,雲林縣水林鄉土厝村16鄰王厝寮23之86號,農業設施不得設籍,174862.91,2607829.54
166201,雲林縣政府,TW,台灣省,雲林縣,水林鄉,塭底村,8,塭底,77之6,雲林縣水林鄉塭底村8鄰塭底77之6號,農業設施不得設籍,167929.13,2601744.3
166201,雲林縣政府,TW,台灣省,雲林縣,水林鄉,塭底村,10,新塭,7之20,雲林縣水林鄉塭底村10鄰新塭7之20號,農業用溫室,166969.61,2602063.096
166201,雲林縣政府,TW,台灣省,雲林縣,水林鄉,大山村,8,大山,6之60,雲林縣水林鄉大山村8鄰大山6之60號,農業設施不得設籍,171355.68,2606586.59
166201,雲林縣政府,TW,台灣省,雲林縣,水林鄉,大山村,12,大山,128之76,雲林縣水林鄉大山村12鄰大山128之76號,農業設施不得設籍,170490.68,2605509.48
166201,雲林縣政府,TW,台灣省,雲林縣,水林鄉,大山村,12,大山,128之77,雲林縣水林鄉大山村12鄰大山128之77號,農業設施不得設籍,170468.19,2605511.34
166201,雲林縣政府,TW,台灣省,雲林縣,水林鄉,大山村,12,大山,128之78,雲林縣水林鄉大山村12鄰大山128之78號,農業設施不得設籍,170449,2605515.48
166201,雲林縣政府,TW,台灣省,雲林縣,水林鄉,大山村,13,大山,136之15,雲林縣水林鄉大山村13鄰大山136之15號,農業設施不得設籍,170102.75,2606038.07
166201,雲林縣政府,TW,台灣省,雲林縣,水林鄉,大山村,12,大山,128之79,雲林縣水林鄉大山村12鄰大山128之79號,農業設施不得設籍,170418.51,2605516
166201,雲林縣政府,TW,台灣省,雲林縣,水林鄉,大山村,14,大山,147之18,雲林縣水林鄉大山村14鄰大山147之18號,農業設施不得設籍,169567.72,2605748.16
166201,雲林縣政府,TW,台灣省,雲林縣,水林鄉,尖山村,1,頂尖山,49之8,雲林縣水林鄉尖山村1鄰頂尖山49之8號,農業設施不得設籍,171598.58,2608076.26
166201,雲林縣政府,TW,台灣省,雲林縣,水林鄉,山腳村,12,尖山脚,6之15,雲林縣水林鄉山腳村12鄰尖山脚6之15號,農業用溫室,170433.002,2603476.984
166201,雲林縣政府,TW,台灣省,雲林縣,水林鄉,山腳村,6,蕃東,2之36,雲林縣水林鄉山腳村6鄰蕃東2之36號,農業設施不得設籍,171554.26,2603867.33
166201,雲林縣政府,TW,台灣省,雲林縣,水林鄉,山腳村,1,蕃東,97之28,雲林縣水林鄉山腳村1鄰蕃東97之28號,農業設施不得設籍,172373.5,2604735.44
166201,雲林縣政府,TW,台灣省,雲林縣,水林鄉,後寮村,2,後寮,50,雲林縣水林鄉後寮村2鄰後寮50號,奉天府,173124.802,2605310.666
166201,雲林縣政府,TW,台灣省,雲林縣,水林鄉,後寮村,5,後寮,54之9,雲林縣水林鄉後寮村5鄰後寮54之9號,後寮村活動中心,173075.51,2605219.35
166201,雲林縣政府,TW,台灣省,雲林縣,水林鄉,後寮村,8,後寮,72之33,雲林縣水林鄉後寮村8鄰後寮72之33號,三姓公,172731.76,2604856.72
166201,雲林縣政府,TW,台灣省,雲林縣,水林鄉,春埔村,14,山寮,49之17,雲林縣水林鄉春埔村14鄰山寮49之17號,農業設施不得設籍,174666.17,2610142.9
166201,雲林縣政府,TW,台灣省,雲林縣,水林鄉,春埔村,14,山寮,49之5,雲林縣水林鄉春埔村14鄰山寮49之5號,農業設施不得設籍,174482.44,2610131.87
166201,雲林縣政府,TW,台灣省,雲林縣,水林鄉,春埔村,14,山寮,49之15,雲林縣水林鄉春埔村14鄰山寮49之15號,農業設施不得設籍,174644.97,2610144.76
166201,雲林縣政府,TW,台灣省,雲林縣,水林鄉,春埔村,14,山寮,51之11,雲林縣水林鄉春埔村14鄰山寮51之11號,農業設施不得設籍,174208.72,2610433.36
166201,雲林縣政府,TW,台灣省,雲林縣,水林鄉,春埔村,1,春埔,67之5,雲林縣水林鄉春埔村1鄰春埔67之5號,農業設施不得設籍,173303.24,2610648.48
166201,雲林縣政府,TW,台灣省,雲林縣,水林鄉,水南村,16,埔尾,100,雲林縣水林鄉水南村16鄰埔尾100號,農業設施不得設籍,171630.69,2606836.6
166201,雲林縣政府,TW,台灣省,雲林縣,水林鄉,海埔村,8,海埔,65之6,雲林縣水林鄉海埔村8鄰海埔65之6號,農業網室,173298.02,2606540.94
166201,雲林縣政府,TW,台灣省,雲林縣,水林鄉,海埔村,2,海埔,25之100,雲林縣水林鄉海埔村2鄰海埔25之100號,農業設施不得設籍,174296.03,2607017.99
166201,雲林縣政府,TW,台灣省,雲林縣,水林鄉,溪墘村,11,湖子內,39之39,雲林縣水林鄉溪墘村11鄰湖子內39之39號,農業設施不得設籍,174908.07,2606116.68
166201,雲林縣政府,TW,台灣省,雲林縣,水林鄉,溪墘村,8,湖子內,1之46,雲林縣水林鄉溪墘村8鄰湖子內1之46號,農業設施不得設籍,175080.57,2605528.05
166201,雲林縣政府,TW,台灣省,雲林縣,水林鄉,溪墘村,9,湖子內,10之39,雲林縣水林鄉溪墘村9鄰湖子內10之39號,農業設施不得設籍,175010.01,2605788.82
166201,雲林縣政府,TW,台灣省,雲林縣,水林鄉,溪墘村,8,湖子內,1之66,雲林縣水林鄉溪墘村8鄰湖子內1之66號,農業設施不得設籍,175203.57,2605129.71
166201,雲林縣政府,TW,台灣省,雲林縣,水林鄉,灣西村,10,後湖,2之28,雲林縣水林鄉灣西村10鄰後湖2之28號,農業設施不得設籍,170998.25,2611153.142
166201,雲林縣政府,TW,台灣省,雲林縣,水林鄉,灣西村,10,後湖,2之29,雲林縣水林鄉灣西村10鄰後湖2之29號,農業設施不得設籍,170984.756,2611154.465
166201,雲林縣政府,TW,台灣省,雲林縣,水林鄉,灣西村,11,後湖,7之11,雲林縣水林鄉灣西村11鄰後湖7之11號,農業設施不得設籍,170995.51,2610335.9
166201,雲林縣政府,TW,台灣省,雲林縣,水林鄉,灣西村,11,後湖,1之36,雲林縣水林鄉灣西村11鄰後湖1之36號,農業設施不得設籍,170500.02,2609419.57
166201,雲林縣政府,TW,台灣省,雲林縣,水林鄉,灣西村,13,後湖,38之7,雲林縣水林鄉灣西村13鄰後湖38之7號,農業設施不得設籍,170660.99,2610485.19
166201,雲林縣政府,TW,台灣省,雲林縣,水林鄉,灣西村,11,後湖,1之18,雲林縣水林鄉灣西村11鄰後湖1之18號,農業設施不得設籍,171456.9,2610281.58
166201,雲林縣政府,TW,台灣省,雲林縣,水林鄉,灣西村,10,後湖,2之66,雲林縣水林鄉灣西村10鄰後湖2之66號,農業設施不得設籍,170360.37,2610890.65
166201,雲林縣政府,TW,台灣省,雲林縣,水林鄉,灣西村,10,後湖,2之36,雲林縣水林鄉灣西村10鄰後湖2之36號,農業設施不得設籍,170753.447,2611121.412
166201,雲林縣政府,TW,台灣省,雲林縣,水林鄉,灣西村,11,後湖,5之2,雲林縣水林鄉灣西村11鄰後湖5之2號,農業設施不得設籍,171188.53,2610399.2
166201,雲林縣政府,TW,台灣省,雲林縣,水林鄉,萬興村,10,萬興,106之18,雲林縣水林鄉萬興村10鄰萬興106之18號,農業設施不得設籍,170836.64,2609383.31
166201,雲林縣政府,TW,台灣省,雲林縣,水林鄉,萬興村,9,萬興,158,雲林縣水林鄉萬興村9鄰萬興158號,農業設施不得設籍,170824.19,2608651.32
166201,雲林縣政府,TW,台灣省,雲林縣,水林鄉,萬興村,9,萬興,121之36,雲林縣水林鄉萬興村9鄰萬興121之36號,農業設施不得設籍,170582.08,2609044.06
166201,雲林縣政府,TW,台灣省,雲林縣,水林鄉,萬興村,9,萬興,121之50,雲林縣水林鄉萬興村9鄰萬興121之50號,農業設施不得設籍,170340.46,2609061.79
166201,雲林縣政府,TW,台灣省,雲林縣,水林鄉,萬興村,9,萬興,158之10,雲林縣水林鄉萬興村9鄰萬興158之10號,農業設施不得設籍,170926.67,2608775.27
166201,雲林縣政府,TW,台灣省,雲林縣,水林鄉,西井村,5,西井,105之33,雲林縣水林鄉西井村5鄰西井105之33號,農業設施不得設籍,174773.73,2610559.05
166201,雲林縣政府,TW,台灣省,雲林縣,水林鄉,西井村,5,西井,105之39,雲林縣水林鄉西井村5鄰西井105之39號,農業設施不得設籍,175059.49,2610532.45
166201,雲林縣政府,TW,台灣省,雲林縣,水林鄉,西井村,5,西井,105之11,雲林縣水林鄉西井村5鄰西井105之11號,農業設施不得設籍,174928.92,2610927.22
166201,雲林縣政府,TW,台灣省,雲林縣,水林鄉,西井村,12,西井,108之28,雲林縣水林鄉西井村12鄰西井108之28號,農業設施不得設籍,174097.1,2611816.71
166201,雲林縣政府,TW,台灣省,雲林縣,水林鄉,西井村,4,西井,18,雲林縣水林鄉西井村4鄰西井18號,托兒所,174115.798,2610833.639
166201,雲林縣政府,TW,台灣省,雲林縣,水林鄉,西井村,7,西井,37,雲林縣水林鄉西井村7鄰西井37號,農會代辦所,174108.563,2610985.649
166201,雲林縣政府,TW,台灣省,雲林縣,水林鄉,車港村,5,車巷口,65之17,雲林縣水林鄉車港村5鄰車巷口65之17號,農業設施不得設籍,175138.42,2612275.95
166201,雲林縣政府,TW,台灣省,雲林縣,水林鄉,山腳村,1,蕃東,97,雲林縣水林鄉山腳村1鄰蕃東97號,農業設施不得設籍,171892.255,2604729.668
166201,雲林縣政府,TW,台灣省,雲林縣,水林鄉,萬興村,9,萬興,168,雲林縣水林鄉萬興村9鄰萬興168號,農業設施不得設籍,170454.58,2608619.316
166201,雲林縣政府,TW,台灣省,雲林縣,四湖鄉,三姓村,4,中興,1之29,雲林縣四湖鄉三姓村4鄰中興1之29號,農業設施不得設籍,166397.734,2614619.193
166201,雲林縣政府,TW,台灣省,雲林縣,四湖鄉,內湖村,8,下桂山,1之2,雲林縣四湖鄉內湖村8鄰下桂山1之2號,農業設施不得設籍,166790.386,2613776.333
166201,雲林縣政府,TW,台灣省,雲林縣,四湖鄉,溪尾村,4,南溪尾,113之1,雲林縣四湖鄉溪尾村4鄰南溪尾113之1號,農業設施不得設籍,167413.02,2616173.39
166201,雲林縣政府,TW,台灣省,雲林縣,四湖鄉,溪尾村,4,南溪尾,268,雲林縣四湖鄉溪尾村4鄰南溪尾268號,農業設施不得設籍,166829.56,2616694.74
166201,雲林縣政府,TW,台灣省,雲林縣,土庫鎮,東平里,15,新光,47之50,雲林縣土庫鎮東平里15鄰新光47之50號,鵝舍,185000.35,2624713.52
166201,雲林縣政府,TW,台灣省,雲林縣,大埤鄉,吉田村,3,吉田,6,雲林縣大埤鄉吉田村3鄰吉田6號,農牧用地,191074.25,2616751.03
166201,雲林縣政府,TW,台灣省,雲林縣,大埤鄉,大德村,15,前寮,1之5,雲林縣大埤鄉大德村15鄰前寮1之5號,冷凍庫加工作業區,190584.48,2613681.39
