addr:country,addr:province,addr:city,addr:district,addr:hamlet,addr:neighbourhood,addr:street,addr:place,addr:housenumber,addr:unit,addr:full,description,x,y,addr:TW:dataset,source
TW,台灣省,嘉義縣,太保市,太保里,1,,太保,22號,,嘉義縣太保市太保里1鄰太保22號,嘉義縣太保市戶政事務所,181758.69,2594748.72,172873,嘉義縣政府
TW,台灣省,嘉義縣,朴子市,大葛里,22,,大槺榔,1533號,,嘉義縣朴子市大葛里22鄰大槺榔1533號,農業資材室不得作為住宅使用,175478.55,2595662.58,172873,嘉義縣政府
TW,台灣省,嘉義縣,朴子市,大鄉里,19,,大槺榔,372號,,嘉義縣朴子市大鄉里19鄰大槺榔372號,農業資材室不得作為住宅使用,174106.83,2595325.2,172873,嘉義縣政府
TW,台灣省,嘉義縣,朴子市,大鄉里,6,,大槺榔,217號,,嘉義縣朴子市大鄉里6鄰大槺榔217號,已拆除,174501.06,2595301.77,172873,嘉義縣政府
TW,台灣省,嘉義縣,朴子市,崁前里,8,,崁前,43之9號,,嘉義縣朴子市崁前里8鄰崁前43之9號,農業資材室不得設籍,172515.22,2593233.89,172873,嘉義縣政府
TW,台灣省,嘉義縣,朴子市,崁後里,12,,崁後,126之6號,,嘉義縣朴子市崁後里12鄰崁後126之6號,農業資材室不得作為住宅使用,170968.63,2593287.78,172873,嘉義縣政府
TW,台灣省,嘉義縣,朴子市,平和里,8,光復路,,35號,,嘉義縣朴子市平和里8鄰光復路35號,嘉義縣朴子市戶政事務所,173000.38,2596002.93,172873,嘉義縣政府
TW,台灣省,嘉義縣,朴子市,德興里,3,,新吉庄,232之8號,,嘉義縣朴子市德興里3鄰新吉庄232之8號,農業資材室不得作為住宅使用,175378.4,2597285.29,172873,嘉義縣政府
TW,台灣省,嘉義縣,朴子市,松華里,12,,牛挑灣,230之56號,,嘉義縣朴子市松華里12鄰牛挑灣230之56號,農業資材室不得作為住宅使用,173264.92,2589427.79,172873,嘉義縣政府
TW,台灣省,嘉義縣,朴子市,永和里,10,,𧃽菜埔,102之21號,,嘉義縣朴子市永和里10鄰𧃽菜埔102之21號,農業資材室不得作為住宅使用,171382.13,2596021.51,172873,嘉義縣政府
TW,台灣省,嘉義縣,朴子市,永和里,4,,𧃽菜埔,29號,6,嘉義縣朴子市永和里4鄰𧃽菜埔29號之6,違建附號,172002.72,2595853.27,172873,嘉義縣政府
TW,台灣省,嘉義縣,布袋鎮,光復里,11,自由路,,1號,,嘉義縣布袋鎮光復里11鄰自由路1號,嘉義縣布袋鎮戶政事務所,164782.7,2586407,172873,嘉義縣政府
TW,台灣省,嘉義縣,大林鎮,中坑里,1,,沙崙,1之9號,,嘉義縣大林鎮中坑里1鄰沙崙1之9號,精北營區,198911.28,2609031.8,172873,嘉義縣政府
TW,台灣省,嘉義縣,大林鎮,西林里,10,中山路,,86號,,嘉義縣大林鎮西林里10鄰中山路86號,大林鎮戶政事務所,194399.92,2611139.77,172873,嘉義縣政府
TW,台灣省,嘉義縣,民雄鄉,東榮村,15,民族路,,21號,1,嘉義縣民雄鄉東榮村15鄰民族路21號之1,嘉義縣民雄鄉戶政事務所,191897.45,2605861.85,172873,嘉義縣政府
TW,台灣省,嘉義縣,溪口鄉,坪頂村,5,,下坪,21號,3,嘉義縣溪口鄉坪頂村5鄰下坪21號之3,資材室,190042.99,2610751.92,172873,嘉義縣政府
TW,台灣省,嘉義縣,溪口鄉,坪頂村,11,,竹圍仔,22之6號,,嘉義縣溪口鄉坪頂村11鄰竹圍仔22之6號,資材室,189257.81,2611105.6,172873,嘉義縣政府
TW,台灣省,嘉義縣,溪口鄉,坪頂村,1,,頂坪,5號,7,嘉義縣溪口鄉坪頂村1鄰頂坪5號之7,資材室,190631.69,2611192.98,172873,嘉義縣政府
TW,台灣省,嘉義縣,溪口鄉,坪頂村,1,,頂坪,5號,6,嘉義縣溪口鄉坪頂村1鄰頂坪5號之6,資材室,190618.19,2611199.86,172873,嘉義縣政府
TW,台灣省,嘉義縣,溪口鄉,妙崙村,2,,上崙,15之3號,,嘉義縣溪口鄉妙崙村2鄰上崙15之3號,農業資材室,189902.69,2609629.49,172873,嘉義縣政府
TW,台灣省,嘉義縣,溪口鄉,妙崙村,9,,下崙,45號,15,嘉義縣溪口鄉妙崙村9鄰下崙45號之15,資材室,188806.91,2609762.81,172873,嘉義縣政府
TW,台灣省,嘉義縣,溪口鄉,妙崙村,9,,下崙,49之10號,,嘉義縣溪口鄉妙崙村9鄰下崙49之10號,農業資材室,188598.22,2609732.2,172873,嘉義縣政府
TW,台灣省,嘉義縣,溪口鄉,妙崙村,7,,下崙,29之7號,,嘉義縣溪口鄉妙崙村7鄰下崙29之7號,農業資材室,188932.66,2609730.37,172873,嘉義縣政府
TW,台灣省,嘉義縣,溪口鄉,本厝村,12,,本廳,2之26號,,嘉義縣溪口鄉本厝村12鄰本廳2之26號,農業資材室,188266.35,2607891.8,172873,嘉義縣政府
TW,台灣省,嘉義縣,溪口鄉,林腳村,16,,柴林脚,215號,,嘉義縣溪口鄉林腳村16鄰柴林脚215號,資材室,185761.7,2610870.95,172873,嘉義縣政府
TW,台灣省,嘉義縣,溪口鄉,柳溝村,17,,南靖厝,90號,15,嘉義縣溪口鄉柳溝村17鄰南靖厝90號之15,農業資材室,190074.64,2608376.58,172873,嘉義縣政府
TW,台灣省,嘉義縣,溪口鄉,柳溝村,17,,南靖厝,90之18號,,嘉義縣溪口鄉柳溝村17鄰南靖厝90之18號,農業資材室,189894.72,2608425.25,172873,嘉義縣政府
TW,台灣省,嘉義縣,溪口鄉,柳溝村,17,,南靖厝,47之7號,,嘉義縣溪口鄉柳溝村17鄰南靖厝47之7號,農業資材室,190072.93,2608254.85,172873,嘉義縣政府
TW,台灣省,嘉義縣,溪口鄉,柳溝村,12,,南靖厝,1之3號,,嘉義縣溪口鄉柳溝村12鄰南靖厝1之3號,資材室不得設籍,189880.18,2608655,172873,嘉義縣政府
TW,台灣省,嘉義縣,溪口鄉,柴林村,4,,柴林脚,98之6號,,嘉義縣溪口鄉柴林村4鄰柴林脚98之6號,農業資材室,186018.39,2611603.5,172873,嘉義縣政府
TW,台灣省,嘉義縣,溪口鄉,游東村,3,,游厝庄,63號,1,嘉義縣溪口鄉游東村3鄰游厝庄63號之1,資材室,189048.14,2612746.35,172873,嘉義縣政府
TW,台灣省,嘉義縣,溪口鄉,游東村,7,,游厝庄,88之15號,,嘉義縣溪口鄉游東村7鄰游厝庄88之15號,農業資材室,188872.71,2613102.74,172873,嘉義縣政府
TW,台灣省,嘉義縣,溪口鄉,游東村,7,,游厝庄,88之11號,,嘉義縣溪口鄉游東村7鄰游厝庄88之11號,農機室,188811.77,2613155.84,172873,嘉義縣政府
TW,台灣省,嘉義縣,溪口鄉,溪東村,11,中正路,,142號,,嘉義縣溪口鄉溪東村11鄰中正路142號,溪口鄉戶政事務所,188368.54,2611346.65,172873,嘉義縣政府
TW,台灣省,嘉義縣,溪口鄉,溪東村,2,民族西路,,71號,,嘉義縣溪口鄉溪東村2鄰民族西路71號,農業資材室,188580.02,2611180.41,172873,嘉義縣政府
TW,台灣省,嘉義縣,溪口鄉,溪西村,16,中山路,,170號,,嘉義縣溪口鄉溪西村16鄰中山路170號,倉庫,187798.12,2610934.84,172873,嘉義縣政府
TW,台灣省,嘉義縣,溪口鄉,疊溪村,10,,三疊溪,57之12號,,嘉義縣溪口鄉疊溪村10鄰三疊溪57之12號,農業資材室,192457.95,2609211.6,172873,嘉義縣政府
TW,台灣省,嘉義縣,溪口鄉,疊溪村,1,,下員林,3號,10,嘉義縣溪口鄉疊溪村1鄰下員林3號之10,資材室,193583.68,2609670.31,172873,嘉義縣政府
TW,台灣省,嘉義縣,溪口鄉,美南村,12,,天赦,1號,31,嘉義縣溪口鄉美南村12鄰天赦1號之31,資材室,186236.03,2608972.7,172873,嘉義縣政府
TW,台灣省,嘉義縣,溪口鄉,美南村,9,,天赦,73之5號,,嘉義縣溪口鄉美南村9鄰天赦73之5號,農業資材室,185907.84,2609277.76,172873,嘉義縣政府
TW,台灣省,嘉義縣,新港鄉,中庄村,11,,中庄,101號,15,嘉義縣新港鄉中庄村11鄰中庄101號之15,農業資材室,182774.51,2607792.58,172873,嘉義縣政府
TW,台灣省,嘉義縣,新港鄉,中洋村,6,,中洋子,136號,1,嘉義縣新港鄉中洋村6鄰中洋子136號之1,農業資材室,184742.49,2602751.89,172873,嘉義縣政府
TW,台灣省,嘉義縣,新港鄉,共和村,11,,董厝,20之12號,,嘉義縣新港鄉共和村11鄰董厝20之12號,農業資材室,181553.07,2606521.53,172873,嘉義縣政府
TW,台灣省,嘉義縣,新港鄉,大潭村,17,,大潭,21號,7,嘉義縣新港鄉大潭村17鄰大潭21號之7,農業資材室,185746.44,2605366.33,172873,嘉義縣政府
TW,台灣省,嘉義縣,新港鄉,宮前村,23,中山路,,159號,,嘉義縣新港鄉宮前村23鄰中山路159號,嘉義縣新港鄉戶政事務所,183391.77,2605525.67,172873,嘉義縣政府
TW,台灣省,嘉義縣,新港鄉,宮後村,24,新民路,,187之21號,,嘉義縣新港鄉宮後村24鄰新民路187之21號,農業資材室,183980.06,2606032.2,172873,嘉義縣政府
TW,台灣省,嘉義縣,新港鄉,溪北村,20,,溪北,195號,8,嘉義縣新港鄉溪北村20鄰溪北195號之8,農業資材室,181490.31,2601344.6,172873,嘉義縣政府
TW,台灣省,嘉義縣,新港鄉,菜公村,4,,菜公厝,23號,15,嘉義縣新港鄉菜公村4鄰菜公厝23號之15,農業資材室,183738.62,2604087.74,172873,嘉義縣政府
TW,台灣省,嘉義縣,新港鄉,菜公村,7,,菜公厝,46號,,嘉義縣新港鄉菜公村7鄰菜公厝46號,農業資材室,183199.98,2605526.47,172873,嘉義縣政府
TW,台灣省,嘉義縣,六腳鄉,古林村,9,,林內,162之2號,,嘉義縣六腳鄉古林村9鄰林內162之2號,財團法人台灣基督長老教會,171018.43,2598179.42,172873,嘉義縣政府
TW,台灣省,嘉義縣,六腳鄉,塗師村,1,,大塗師,1之1號,,嘉義縣六腳鄉塗師村1鄰大塗師1之1號,玄天宮籌備處,177152.64,2600811.84,172873,嘉義縣政府
TW,台灣省,嘉義縣,六腳鄉,蒜頭村,12,,蒜頭,178號,,嘉義縣六腳鄉蒜頭村12鄰蒜頭178號,嘉義縣六腳鄉戶政事務所,177898.49,2599045.83,172873,嘉義縣政府
TW,台灣省,嘉義縣,東石鄉,三家村,13,,三塊厝,528號,,嘉義縣東石鄉三家村13鄰三塊厝528號,雞舍不得設籍,166721.93,2597545.72,172873,嘉義縣政府
TW,台灣省,嘉義縣,東石鄉,三家村,13,,三塊厝,500號,,嘉義縣東石鄉三家村13鄰三塊厝500號,溫室．不得設籍,166238.01,2596890.22,172873,嘉義縣政府
TW,台灣省,嘉義縣,東石鄉,圍潭村,13,,双連潭,212號,,嘉義縣東石鄉圍潭村13鄰双連潭212號,農業用地農業設施不得設籍,167909.68,2595524.81,172873,嘉義縣政府
TW,台灣省,嘉義縣,東石鄉,塭仔村,9,,塭子,7號,10,嘉義縣東石鄉塭仔村9鄰塭子7號之10,畜牧場不可設籍,166300.12,2593266.17,172873,嘉義縣政府
TW,台灣省,嘉義縣,東石鄉,掌潭村,6,,掌潭,14之40號,,嘉義縣東石鄉掌潭村6鄰掌潭14之40號,農業區養殖用地設施不得設籍,165146.34,2590845.85,172873,嘉義縣政府
TW,台灣省,嘉義縣,東石鄉,東崙村,6,,中洲,1之30號,,嘉義縣東石鄉東崙村6鄰中洲1之30號,農牧養殖場不得設立戶籍,168850.33,2591755.06,172873,嘉義縣政府
TW,台灣省,嘉義縣,東石鄉,東崙村,9,,栗子崙,18之17號,,嘉義縣東石鄉東崙村9鄰栗子崙18之17號,農業資材室不得設籍,167834.12,2592802.49,172873,嘉義縣政府
TW,台灣省,嘉義縣,東石鄉,東崙村,13,,栗子崙,60之13號,,嘉義縣東石鄉東崙村13鄰栗子崙60之13號,雞舍倉儲不得設籍,168507.67,2591929.4,172873,嘉義縣政府
TW,台灣省,嘉義縣,東石鄉,東崙村,7,,栗子崙,360號,,嘉義縣東石鄉東崙村7鄰栗子崙360號,農業資材室不得設籍,168708.96,2592120.65,172873,嘉義縣政府
TW,台灣省,嘉義縣,東石鄉,東崙村,9,,栗子崙,18之15號,,嘉義縣東石鄉東崙村9鄰栗子崙18之15號,農業資材室不得設戶籍,167730.22,2593003.45,172873,嘉義縣政府
TW,台灣省,嘉義縣,東石鄉,東石村,14,,東石,36號,1,嘉義縣東石鄉東石村14鄰東石36號之1,嘉義縣東石鄉戶政事務所,163198.4,2594967.61,172873,嘉義縣政府
TW,台灣省,嘉義縣,東石鄉,洲仔村,3,,洲子,32之16號,,嘉義縣東石鄉洲仔村3鄰洲子32之16號,農業資材室不得設籍,167835.71,2594553.43,172873,嘉義縣政府
TW,台灣省,嘉義縣,東石鄉,海埔村,8,,海埔,78之1號,,嘉義縣東石鄉海埔村8鄰海埔78之1號,雞舍倉儲不得設籍,166841.4,2597466.25,172873,嘉義縣政府
TW,台灣省,嘉義縣,東石鄉,海埔村,8,,海埔,77號,,嘉義縣東石鄉海埔村8鄰海埔77號,農業資材室不得設籍,166738.46,2597219.57,172873,嘉義縣政府
TW,台灣省,嘉義縣,東石鄉,海埔村,8,,海埔,88號,,嘉義縣東石鄉海埔村8鄰海埔88號,農業資材室不得設籍,167301.6,2597944.89,172873,嘉義縣政府
TW,台灣省,嘉義縣,東石鄉,港墘村,5,,港墘,241號,,嘉義縣東石鄉港墘村5鄰港墘241號,農業資材室不得設籍,169401.6,2595227.47,172873,嘉義縣政府
TW,台灣省,嘉義縣,東石鄉,港墘村,5,,港墘,230號,,嘉義縣東石鄉港墘村5鄰港墘230號,農業資材室不得設籍,169084.8,2595285.72,172873,嘉義縣政府
TW,台灣省,嘉義縣,東石鄉,溪下村,4,,溪子下,161號,,嘉義縣東石鄉溪下村4鄰溪子下161號,農業資材室不得設籍,167863.14,2600241.33,172873,嘉義縣政府
TW,台灣省,嘉義縣,東石鄉,蔦松村,9,,下蔦松,49之8號,,嘉義縣東石鄉蔦松村9鄰下蔦松49之8號,雞舍不得設立戶籍,170280.73,2596612.34,172873,嘉義縣政府
TW,台灣省,嘉義縣,東石鄉,蔦松村,7,,下蔦松,80之10號,,嘉義縣東石鄉蔦松村7鄰下蔦松80之10號,農業資材室不得設立戶籍,169473.78,2597317.16,172873,嘉義縣政府
TW,台灣省,嘉義縣,東石鄉,蔦松村,10,,湖底,18之8號,,嘉義縣東石鄉蔦松村10鄰湖底18之8號,農業資材室不得設立戶籍,170190.56,2596332.32,172873,嘉義縣政府
TW,台灣省,嘉義縣,東石鄉,西崙村,12,,栗子崙,755之25號,,嘉義縣東石鄉西崙村12鄰栗子崙755之25號,農業資材室不得設籍,167491.18,2591774.15,172873,嘉義縣政府
TW,台灣省,嘉義縣,東石鄉,西崙村,10,,栗子崙,186號,,嘉義縣東石鄉西崙村10鄰栗子崙186號,農業區養殖用地設施不得設籍,166824.33,2592226.77,172873,嘉義縣政府
TW,台灣省,嘉義縣,東石鄉,頂揖村,6,,灣子埔,78號,,嘉義縣東石鄉頂揖村6鄰灣子埔78號,農業資材室不得設籍,169191.93,2599947.34,172873,嘉義縣政府
TW,台灣省,嘉義縣,東石鄉,頂揖村,1,,頂揖子寮,58號,,嘉義縣東石鄉頂揖村1鄰頂揖子寮58號,畜牧設施不得設籍,170366.91,2598534.49,172873,嘉義縣政府
TW,台灣省,嘉義縣,東石鄉,鰲鼓村,3,,鰲鼓,178號,,嘉義縣東石鄉鰲鼓村3鄰鰲鼓178號,特定專區養殖用地設施不得設籍,163974.88,2599631.29,172873,嘉義縣政府
TW,台灣省,嘉義縣,東石鄉,鰲鼓村,3,,鰲鼓,168號,,嘉義縣東石鄉鰲鼓村3鄰鰲鼓168號,一般農業養殖用地設施不得設籍,164460.83,2599286.02,172873,嘉義縣政府
TW,台灣省,嘉義縣,東石鄉,鰲鼓村,14,,鰲鼓,95之18號,,嘉義縣東石鄉鰲鼓村14鄰鰲鼓95之18號,農業資材室不得設籍,165327.1,2599472.53,172873,嘉義縣政府
TW,台灣省,嘉義縣,東石鄉,龍港村,3,,港墘厝,90號,2,嘉義縣東石鄉龍港村3鄰港墘厝90號之2,農業資材室不得設籍,166254.35,2598219.43,172873,嘉義縣政府
TW,台灣省,嘉義縣,東石鄉,龍港村,6,,港墘厝,58之18號,,嘉義縣東石鄉龍港村6鄰港墘厝58之18號,雞舍不得設籍,166677.11,2597701.56,172873,嘉義縣政府
TW,台灣省,嘉義縣,義竹鄉,仁里村,10,,義竹,389號,2,嘉義縣義竹鄉仁里村10鄰義竹389號之2,義竹鄉戶政事務所,172617.58,2581737.46,172873,嘉義縣政府
TW,台灣省,嘉義縣,鹿草鄉,西井村,12,長壽路,,246號,,嘉義縣鹿草鄉西井村12鄰長壽路246號,嘉義縣水上戶政事務所鹿草辦公室,179306.95,2590088.9,172873,嘉義縣政府
TW,台灣省,嘉義縣,水上鄉,水上村,2,市政街31巷,,23號,,嘉義縣水上鄉水上村2鄰市政街31巷23號,嘉義縣水上鄉戶政事務所,188346.46,2591990.36,172873,嘉義縣政府
TW,台灣省,嘉義縣,中埔鄉,中埔村,14,中正路,,64號,,嘉義縣中埔鄉中埔村14鄰中正路64號,嘉義縣中埔鄉戶政事務所,201345.25,2591391.38,172873,嘉義縣政府
TW,台灣省,嘉義縣,竹崎鄉,中和村,2,,奮起湖,17之17號,,嘉義縣竹崎鄉中和村2鄰奮起湖17之17號,農業資材室、溫室,218332.77,2598842.16,172873,嘉義縣政府
TW,台灣省,嘉義縣,竹崎鄉,中和村,20,,石棹,19之65號,,嘉義縣竹崎鄉中和村20鄰石棹19之65號,溫室,219418.26,2596791.49,172873,嘉義縣政府
TW,台灣省,嘉義縣,竹崎鄉,中和村,20,,石棹,19之62號,,嘉義縣竹崎鄉中和村20鄰石棹19之62號,農業資材室,219280.93,2596776.28,172873,嘉義縣政府
TW,台灣省,嘉義縣,竹崎鄉,中和村,20,,石棹,22之2號,,嘉義縣竹崎鄉中和村20鄰石棹22之2號,農業資材室,218957.22,2596926.02,172873,嘉義縣政府
TW,台灣省,嘉義縣,竹崎鄉,光華村,5,,柑仔宅,32之1號,,嘉義縣竹崎鄉光華村5鄰柑仔宅32之1號,集貨包裝場,216029.41,2596221.07,172873,嘉義縣政府
TW,台灣省,嘉義縣,竹崎鄉,和平村,2,,坑仔坪,7之6號,,嘉義縣竹崎鄉和平村2鄰坑仔坪7之6號,農業資材室,204406.7,2601592.23,172873,嘉義縣政府
TW,台灣省,嘉義縣,竹崎鄉,和平村,6,,坑仔坪,83之5號,,嘉義縣竹崎鄉和平村6鄰坑仔坪83之5號,農業資材室,204158.19,2600997.05,172873,嘉義縣政府
TW,台灣省,嘉義縣,竹崎鄉,和平村,9,民生路,,129之2號,,嘉義縣竹崎鄉和平村9鄰民生路129之2號,雞舍,203249.43,2601334.93,172873,嘉義縣政府
TW,台灣省,嘉義縣,竹崎鄉,復金村,8,,覆鐤金,7之3號,,嘉義縣竹崎鄉復金村8鄰覆鐤金7之3號,育苗作業室,206666.18,2602379.3,172873,嘉義縣政府
TW,台灣省,嘉義縣,竹崎鄉,復金村,3,,木履寮,41之3號,,嘉義縣竹崎鄉復金村3鄰木履寮41之3號,農業資材室,206490.82,2603936.79,172873,嘉義縣政府
TW,台灣省,嘉義縣,竹崎鄉,復金村,7,,水底寮,48之7號,,嘉義縣竹崎鄉復金村7鄰水底寮48之7號,農業資材室,207221.53,2602255.08,172873,嘉義縣政府
TW,台灣省,嘉義縣,竹崎鄉,復金村,6,,水底寮,27之2號,,嘉義縣竹崎鄉復金村6鄰水底寮27之2號,農業資材室,207274.5,2602607.46,172873,嘉義縣政府
TW,台灣省,嘉義縣,竹崎鄉,復金村,7,,水底寮,50號,,嘉義縣竹崎鄉復金村7鄰水底寮50號,農業資材室,207207.21,2602223.42,172873,嘉義縣政府
TW,台灣省,嘉義縣,竹崎鄉,復金村,16,,湖底,13號,,嘉義縣竹崎鄉復金村16鄰湖底13號,農業資材室,205057.49,2604040.9,172873,嘉義縣政府
TW,台灣省,嘉義縣,竹崎鄉,復金村,23,,溪湖,10之6號,,嘉義縣竹崎鄉復金村23鄰溪湖10之6號,農業資材室,203430.43,2602530.79,172873,嘉義縣政府
TW,台灣省,嘉義縣,竹崎鄉,昇平村,8,,頂埔,74之28號,,嘉義縣竹崎鄉昇平村8鄰頂埔74之28號,農業資材室,206128.14,2596751.7,172873,嘉義縣政府
TW,台灣省,嘉義縣,竹崎鄉,沙坑村,9,,大松脚,3之10號,,嘉義縣竹崎鄉沙坑村9鄰大松脚3之10號,集貨及包裝場,200950.22,2602776.15,172873,嘉義縣政府
TW,台灣省,嘉義縣,竹崎鄉,灣橋村,9,,下厝坑,59之6號,,嘉義縣竹崎鄉灣橋村9鄰下厝坑59之6號,農業資材室,201570.3,2597747.45,172873,嘉義縣政府
TW,台灣省,嘉義縣,竹崎鄉,灣橋村,2,,坑仔內,39之3號,,嘉義縣竹崎鄉灣橋村2鄰坑仔內39之3號,農業資材室,201582.66,2599290.23,172873,嘉義縣政府
TW,台灣省,嘉義縣,竹崎鄉,灣橋村,6,,李厝,8之3號,,嘉義縣竹崎鄉灣橋村6鄰李厝8之3號,菇類栽培場,201487.44,2599035.95,172873,嘉義縣政府
TW,台灣省,嘉義縣,竹崎鄉,灣橋村,10,,枋仔林,6之12號,,嘉義縣竹崎鄉灣橋村10鄰枋仔林6之12號,農業資材室,200487.85,2598443.48,172873,嘉義縣政府
TW,台灣省,嘉義縣,竹崎鄉,灣橋村,26,,王公園,8之6號,,嘉義縣竹崎鄉灣橋村26鄰王公園8之6號,農業資材室,198455.91,2599816.92,172873,嘉義縣政府
TW,台灣省,嘉義縣,竹崎鄉,灣橋村,31,,田尾,27之9號,,嘉義縣竹崎鄉灣橋村31鄰田尾27之9號,農業資材室,197899.86,2600140.45,172873,嘉義縣政府
TW,台灣省,嘉義縣,竹崎鄉,灣橋村,30,,田尾,1之1號,,嘉義縣竹崎鄉灣橋村30鄰田尾1之1號,農業資材室,197459.2,2599447.5,172873,嘉義縣政府
TW,台灣省,嘉義縣,竹崎鄉,獅埜村,1,竹民路,,599號,,嘉義縣竹崎鄉獅埜村1鄰竹民路599號,畜牧設施－豬舍,198490.17,2601186.51,172873,嘉義縣政府
TW,台灣省,嘉義縣,竹崎鄉,竹崎村,20,中山路,,70號,,嘉義縣竹崎鄉竹崎村20鄰中山路70號,嘉義縣竹崎鄉戶政事務所,204156.99,2602306.2,172873,嘉義縣政府
TW,台灣省,嘉義縣,竹崎鄉,紫雲村,5,,坑口,18之7號,,嘉義縣竹崎鄉紫雲村5鄰坑口18之7號,集貨包裝場,203633.21,2598763.74,172873,嘉義縣政府
TW,台灣省,嘉義縣,竹崎鄉,紫雲村,11,,大竹圍,17之1號,,嘉義縣竹崎鄉紫雲村11鄰大竹圍17之1號,集貨包裝場,203050.27,2598983.9,172873,嘉義縣政府
TW,台灣省,嘉義縣,竹崎鄉,緞繻村,19,,松脚,12之5號,,嘉義縣竹崎鄉緞繻村19鄰松脚12之5號,農業資材室,208820.69,2602499.46,172873,嘉義縣政府
TW,台灣省,嘉義縣,竹崎鄉,義仁村,7,,坪頂,1之6號,,嘉義縣竹崎鄉義仁村7鄰坪頂1之6號,集貨及包裝場所,200675.31,2599990.23,172873,嘉義縣政府
TW,台灣省,嘉義縣,竹崎鄉,義仁村,12,,番仔潭,20之5號,,嘉義縣竹崎鄉義仁村12鄰番仔潭20之5號,農業資材室,199764.16,2601011.89,172873,嘉義縣政府
TW,台灣省,嘉義縣,竹崎鄉,義和村,3,,山子門,37之5號,,嘉義縣竹崎鄉義和村3鄰山子門37之5號,農業資材室,198911.57,2600382.71,172873,嘉義縣政府
TW,台灣省,嘉義縣,竹崎鄉,義和村,1,,山子門,3之5號,,嘉義縣竹崎鄉義和村1鄰山子門3之5號,集貨及包裝場所,199074.16,2601046.58,172873,嘉義縣政府
TW,台灣省,嘉義縣,竹崎鄉,義和村,5,,山子門,75之8號,,嘉義縣竹崎鄉義和村5鄰山子門75之8號,集貨及包裝場所,198494.95,2600779.24,172873,嘉義縣政府
TW,台灣省,嘉義縣,竹崎鄉,義和村,6,,東義,77之7號,,嘉義縣竹崎鄉義和村6鄰東義77之7號,農糧產品加工室,198015.57,2600943.99,172873,嘉義縣政府
TW,台灣省,嘉義縣,竹崎鄉,鹿滿村,5,,下溪心,64號,2,嘉義縣竹崎鄉鹿滿村5鄰下溪心64號之2,農業資材室,202062.57,2600027.89,172873,嘉義縣政府
TW,台灣省,嘉義縣,竹崎鄉,鹿滿村,4,,下溪心,33號,2,嘉義縣竹崎鄉鹿滿村4鄰下溪心33號之2,溫室,201679.4,2599940.77,172873,嘉義縣政府
TW,台灣省,嘉義縣,竹崎鄉,鹿滿村,3,,下溪心,3之10號,,嘉義縣竹崎鄉鹿滿村3鄰下溪心3之10號,農業資材室,201821,2600306.22,172873,嘉義縣政府
TW,台灣省,嘉義縣,竹崎鄉,鹿滿村,3,,下溪心,3之13號,,嘉義縣竹崎鄉鹿滿村3鄰下溪心3之13號,農業資材室,201842.39,2600496.41,172873,嘉義縣政府
TW,台灣省,嘉義縣,竹崎鄉,鹿滿村,5,,下溪心,64之3號,,嘉義縣竹崎鄉鹿滿村5鄰下溪心64之3號,農業資材室,202066.98,2599984.8,172873,嘉義縣政府
TW,台灣省,嘉義縣,竹崎鄉,鹿滿村,1,竹民路,,5號,,嘉義縣竹崎鄉鹿滿村1鄰竹民路5號,農業資材室,203336.33,2600719.13,172873,嘉義縣政府
TW,台灣省,嘉義縣,竹崎鄉,鹿滿村,1,竹民路,,72號,,嘉義縣竹崎鄉鹿滿村1鄰竹民路72號,農業資材室,202975.42,2600940.26,172873,嘉義縣政府
TW,台灣省,嘉義縣,竹崎鄉,鹿滿村,16,鹿山路,,55號,,嘉義縣竹崎鄉鹿滿村16鄰鹿山路55號,農業資材室,202339.51,2599171.47,172873,嘉義縣政府
TW,台灣省,嘉義縣,竹崎鄉,鹿滿村,13,鹿鳴路,,2之7號,,嘉義縣竹崎鄉鹿滿村13鄰鹿鳴路2之7號,農業資材室,202653.2,2599395.16,172873,嘉義縣政府
TW,台灣省,嘉義縣,竹崎鄉,鹿滿村,10,,麻箕埔,24之9號,,嘉義縣竹崎鄉鹿滿村10鄰麻箕埔24之9號,農業資材室,202687.82,2600055.65,172873,嘉義縣政府
TW,台灣省,嘉義縣,竹崎鄉,鹿滿村,10,,麻箕埔,59之3號,,嘉義縣竹崎鄉鹿滿村10鄰麻箕埔59之3號,農業資材室,202786.89,2600110.22,172873,嘉義縣政府
TW,台灣省,嘉義縣,竹崎鄉,鹿滿村,8,,麻箕埔,133之1號,,嘉義縣竹崎鄉鹿滿村8鄰麻箕埔133之1號,集貨及包裝場所,203171.46,2600485.57,172873,嘉義縣政府
TW,台灣省,嘉義縣,竹崎鄉,龍山村,5,,水道頭,70之1號,,嘉義縣竹崎鄉龍山村5鄰水道頭70之1號,農業資材室,208326.35,2601711.88,172873,嘉義縣政府
TW,台灣省,嘉義縣,竹崎鄉,龍山村,6,,頂崎脚,10之3號,,嘉義縣竹崎鄉龍山村6鄰頂崎脚10之3號,農業資材室,208022.21,2601416.92,172873,嘉義縣政府
TW,台灣省,嘉義縣,竹崎鄉,龍山村,20,,頂枋仔林,3之6號,,嘉義縣竹崎鄉龍山村20鄰頂枋仔林3之6號,農業資材室,205747.42,2601386.29,172873,嘉義縣政府
TW,台灣省,嘉義縣,梅山鄉,双溪村,7,,下双溪,22之6號,,嘉義縣梅山鄉双溪村7鄰下双溪22之6號,農業設施：冷藏庫,202329.41,2605461.78,172873,嘉義縣政府
TW,台灣省,嘉義縣,梅山鄉,大南村,4,,水尾,2之16號,,嘉義縣梅山鄉大南村4鄰水尾2之16號,資材室,203804.41,2605545.64,172873,嘉義縣政府
TW,台灣省,嘉義縣,梅山鄉,梅北村,2,健康街,,160號,,嘉義縣梅山鄉梅北村2鄰健康街160號,農業資材室,205057.36,2609404.32,172873,嘉義縣政府
TW,台灣省,嘉義縣,梅山鄉,梅北村,23,環北街,,202號,,嘉義縣梅山鄉梅北村23鄰環北街202號,農業資材室,204112.26,2609676.14,172873,嘉義縣政府
TW,台灣省,嘉義縣,梅山鄉,梅北村,25,環南路,,575號,,嘉義縣梅山鄉梅北村25鄰環南路575號,農業資材室,203977.48,2609352.12,172873,嘉義縣政府
TW,台灣省,嘉義縣,梅山鄉,梅南村,6,環南路,,120號,,嘉義縣梅山鄉梅南村6鄰環南路120號,嘉義縣梅山鄉戶政事務所,204808.97,2608637.62,172873,嘉義縣政府
TW,台灣省,嘉義縣,梅山鄉,梅南村,1,環南路,,193號,,嘉義縣梅山鄉梅南村1鄰環南路193號,農業資材室,204696.78,2608797.21,172873,嘉義縣政府
TW,台灣省,嘉義縣,梅山鄉,永興村,1,,九芎坑,1之6號,,嘉義縣梅山鄉永興村1鄰九芎坑1之6號,農業資材室,205539.59,2607233.23,172873,嘉義縣政府
TW,台灣省,嘉義縣,梅山鄉,瑞里村,5,,幼葉林,79之2號,,嘉義縣梅山鄉瑞里村5鄰幼葉林79之2號,農業加工室,216542.85,2603975.22,172873,嘉義縣政府
TW,台灣省,嘉義縣,番路鄉,下坑村,8,,下坑,30之12號,,嘉義縣番路鄉下坑村8鄰下坑30之12號,農業資材室,203124.79,2596476.34,172873,嘉義縣政府
TW,台灣省,嘉義縣,番路鄉,下坑村,12,,下坑,46之27號,,嘉義縣番路鄉下坑村12鄰下坑46之27號,育苗作業室,202863.12,2596801.55,172873,嘉義縣政府
TW,台灣省,嘉義縣,番路鄉,下坑村,8,,下坑,34之3號,,嘉義縣番路鄉下坑村8鄰下坑34之3號,農業資材室,203061.18,2596552.59,172873,嘉義縣政府
TW,台灣省,嘉義縣,番路鄉,下坑村,12,,下坑,62之8號,,嘉義縣番路鄉下坑村12鄰下坑62之8號,農業資材室,202870.99,2597021.64,172873,嘉義縣政府
TW,台灣省,嘉義縣,番路鄉,下坑村,9,,北勢,33之1號,,嘉義縣番路鄉下坑村9鄰北勢33之1號,農業資材室,202826.4,2597850.35,172873,嘉義縣政府
TW,台灣省,嘉義縣,番路鄉,下坑村,9,,北勢,5之3號,,嘉義縣番路鄉下坑村9鄰北勢5之3號,農業資材室,202878.2,2597357.12,172873,嘉義縣政府
TW,台灣省,嘉義縣,番路鄉,下坑村,9,,北勢,27之2號,,嘉義縣番路鄉下坑村9鄰北勢27之2號,農業資材室,202732.2,2597932.92,172873,嘉義縣政府
TW,台灣省,嘉義縣,番路鄉,下坑村,10,,坑仔內,13之2號,,嘉義縣番路鄉下坑村10鄰坑仔內13之2號,農業資材室,202332.06,2598586.7,172873,嘉義縣政府
TW,台灣省,嘉義縣,番路鄉,下坑村,2,,菜公店,60之1號,,嘉義縣番路鄉下坑村2鄰菜公店60之1號,農業資材室,204441.31,2595631.13,172873,嘉義縣政府
TW,台灣省,嘉義縣,番路鄉,下坑村,1,,菜公店,24號,,嘉義縣番路鄉下坑村1鄰菜公店24號,屋拆,204483.47,2595779.85,172873,嘉義縣政府
TW,台灣省,嘉義縣,番路鄉,下坑村,1,,菜公店,26號,,嘉義縣番路鄉下坑村1鄰菜公店26號,屋拆,204477.85,2595780.09,172873,嘉義縣政府
TW,台灣省,嘉義縣,番路鄉,下坑村,1,,菜公店,3之6號,,嘉義縣番路鄉下坑村1鄰菜公店3之6號,菇舍．農業資材室,204752.25,2595585.49,172873,嘉義縣政府
TW,台灣省,嘉義縣,番路鄉,下坑村,1,,菜公店,4之6號,,嘉義縣番路鄉下坑村1鄰菜公店4之6號,農特產品調理設施,204784.75,2595960.45,172873,嘉義縣政府
TW,台灣省,嘉義縣,番路鄉,下坑村,6,,頂坑,32之7號,,嘉義縣番路鄉下坑村6鄰頂坑32之7號,農業資材室,203183.46,2596073.54,172873,嘉義縣政府
TW,台灣省,嘉義縣,番路鄉,內甕村,5,潭情路,,270號,,嘉義縣番路鄉內甕村5鄰潭情路270號,集貨及包裝場所,199620.78,2595118.31,172873,嘉義縣政府
TW,台灣省,嘉義縣,番路鄉,內甕村,6,,過溪仔,18號,,嘉義縣番路鄉內甕村6鄰過溪仔18號,農業資材室,200015.81,2594638.21,172873,嘉義縣政府
TW,台灣省,嘉義縣,番路鄉,公田村,3,,隙頂,8之8號,,嘉義縣番路鄉公田村3鄰隙頂8之8號,溫室,215507.74,2591871.09,172873,嘉義縣政府
TW,台灣省,嘉義縣,番路鄉,公田村,5,,隙頂,78之7號,,嘉義縣番路鄉公田村5鄰隙頂78之7號,溫室,214394.4,2590416.21,172873,嘉義縣政府
TW,台灣省,嘉義縣,番路鄉,公田村,5,,隙頂,79之2號,,嘉義縣番路鄉公田村5鄰隙頂79之2號,溫室,214386.77,2590336.07,172873,嘉義縣政府
TW,台灣省,嘉義縣,番路鄉,公田村,5,,隙頂,68之23號,,嘉義縣番路鄉公田村5鄰隙頂68之23號,農業資材室,214722.47,2591631.54,172873,嘉義縣政府
TW,台灣省,嘉義縣,番路鄉,公田村,5,,隙頂,63之16號,,嘉義縣番路鄉公田村5鄰隙頂63之16號,農業資材室,215033.18,2591506.75,172873,嘉義縣政府
TW,台灣省,嘉義縣,番路鄉,公田村,5,,隙頂,52之1號,,嘉義縣番路鄉公田村5鄰隙頂52之1號,蘭園,215231.78,2591800.55,172873,嘉義縣政府
TW,台灣省,嘉義縣,番路鄉,公田村,3,,隙頂,7之13號,,嘉義縣番路鄉公田村3鄰隙頂7之13號,溫室,215604.29,2592053.85,172873,嘉義縣政府
TW,台灣省,嘉義縣,番路鄉,公田村,3,,隙頂,7之18號,,嘉義縣番路鄉公田村3鄰隙頂7之18號,溫室,215646.3,2592101.43,172873,嘉義縣政府
TW,台灣省,嘉義縣,番路鄉,公田村,5,,隙頂,80之26號,,嘉義縣番路鄉公田村5鄰隙頂80之26號,農業資材室,214391.32,2589930.46,172873,嘉義縣政府
TW,台灣省,嘉義縣,番路鄉,公田村,5,,隙頂,75之57號,,嘉義縣番路鄉公田村5鄰隙頂75之57號,溫室農業資材室,214680.79,2590964.41,172873,嘉義縣政府
TW,台灣省,嘉義縣,番路鄉,公田村,3,,隙頂,臨7之1號,附1,嘉義縣番路鄉公田村3鄰隙頂臨7之1號附1,,215538.45,2591991.03,172873,嘉義縣政府
TW,台灣省,嘉義縣,番路鄉,公田村,2,,龍頭,19之29號,,嘉義縣番路鄉公田村2鄰龍頭19之29號,農業資材室,215917.91,2592910.72,172873,嘉義縣政府
TW,台灣省,嘉義縣,番路鄉,公田村,2,,龍頭,17之27號,,嘉義縣番路鄉公田村2鄰龍頭17之27號,溫室,216395.68,2593351.47,172873,嘉義縣政府
TW,台灣省,嘉義縣,番路鄉,公田村,2,,龍頭,17之28號,,嘉義縣番路鄉公田村2鄰龍頭17之28號,溫室,216527.65,2593808.44,172873,嘉義縣政府
TW,台灣省,嘉義縣,番路鄉,公興村,1,,龍美,5之8號,,嘉義縣番路鄉公興村1鄰龍美5之8號,温室,214610.47,2588897.13,172873,嘉義縣政府
TW,台灣省,嘉義縣,番路鄉,新福村,6,,大庄,23號,,嘉義縣番路鄉新福村6鄰大庄23號,屋倒,202260.85,2595657.76,172873,嘉義縣政府
TW,台灣省,嘉義縣,番路鄉,新福村,5,,大庄,1之15號,,嘉義縣番路鄉新福村5鄰大庄1之15號,菇寮,202731.84,2595110.17,172873,嘉義縣政府
TW,台灣省,嘉義縣,番路鄉,新福村,3,,大片田尾,16之13號,,嘉義縣番路鄉新福村3鄰大片田尾16之13號,農業資材室,203475.88,2595125.03,172873,嘉義縣政府
TW,台灣省,嘉義縣,番路鄉,新福村,3,,大片田尾,9之3號,,嘉義縣番路鄉新福村3鄰大片田尾9之3號,溫室,203426.91,2595325.74,172873,嘉義縣政府
TW,台灣省,嘉義縣,番路鄉,新福村,3,,大片田尾,9之2號,,嘉義縣番路鄉新福村3鄰大片田尾9之2號,農業資材室,203392.64,2595331.98,172873,嘉義縣政府
TW,台灣省,嘉義縣,番路鄉,新福村,3,,大片田尾,10之8號,,嘉義縣番路鄉新福村3鄰大片田尾10之8號,農業資材室,203628.2,2595300.18,172873,嘉義縣政府
TW,台灣省,嘉義縣,番路鄉,新福村,3,,大片田尾,9之7號,,嘉義縣番路鄉新福村3鄰大片田尾9之7號,禽舍,203354.78,2595287.19,172873,嘉義縣政府
TW,台灣省,嘉義縣,番路鄉,新福村,2,,鳳梨園,1之2號,,嘉義縣番路鄉新福村2鄰鳳梨園1之2號,農業資材室,203746.21,2595070.47,172873,嘉義縣政府
TW,台灣省,嘉義縣,番路鄉,新福村,2,,鳳梨園,13之6號,,嘉義縣番路鄉新福村2鄰鳳梨園13之6號,農業資材室,203885.88,2595302.59,172873,嘉義縣政府
TW,台灣省,嘉義縣,番路鄉,新福村,2,,鳳梨園,1之3號,,嘉義縣番路鄉新福村2鄰鳳梨園1之3號,農業資材室,203786.96,2595034.62,172873,嘉義縣政府
TW,台灣省,嘉義縣,番路鄉,民和村,9,,客庄,76之2號,,嘉義縣番路鄉民和村9鄰客庄76之2號,農業資材室,206981.08,2595107.23,172873,嘉義縣政府
TW,台灣省,嘉義縣,番路鄉,民和村,10,,客庄,14之8號,,嘉義縣番路鄉民和村10鄰客庄14之8號,畜舍,207781.87,2594834.29,172873,嘉義縣政府
TW,台灣省,嘉義縣,番路鄉,民和村,3,,岩仔脚,8之1號,,嘉義縣番路鄉民和村3鄰岩仔脚8之1號,農業資材室,208296.16,2595401.58,172873,嘉義縣政府
TW,台灣省,嘉義縣,番路鄉,民和村,3,,岩仔脚,16之9號,,嘉義縣番路鄉民和村3鄰岩仔脚16之9號,農業資材室,207627.45,2595424.37,172873,嘉義縣政府
TW,台灣省,嘉義縣,番路鄉,民和村,3,,岩仔脚,16之3號,,嘉義縣番路鄉民和村3鄰岩仔脚16之3號,菇類栽培場,207728.78,2595412.86,172873,嘉義縣政府
TW,台灣省,嘉義縣,番路鄉,民和村,3,,岩仔脚,16之6號,,嘉義縣番路鄉民和村3鄰岩仔脚16之6號,農業資材室,207623.66,2595392.96,172873,嘉義縣政府
TW,台灣省,嘉義縣,番路鄉,民和村,3,,岩仔脚,2之2號,,嘉義縣番路鄉民和村3鄰岩仔脚2之2號,菇類栽培場,208386.8,2594755.19,172873,嘉義縣政府
TW,台灣省,嘉義縣,番路鄉,民和村,3,,岩仔脚,16之1號,,嘉義縣番路鄉民和村3鄰岩仔脚16之1號,包裝場所,207704.64,2595423.03,172873,嘉義縣政府
TW,台灣省,嘉義縣,番路鄉,江西村,2,,李厝,1之17號,,嘉義縣番路鄉江西村2鄰李厝1之17號,農業資材室,202158.57,2596969.22,172873,嘉義縣政府
TW,台灣省,嘉義縣,番路鄉,江西村,4,,柿仔脚,3之11號,,嘉義縣番路鄉江西村4鄰柿仔脚3之11號,農業資材室,201624.03,2597099.57,172873,嘉義縣政府
TW,台灣省,嘉義縣,番路鄉,江西村,5,,頂角仔,38號,,嘉義縣番路鄉江西村5鄰頂角仔38號,農業資材室,201340.53,2597090.36,172873,嘉義縣政府
TW,台灣省,嘉義縣,番路鄉,番路村,7,,下石頭埔,24之3號,,嘉義縣番路鄉番路村7鄰下石頭埔24之3號,農業資材室,204619.38,2595117.03,172873,嘉義縣政府
TW,台灣省,嘉義縣,番路鄉,番路村,7,,下石頭埔,22之5號,,嘉義縣番路鄉番路村7鄰下石頭埔22之5號,農業資材室,204644.52,2595125.27,172873,嘉義縣政府
TW,台灣省,嘉義縣,番路鄉,番路村,2,,番路,17之6號,,嘉義縣番路鄉番路村2鄰番路17之6號,農業資材室,206264.01,2595126.33,172873,嘉義縣政府
TW,台灣省,嘉義縣,番路鄉,番路村,2,,番路,2之11號,,嘉義縣番路鄉番路村2鄰番路2之11號,農業資材室,206416.2,2594860.28,172873,嘉義縣政府
TW,台灣省,嘉義縣,番路鄉,番路村,1,,番路,39之5號,,嘉義縣番路鄉番路村1鄰番路39之5號,農業資材室,206079.75,2595882.89,172873,嘉義縣政府
TW,台灣省,嘉義縣,番路鄉,番路村,3,,番路,77之7號,,嘉義縣番路鄉番路村3鄰番路77之7號,農業資材室,205657.55,2595658.24,172873,嘉義縣政府
TW,台灣省,嘉義縣,番路鄉,番路村,3,,番路,77之9號,,嘉義縣番路鄉番路村3鄰番路77之9號,農業資材室,205695.78,2595566,172873,嘉義縣政府
TW,台灣省,嘉義縣,番路鄉,番路村,5,,頂石頭埔,3之1號,,嘉義縣番路鄉番路村5鄰頂石頭埔3之1號,農業資材室,205793.27,2594694,172873,嘉義縣政府
TW,台灣省,嘉義縣,番路鄉,觸口村,10,,埔尾,3之12號,,嘉義縣番路鄉觸口村10鄰埔尾3之12號,農業資材室,209197.09,2593498.67,172873,嘉義縣政府
TW,台灣省,嘉義縣,番路鄉,觸口村,11,,埔尾,46之2號,,嘉義縣番路鄉觸口村11鄰埔尾46之2號,集貨及包裝場所,209168.82,2594228.9,172873,嘉義縣政府
TW,台灣省,嘉義縣,番路鄉,觸口村,12,,埔尾,50之7號,,嘉義縣番路鄉觸口村12鄰埔尾50之7號,農業資材室,209089.68,2594029.54,172873,嘉義縣政府
TW,台灣省,嘉義縣,大埔鄉,大埔村,4,,大埔,53號,,嘉義縣大埔鄉大埔村4鄰大埔53號,大埔鄉戶政事務所,208426.49,2577032.01,172873,嘉義縣政府
TW,台灣省,嘉義縣,阿里山鄉,樂野村,2,,樂野,68號,,嘉義縣阿里山鄉樂野村2鄰樂野68號,嘉義縣阿里山鄉戶政事務所,220758.83,2596640.9,172873,嘉義縣政府
TW,台灣省,嘉義縣,竹崎鄉,灣橋村,23,,灣橋387巷,26之3號,,嘉義縣竹崎鄉灣橋村23鄰灣橋387巷26之3號,農業資材室,199194.33,2598590.12,172873,嘉義縣政府
TW,台灣省,嘉義縣,東石鄉,三家村,13,,三塊厝,526號,,嘉義縣東石鄉三家村13鄰三塊厝526號,農業設施不得設籍,166682.54,2597524.05,172873,嘉義縣政府
TW,台灣省,嘉義縣,民雄鄉,中樂村,7,中樂路,市場,8號,,嘉義縣民雄鄉中樂村7鄰中樂路市場8號,,191865.88,2606010.34,172873,嘉義縣政府
TW,台灣省,嘉義縣,民雄鄉,中樂村,8,中樂路,市場,9號,,嘉義縣民雄鄉中樂村8鄰中樂路市場9號,,191839.82,2605992.61,172873,嘉義縣政府
TW,台灣省,嘉義縣,民雄鄉,中樂村,7,中樂路,市場,10號,,嘉義縣民雄鄉中樂村7鄰中樂路市場10號,,191866.8,2606017.22,172873,嘉義縣政府
TW,台灣省,嘉義縣,民雄鄉,中樂村,8,中樂路,市場,11號,,嘉義縣民雄鄉中樂村8鄰中樂路市場11號,,191840.21,2605996.58,172873,嘉義縣政府
TW,台灣省,嘉義縣,民雄鄉,中樂村,7,中樂路,市場,12號,,嘉義縣民雄鄉中樂村7鄰中樂路市場12號,,191866.54,2606023.03,172873,嘉義縣政府
TW,台灣省,嘉義縣,民雄鄉,中樂村,8,中樂路,市場,13號,,嘉義縣民雄鄉中樂村8鄰中樂路市場13號,,191840.61,2606000.68,172873,嘉義縣政府
TW,台灣省,嘉義縣,民雄鄉,中樂村,7,中樂路,市場,14號,,嘉義縣民雄鄉中樂村7鄰中樂路市場14號,,191867.07,2606030.17,172873,嘉義縣政府
TW,台灣省,嘉義縣,民雄鄉,中樂村,8,中樂路,市場,15號,,嘉義縣民雄鄉中樂村8鄰中樂路市場15號,,191841.14,2606005.71,172873,嘉義縣政府
TW,台灣省,嘉義縣,民雄鄉,中樂村,7,中樂路,市場,16號,,嘉義縣民雄鄉中樂村7鄰中樂路市場16號,,191866.8,2606035.21,172873,嘉義縣政府
TW,台灣省,嘉義縣,民雄鄉,中樂村,8,中樂路,市場,17號,,嘉義縣民雄鄉中樂村8鄰中樂路市場17號,,191841.93,2606009.94,172873,嘉義縣政府
TW,台灣省,嘉義縣,民雄鄉,中樂村,7,中樂路,市場,18號,,嘉義縣民雄鄉中樂村7鄰中樂路市場18號,,191867.2,2606038.78,172873,嘉義縣政府
TW,台灣省,嘉義縣,民雄鄉,中樂村,8,中樂路,市場,19號,,嘉義縣民雄鄉中樂村8鄰中樂路市場19號,,191841.67,2606015.37,172873,嘉義縣政府
TW,台灣省,嘉義縣,民雄鄉,中樂村,7,中樂路,市場,20號,,嘉義縣民雄鄉中樂村7鄰中樂路市場20號,,191867.6,2606042.49,172873,嘉義縣政府
TW,台灣省,嘉義縣,民雄鄉,中樂村,8,中樂路,市場,21號,,嘉義縣民雄鄉中樂村8鄰中樂路市場21號,,191841.67,2606020.26,172873,嘉義縣政府
TW,台灣省,嘉義縣,民雄鄉,中樂村,7,中樂路,市場,22號,,嘉義縣民雄鄉中樂村7鄰中樂路市場22號,,191868.79,2606046.32,172873,嘉義縣政府
TW,台灣省,嘉義縣,民雄鄉,中樂村,8,中樂路,市場,23號,,嘉義縣民雄鄉中樂村8鄰中樂路市場23號,,191841.54,2606025.82,172873,嘉義縣政府
TW,台灣省,嘉義縣,民雄鄉,中樂村,7,中樂路,市場,24號,,嘉義縣民雄鄉中樂村7鄰中樂路市場24號,,191868.66,2606050.96,172873,嘉義縣政府
TW,台灣省,嘉義縣,民雄鄉,中樂村,8,中樂路,市場,25號,,嘉義縣民雄鄉中樂村8鄰中樂路市場25號,,191841.27,2606032.3,172873,嘉義縣政府
TW,台灣省,嘉義縣,民雄鄉,中樂村,7,中樂路,市場,26號,,嘉義縣民雄鄉中樂村7鄰中樂路市場26號,,191868.39,2606054.79,172873,嘉義縣政府
TW,台灣省,嘉義縣,民雄鄉,中樂村,8,中樂路,市場,27號,,嘉義縣民雄鄉中樂村8鄰中樂路市場27號,,191841.54,2606038.52,172873,嘉義縣政府
TW,台灣省,嘉義縣,民雄鄉,中樂村,8,中樂路,市場,29號,,嘉義縣民雄鄉中樂村8鄰中樂路市場29號,,191841.67,2606043.41,172873,嘉義縣政府
TW,台灣省,嘉義縣,民雄鄉,中樂村,7,中樂路,市場,30號,,嘉義縣民雄鄉中樂村7鄰中樂路市場30號,,191873.02,2606063.26,172873,嘉義縣政府
TW,台灣省,嘉義縣,民雄鄉,中樂村,8,中樂路,市場,31號,,嘉義縣民雄鄉中樂村8鄰中樂路市場31號,,191841.54,2606049.5,172873,嘉義縣政府
TW,台灣省,嘉義縣,民雄鄉,中樂村,8,中樂路,市場,33號,,嘉義縣民雄鄉中樂村8鄰中樂路市場33號,,191841.67,2606054.79,172873,嘉義縣政府
TW,台灣省,嘉義縣,民雄鄉,中樂村,7,中樂路,市場,34號,,嘉義縣民雄鄉中樂村7鄰中樂路市場34號,,191863.37,2606066.04,172873,嘉義縣政府
TW,台灣省,嘉義縣,民雄鄉,中樂村,7,中樂路,市場,36號,,嘉義縣民雄鄉中樂村7鄰中樂路市場36號,,191861.51,2606066.57,172873,嘉義縣政府
TW,台灣省,嘉義縣,民雄鄉,中樂村,8,中樂路,市場,37號,,嘉義縣民雄鄉中樂村8鄰中樂路市場37號,,191856.22,2606068.68,172873,嘉義縣政府
TW,台灣省,嘉義縣,民雄鄉,中樂村,7,中樂路,市場,38號,,嘉義縣民雄鄉中樂村7鄰中樂路市場38號,,191858.6,2606067.89,172873,嘉義縣政府
TW,台灣省,嘉義縣,民雄鄉,中樂村,8,中樂路,市場,41號,,嘉義縣民雄鄉中樂村8鄰中樂路市場41號,,191844.95,2606065.91,172873,嘉義縣政府
TW,台灣省,嘉義縣,民雄鄉,中樂村,8,中樂路,市場,43號,,嘉義縣民雄鄉中樂村8鄰中樂路市場43號,,191839.92,2606066.7,172873,嘉義縣政府
TW,台灣省,嘉義縣,民雄鄉,中樂村,7,中樂路,市場,6號,1,嘉義縣民雄鄉中樂村7鄰中樂路市場6號之1,,191864.69,2606002.54,172873,嘉義縣政府
TW,台灣省,嘉義縣,民雄鄉,中樂村,7,中樂路,市場,8號,1,嘉義縣民雄鄉中樂村7鄰中樂路市場8號之1,,191866.14,2606013.52,172873,嘉義縣政府
TW,台灣省,嘉義縣,民雄鄉,中樂村,7,中樂路,市場,32號,1,嘉義縣民雄鄉中樂村7鄰中樂路市場32號之1,,191869.71,2606063.11,172873,嘉義縣政府
TW,台灣省,嘉義縣,民雄鄉,中樂村,7,中樂路,市場,32號,2,嘉義縣民雄鄉中樂村7鄰中樂路市場32號之2,,191867.73,2606064.43,172873,嘉義縣政府
TW,台灣省,嘉義縣,新港鄉,宮前村,8,中山路,奉天大厦,1號,,嘉義縣新港鄉宮前村8鄰中山路奉天大厦1號,,183361.26,2605833.71,172873,嘉義縣政府
TW,台灣省,嘉義縣,新港鄉,宮前村,8,中山路,奉天大厦,2號,,嘉義縣新港鄉宮前村8鄰中山路奉天大厦2號,,183362.32,2605840.06,172873,嘉義縣政府
TW,台灣省,嘉義縣,新港鄉,宮前村,8,中山路,奉天大厦,3號,,嘉義縣新港鄉宮前村8鄰中山路奉天大厦3號,,183363.12,2605845.35,172873,嘉義縣政府
TW,台灣省,嘉義縣,新港鄉,宮前村,8,中山路,奉天大厦,4號,,嘉義縣新港鄉宮前村8鄰中山路奉天大厦4號,,183363.65,2605850.64,172873,嘉義縣政府
TW,台灣省,嘉義縣,新港鄉,宮前村,8,中山路,奉天大厦,5號,,嘉義縣新港鄉宮前村8鄰中山路奉天大厦5號,,183364.18,2605856.2,172873,嘉義縣政府
TW,台灣省,嘉義縣,新港鄉,宮前村,8,中山路,奉天大厦,6號,,嘉義縣新港鄉宮前村8鄰中山路奉天大厦6號,,183365.5,2605862.28,172873,嘉義縣政府
TW,台灣省,嘉義縣,新港鄉,宮前村,8,中山路,奉天大厦,7號,,嘉義縣新港鄉宮前村8鄰中山路奉天大厦7號,,183366.03,2605867.58,172873,嘉義縣政府
TW,台灣省,嘉義縣,新港鄉,宮前村,8,中山路,奉天大厦,8號,,嘉義縣新港鄉宮前村8鄰中山路奉天大厦8號,,183352.8,2605873.93,172873,嘉義縣政府
TW,台灣省,嘉義縣,新港鄉,宮前村,8,中山路,奉天大厦,9號,,嘉義縣新港鄉宮前村8鄰中山路奉天大厦9號,,183367.61,2605872.34,172873,嘉義縣政府
TW,台灣省,嘉義縣,新港鄉,宮前村,8,中山路,奉天大厦,10號,,嘉義縣新港鄉宮前村8鄰中山路奉天大厦10號,,183371.32,2605877.89,172873,嘉義縣政府
TW,台灣省,嘉義縣,新港鄉,宮前村,8,中山路,奉天大厦,11號,,嘉義縣新港鄉宮前村8鄰中山路奉天大厦11號,,183372.11,2605881.6,172873,嘉義縣政府
TW,台灣省,嘉義縣,新港鄉,宮前村,8,中山路,奉天大厦,12號,,嘉義縣新港鄉宮前村8鄰中山路奉天大厦12號,,183372.91,2605886.36,172873,嘉義縣政府
TW,台灣省,嘉義縣,新港鄉,宮前村,8,中山路,奉天大厦,13號,,嘉義縣新港鄉宮前村8鄰中山路奉天大厦13號,,183372.91,2605891.12,172873,嘉義縣政府
TW,台灣省,嘉義縣,新港鄉,宮前村,8,中山路,奉天大厦,14號,,嘉義縣新港鄉宮前村8鄰中山路奉天大厦14號,,183373.44,2605895.09,172873,嘉義縣政府
TW,台灣省,嘉義縣,新港鄉,宮前村,8,中山路,奉天大厦,15號,,嘉義縣新港鄉宮前村8鄰中山路奉天大厦15號,,183373.96,2605898.27,172873,嘉義縣政府
TW,台灣省,嘉義縣,新港鄉,宮前村,8,中山路,奉天大厦,16號,,嘉義縣新港鄉宮前村8鄰中山路奉天大厦16號,,183374.23,2605900.91,172873,嘉義縣政府
TW,台灣省,嘉義縣,新港鄉,宮前村,8,中山路,奉天大厦,17號,,嘉義縣新港鄉宮前村8鄰中山路奉天大厦17號,,183374.23,2605904.09,172873,嘉義縣政府
TW,台灣省,嘉義縣,新港鄉,宮前村,8,中山路,奉天大厦,8號,1,嘉義縣新港鄉宮前村8鄰中山路奉天大厦8號之1,,183349.62,2605882.92