addr:TW:dataset,source,addr:couontry,addr:city,addr:district,addr:hamlet,addr:neighbourhood,addr:street,addr:housenumber,addr:floor,addr:unit,addr:full,x_3826,y_3826
168887,新北市政府,TW,新北市,板橋區,景星里,011,中山路一段,2號,B1,87,新北市板橋區景星里011鄰中山路一段2號地下一樓87號,296396.551600,2766670.0650000
168887,新北市政府,TW,新北市,板橋區,景星里,011,中山路一段,2號,B1,85,新北市板橋區景星里011鄰中山路一段2號地下一樓85號,296396.551600,2766670.0650000
168887,新北市政府,TW,新北市,板橋區,景星里,011,中山路一段,2號,B1,22,新北市板橋區景星里011鄰中山路一段2號地下一樓22號,296396.68690000003,2766670.0659
168887,新北市政府,TW,新北市,板橋區,景星里,011,中山路一段,2號,B1,76,新北市板橋區景星里011鄰中山路一段2號地下一樓76號,296396.551600,2766670.0650000
168887,新北市政府,TW,新北市,板橋區,景星里,011,中山路一段,2號,B1,30,新北市板橋區景星里011鄰中山路一段2號地下一樓30號,296396.551600,2766670.0650000
168887,新北市政府,TW,新北市,板橋區,景星里,011,中山路一段,2號,B1,74,新北市板橋區景星里011鄰中山路一段2號地下一樓74號,296396.551600,2766670.0650000
168887,新北市政府,TW,新北市,板橋區,景星里,011,中山路一段,2號,B1,32,新北市板橋區景星里011鄰中山路一段2號地下一樓32號,296396.68690000003,2766670.0659
168887,新北市政府,TW,新北市,板橋區,景星里,011,中山路一段,2號,B1,88,新北市板橋區景星里011鄰中山路一段2號地下一樓88號,296396.551600,2766670.0650000
168887,新北市政府,TW,新北市,板橋區,景星里,011,中山路一段,2號,B1,9,新北市板橋區景星里011鄰中山路一段2號地下一樓9號,296396.551600,2766670.0650000
168887,新北市政府,TW,新北市,板橋區,景星里,011,中山路一段,2號,B1,11,新北市板橋區景星里011鄰中山路一段2號地下一樓11號,296396.551600,2766670.0650000
168887,新北市政府,TW,新北市,板橋區,景星里,011,中山路一段,2號,B1,47,新北市板橋區景星里011鄰中山路一段2號地下一樓47號,296396.551600,2766670.0650000
168887,新北市政府,TW,新北市,板橋區,景星里,011,中山路一段,2號,B1,12,新北市板橋區景星里011鄰中山路一段2號地下一樓12號,296396.68690000003,2766670.0659
168887,新北市政府,TW,新北市,板橋區,景星里,011,中山路一段,2號,B1,67,新北市板橋區景星里011鄰中山路一段2號地下一樓67號,296396.551600,2766670.0650000
168887,新北市政府,TW,新北市,板橋區,景星里,011,中山路一段,2號,B1,25,新北市板橋區景星里011鄰中山路一段2號地下一樓25號,296396.551600,2766670.0650000
168887,新北市政府,TW,新北市,板橋區,景星里,011,中山路一段,2號,B1,86,新北市板橋區景星里011鄰中山路一段2號地下一樓86號,296396.551600,2766670.0650000
168887,新北市政府,TW,新北市,板橋區,景星里,011,中山路一段,2號,B1,44,新北市板橋區景星里011鄰中山路一段2號地下一樓44號,296396.551600,2766670.0650000
168887,新北市政府,TW,新北市,板橋區,景星里,011,中山路一段,2號,B1,75,新北市板橋區景星里011鄰中山路一段2號地下一樓75號,296396.551600,2766670.0650000
168887,新北市政府,TW,新北市,板橋區,景星里,011,中山路一段,2號,B1,14,新北市板橋區景星里011鄰中山路一段2號地下一樓14號,296396.551600,2766670.0650000
168887,新北市政府,TW,新北市,板橋區,景星里,011,中山路一段,2號,B1,38,新北市板橋區景星里011鄰中山路一段2號地下一樓38號,296396.551600,2766670.0650000
168887,新北市政府,TW,新北市,板橋區,景星里,011,中山路一段,2號,B1,61,新北市板橋區景星里011鄰中山路一段2號地下一樓61號,296396.551600,2766670.0650000
168887,新北市政府,TW,新北市,板橋區,景星里,011,中山路一段,2號,B1,46,新北市板橋區景星里011鄰中山路一段2號地下一樓46號,296396.551600,2766670.0650000
168887,新北市政府,TW,新北市,板橋區,景星里,011,中山路一段,2號,B1,13,新北市板橋區景星里011鄰中山路一段2號地下一樓13號,296396.551600,2766670.0650000
168887,新北市政府,TW,新北市,板橋區,景星里,011,中山路一段,2號,B1,1,新北市板橋區景星里011鄰中山路一段2號地下一樓1號,296396.551600,2766670.0650000
168887,新北市政府,TW,新北市,板橋區,景星里,011,中山路一段,2號,B1,72,新北市板橋區景星里011鄰中山路一段2號地下一樓72號,296396.68690000003,2766670.0659
168887,新北市政府,TW,新北市,板橋區,景星里,011,中山路一段,2號,B1,6,新北市板橋區景星里011鄰中山路一段2號地下一樓6號,296396.551600,2766670.0650000
168887,新北市政府,TW,新北市,板橋區,景星里,011,中山路一段,2號,B1,29,新北市板橋區景星里011鄰中山路一段2號地下一樓29號,296396.551600,2766670.0650000
168887,新北市政府,TW,新北市,板橋區,景星里,011,中山路一段,2號,B1,52,新北市板橋區景星里011鄰中山路一段2號地下一樓52號,296396.68690000003,2766670.0659
168887,新北市政府,TW,新北市,板橋區,景星里,011,中山路一段,2號,B1,66,新北市板橋區景星里011鄰中山路一段2號地下一樓66號,296396.551600,2766670.0650000
168887,新北市政府,TW,新北市,板橋區,景星里,011,中山路一段,2號,B1,55,新北市板橋區景星里011鄰中山路一段2號地下一樓55號,296396.551600,2766670.0650000
168887,新北市政府,TW,新北市,板橋區,景星里,011,中山路一段,2號,B1,28,新北市板橋區景星里011鄰中山路一段2號地下一樓28號,296396.551600,2766670.0650000
168887,新北市政府,TW,新北市,板橋區,景星里,011,中山路一段,2號,B1,27,新北市板橋區景星里011鄰中山路一段2號地下一樓27號,296396.551600,2766670.0650000
168887,新北市政府,TW,新北市,板橋區,景星里,011,中山路一段,2號,B1,31,新北市板橋區景星里011鄰中山路一段2號地下一樓31號,296396.551600,2766670.0650000
168887,新北市政府,TW,新北市,板橋區,景星里,011,中山路一段,2號,B1,41,新北市板橋區景星里011鄰中山路一段2號地下一樓41號,296396.551600,2766670.0650000
168887,新北市政府,TW,新北市,板橋區,景星里,011,中山路一段,2號,B1,80,新北市板橋區景星里011鄰中山路一段2號地下一樓80號,296396.551600,2766670.0650000
168887,新北市政府,TW,新北市,板橋區,景星里,011,中山路一段,2號,B1,35,新北市板橋區景星里011鄰中山路一段2號地下一樓35號,296396.551600,2766670.0650000
168887,新北市政府,TW,新北市,板橋區,景星里,011,中山路一段,2號,B1,84,新北市板橋區景星里011鄰中山路一段2號地下一樓84號,296396.551600,2766670.0650000
168887,新北市政府,TW,新北市,板橋區,景星里,011,中山路一段,2號,B1,73,新北市板橋區景星里011鄰中山路一段2號地下一樓73號,296396.551600,2766670.0650000
168887,新北市政府,TW,新北市,板橋區,景星里,011,中山路一段,2號,B1,26,新北市板橋區景星里011鄰中山路一段2號地下一樓26號,296396.551600,2766670.0650000
168887,新北市政府,TW,新北市,板橋區,景星里,011,中山路一段,2號,B1,56,新北市板橋區景星里011鄰中山路一段2號地下一樓56號,296396.551600,2766670.0650000
168887,新北市政府,TW,新北市,板橋區,景星里,011,中山路一段,2號,B1,19,新北市板橋區景星里011鄰中山路一段2號地下一樓19號,296396.551600,2766670.0650000
168887,新北市政府,TW,新北市,板橋區,景星里,011,中山路一段,2號,B1,49,新北市板橋區景星里011鄰中山路一段2號地下一樓49號,296396.551600,2766670.0650000
168887,新北市政府,TW,新北市,板橋區,景星里,011,中山路一段,2號,B1,83,新北市板橋區景星里011鄰中山路一段2號地下一樓83號,296396.551600,2766670.0650000
168887,新北市政府,TW,新北市,板橋區,景星里,011,中山路一段,2號,B1,3,新北市板橋區景星里011鄰中山路一段2號地下一樓3號,296396.551600,2766670.0650000
168887,新北市政府,TW,新北市,板橋區,景星里,011,中山路一段,2號,B1,53,新北市板橋區景星里011鄰中山路一段2號地下一樓53號,296396.551600,2766670.0650000
168887,新北市政府,TW,新北市,板橋區,景星里,011,中山路一段,2號,B1,40,新北市板橋區景星里011鄰中山路一段2號地下一樓40號,296396.551600,2766670.0650000
168887,新北市政府,TW,新北市,板橋區,景星里,011,中山路一段,2號,B1,48,新北市板橋區景星里011鄰中山路一段2號地下一樓48號,296396.551600,2766670.0650000
168887,新北市政府,TW,新北市,板橋區,景星里,011,中山路一段,2號,B1,23,新北市板橋區景星里011鄰中山路一段2號地下一樓23號,296396.551600,2766670.0650000
168887,新北市政府,TW,新北市,板橋區,景星里,011,中山路一段,2號,B1,17,新北市板橋區景星里011鄰中山路一段2號地下一樓17號,296396.551600,2766670.0650000
168887,新北市政府,TW,新北市,板橋區,景星里,011,中山路一段,2號,B1,8,新北市板橋區景星里011鄰中山路一段2號地下一樓8號,296396.551600,2766670.0650000
168887,新北市政府,TW,新北市,板橋區,景星里,011,中山路一段,2號,B1,81,新北市板橋區景星里011鄰中山路一段2號地下一樓81號,296396.551600,2766670.0650000
168887,新北市政府,TW,新北市,板橋區,景星里,011,中山路一段,2號,B1,42,新北市板橋區景星里011鄰中山路一段2號地下一樓42號,296396.68690000003,2766670.0659
168887,新北市政府,TW,新北市,板橋區,景星里,011,中山路一段,2號,B1,69,新北市板橋區景星里011鄰中山路一段2號地下一樓69號,296396.551600,2766670.0650000
168887,新北市政府,TW,新北市,板橋區,景星里,011,中山路一段,2號,B1,45,新北市板橋區景星里011鄰中山路一段2號地下一樓45號,296396.551600,2766670.0650000
168887,新北市政府,TW,新北市,板橋區,景星里,011,中山路一段,2號,B1,57,新北市板橋區景星里011鄰中山路一段2號地下一樓57號,296396.551600,2766670.0650000
168887,新北市政府,TW,新北市,板橋區,景星里,011,中山路一段,2號,B1,50,新北市板橋區景星里011鄰中山路一段2號地下一樓50號,296396.551600,2766670.0650000
168887,新北市政府,TW,新北市,板橋區,景星里,011,中山路一段,2號,B1,68,新北市板橋區景星里011鄰中山路一段2號地下一樓68號,296396.551600,2766670.0650000
168887,新北市政府,TW,新北市,板橋區,景星里,011,中山路一段,2號,B1,78,新北市板橋區景星里011鄰中山路一段2號地下一樓78號,296396.551600,2766670.0650000
168887,新北市政府,TW,新北市,板橋區,景星里,011,中山路一段,2號,B1,37,新北市板橋區景星里011鄰中山路一段2號地下一樓37號,296396.551600,2766670.0650000
168887,新北市政府,TW,新北市,板橋區,景星里,011,中山路一段,2號,B1,10,新北市板橋區景星里011鄰中山路一段2號地下一樓10號,296396.551600,2766670.0650000
168887,新北市政府,TW,新北市,板橋區,景星里,011,中山路一段,2號,B1,64,新北市板橋區景星里011鄰中山路一段2號地下一樓64號,296396.551600,2766670.0650000
168887,新北市政府,TW,新北市,板橋區,景星里,011,中山路一段,2號,B1,43,新北市板橋區景星里011鄰中山路一段2號地下一樓43號,296396.551600,2766670.0650000
168887,新北市政府,TW,新北市,板橋區,景星里,011,中山路一段,2號,B1,20,新北市板橋區景星里011鄰中山路一段2號地下一樓20號,296396.551600,2766670.0650000
168887,新北市政府,TW,新北市,板橋區,景星里,011,中山路一段,2號,B1,82,新北市板橋區景星里011鄰中山路一段2號地下一樓82號,296396.68690000003,2766670.0659
168887,新北市政府,TW,新北市,板橋區,景星里,011,中山路一段,2號,B1,51,新北市板橋區景星里011鄰中山路一段2號地下一樓51號,296396.551600,2766670.0650000
168887,新北市政府,TW,新北市,板橋區,景星里,011,中山路一段,2號,B1,54,新北市板橋區景星里011鄰中山路一段2號地下一樓54號,296396.551600,2766670.0650000
168887,新北市政府,TW,新北市,板橋區,景星里,011,中山路一段,2號,B1,60,新北市板橋區景星里011鄰中山路一段2號地下一樓60號,296396.551600,2766670.0650000
168887,新北市政府,TW,新北市,板橋區,景星里,011,中山路一段,2號,B1,18,新北市板橋區景星里011鄰中山路一段2號地下一樓18號,296396.551600,2766670.0650000
168887,新北市政府,TW,新北市,板橋區,景星里,011,中山路一段,2號,B1,34,新北市板橋區景星里011鄰中山路一段2號地下一樓34號,296396.551600,2766670.0650000
168887,新北市政府,TW,新北市,板橋區,景星里,011,中山路一段,2號,B1,70,新北市板橋區景星里011鄰中山路一段2號地下一樓70號,296396.551600,2766670.0650000
168887,新北市政府,TW,新北市,板橋區,景星里,011,中山路一段,2號,B1,79,新北市板橋區景星里011鄰中山路一段2號地下一樓79號,296396.551600,2766670.0650000
168887,新北市政府,TW,新北市,板橋區,景星里,011,中山路一段,2號,B1,36,新北市板橋區景星里011鄰中山路一段2號地下一樓36號,296396.551600,2766670.0650000
168887,新北市政府,TW,新北市,板橋區,景星里,011,中山路一段,2號,B1,77,新北市板橋區景星里011鄰中山路一段2號地下一樓77號,296396.551600,2766670.0650000
168887,新北市政府,TW,新北市,板橋區,景星里,011,中山路一段,2號,B1,89,新北市板橋區景星里011鄰中山路一段2號地下一樓89號,296396.551600,2766670.0650000
168887,新北市政府,TW,新北市,板橋區,景星里,011,中山路一段,2號,B1,2,新北市板橋區景星里011鄰中山路一段2號地下一樓2號,296396.68690000003,2766670.0659
168887,新北市政府,TW,新北市,板橋區,景星里,011,中山路一段,2號,B1,33,新北市板橋區景星里011鄰中山路一段2號地下一樓33號,296396.551600,2766670.0650000
168887,新北市政府,TW,新北市,板橋區,景星里,011,中山路一段,2號,B1,62,新北市板橋區景星里011鄰中山路一段2號地下一樓62號,296396.68690000003,2766670.0659
168887,新北市政府,TW,新北市,板橋區,景星里,011,中山路一段,2號,B1,4,新北市板橋區景星里011鄰中山路一段2號地下一樓4號,296396.551600,2766670.0650000
168887,新北市政府,TW,新北市,板橋區,景星里,011,中山路一段,2號,B1,5,新北市板橋區景星里011鄰中山路一段2號地下一樓5號,296396.551600,2766670.0650000
168887,新北市政府,TW,新北市,板橋區,景星里,011,中山路一段,2號,B1,71,新北市板橋區景星里011鄰中山路一段2號地下一樓71號,296396.551600,2766670.0650000
168887,新北市政府,TW,新北市,板橋區,景星里,011,中山路一段,2號,B1,58,新北市板橋區景星里011鄰中山路一段2號地下一樓58號,296396.551600,2766670.0650000
168887,新北市政府,TW,新北市,板橋區,景星里,011,中山路一段,2號,B1,39,新北市板橋區景星里011鄰中山路一段2號地下一樓39號,296396.551600,2766670.0650000
168887,新北市政府,TW,新北市,板橋區,景星里,011,中山路一段,2號,B1,59,新北市板橋區景星里011鄰中山路一段2號地下一樓59號,296396.551600,2766670.0650000
168887,新北市政府,TW,新北市,板橋區,景星里,011,中山路一段,2號,B1,16,新北市板橋區景星里011鄰中山路一段2號地下一樓16號,296396.551600,2766670.0650000
168887,新北市政府,TW,新北市,板橋區,景星里,011,中山路一段,2號,B1,2之1,新北市板橋區景星里011鄰中山路一段2號地下一樓2之1號,296396.551600,2766670.0650000
168887,新北市政府,TW,新北市,板橋區,景星里,011,中山路一段,2號,B1,15,新北市板橋區景星里011鄰中山路一段2號地下一樓15號,296396.551600,2766670.0650000
168887,新北市政府,TW,新北市,板橋區,景星里,011,中山路一段,2號,B1,63,新北市板橋區景星里011鄰中山路一段2號地下一樓63號,296396.551600,2766670.0650000
168887,新北市政府,TW,新北市,板橋區,景星里,011,中山路一段,2號,B1,24,新北市板橋區景星里011鄰中山路一段2號地下一樓24號,296396.551600,2766670.0650000
168887,新北市政府,TW,新北市,板橋區,景星里,011,中山路一段,2號,B1,7,新北市板橋區景星里011鄰中山路一段2號地下一樓7號,296396.551600,2766670.0650000
168887,新北市政府,TW,新北市,板橋區,景星里,011,中山路一段,2號,B1,21,新北市板橋區景星里011鄰中山路一段2號地下一樓21號,296396.551600,2766670.0650000
168887,新北市政府,TW,新北市,板橋區,景星里,011,中山路一段,2號,B1,65,新北市板橋區景星里011鄰中山路一段2號地下一樓65號,296396.551600,2766670.0650000
168887,新北市政府,TW,新北市,新莊區,光華里,027,民安西路,384號,9,1Ａ,新北市新莊區光華里027鄰民安西路384號九樓之1Ａ室,293211.945100,2766972.0470000
168887,新北市政府,TW,新北市,新莊區,光華里,027,民安西路,384號,9,2Ｂ,新北市新莊區光華里027鄰民安西路384號九樓之2Ｂ室,293211.945100,2766972.0470000
168887,新北市政府,TW,新北市,新莊區,光華里,027,民安西路,384號,9,1Ｂ,新北市新莊區光華里027鄰民安西路384號九樓之1Ｂ室,293211.945100,2766972.0470000
168887,新北市政府,TW,新北市,新莊區,光華里,027,民安西路,384號,9,2Ａ,新北市新莊區光華里027鄰民安西路384號九樓之2Ａ室,293211.945100,2766972.0470000
168887,新北市政府,TW,新北市,新莊區,光華里,027,民安西路,384號,9,2Ｃ,新北市新莊區光華里027鄰民安西路384號九樓之2Ｃ室,293211.945100,2766972.0470000
168887,新北市政府,TW,新北市,新莊區,光華里,027,民安西路,384號,10,2Ａ,新北市新莊區光華里027鄰民安西路384號十樓之2Ａ室,293211.945100,2766972.0470000
168887,新北市政府,TW,新北市,新莊區,光華里,027,民安西路,384號,10,1Ｂ,新北市新莊區光華里027鄰民安西路384號十樓之1Ｂ室,293211.945100,2766972.0470000
168887,新北市政府,TW,新北市,新莊區,光華里,027,民安西路,384號,10,1Ａ,新北市新莊區光華里027鄰民安西路384號十樓之1Ａ室,293211.945100,2766972.0470000
168887,新北市政府,TW,新北市,新莊區,光華里,027,民安西路,384號,10,2Ｂ,新北市新莊區光華里027鄰民安西路384號十樓之2Ｂ室,293211.945100,2766972.0470000
168887,新北市政府,TW,新北市,新莊區,光華里,027,民安西路,384號,11,2Ａ,新北市新莊區光華里027鄰民安西路384號十一樓之2Ａ室,293211.945100,2766972.0470000
168887,新北市政府,TW,新北市,新莊區,光華里,027,民安西路,384號,11,2Ｂ,新北市新莊區光華里027鄰民安西路384號十一樓之2Ｂ室,293211.945100,2766972.0470000
168887,新北市政府,TW,新北市,新莊區,光華里,027,民安西路,384號,11,2Ｃ,新北市新莊區光華里027鄰民安西路384號十一樓之2Ｃ室,293211.945100,2766972.0470000
168887,新北市政府,TW,新北市,新莊區,光華里,027,民安西路,384號,11,1Ｂ,新北市新莊區光華里027鄰民安西路384號十一樓之1Ｂ室,293211.945100,2766972.0470000
168887,新北市政府,TW,新北市,新莊區,光華里,027,民安西路,384號,11,1Ａ,新北市新莊區光華里027鄰民安西路384號十一樓之1Ａ室,293211.945100,2766972.0470000
168887,新北市政府,TW,新北市,新莊區,光華里,027,民安西路,384號,12,2Ｃ,新北市新莊區光華里027鄰民安西路384號十二樓之2Ｃ室,293211.945100,2766972.0470000
168887,新北市政府,TW,新北市,新莊區,光華里,027,民安西路,384號,12,2Ｂ,新北市新莊區光華里027鄰民安西路384號十二樓之2Ｂ室,293211.945100,2766972.0470000
168887,新北市政府,TW,新北市,新莊區,光華里,027,民安西路,384號,12,1Ａ,新北市新莊區光華里027鄰民安西路384號十二樓之1Ａ室,293211.945100,2766972.0470000
168887,新北市政府,TW,新北市,新莊區,光華里,027,民安西路,384號,12,1Ｂ,新北市新莊區光華里027鄰民安西路384號十二樓之1Ｂ室,293211.945100,2766972.0470000
168887,新北市政府,TW,新北市,新莊區,光華里,027,民安西路,384號,12,2Ａ,新北市新莊區光華里027鄰民安西路384號十二樓之2Ａ室,293211.945100,2766972.0470000
168887,新北市政府,TW,新北市,新莊區,光華里,027,民安西路,384號,11,1Ａ,新北市新莊區光華里027鄰民安西路384號十一樓之1Ａ室,293211.945100,2766972.0470000
168887,新北市政府,TW,新北市,金山區,美田里,021,中山路,Ａ區,395號,11,6,新北市金山區美田里021鄰中山路395號Ａ區十一樓之6,313797.382454,2790844.1992000
168887,新北市政府,TW,新北市,金山區,美田里,021,中山路,Ｂ區,395號,7,3,新北市金山區美田里021鄰中山路395號Ｂ區七樓之3,313788.911430,2790849.6497300
168887,新北市政府,TW,新北市,金山區,美田里,021,中山路,Ａ區,395號,9,1,新北市金山區美田里021鄰中山路395號Ａ區九樓之1,313797.382454,2790844.1992000
168887,新北市政府,TW,新北市,金山區,美田里,021,中山路,Ａ區,395號,6,5,新北市金山區美田里021鄰中山路395號Ａ區六樓之5,313797.382454,2790844.1992000
168887,新北市政府,TW,新北市,金山區,五湖里,002,中山路,87號,3,Ａ,新北市金山區五湖里002鄰中山路87號三樓Ａ,314503.562288,2790148.2020100
168887,新北市政府,TW,新北市,金山區,五湖里,002,中山路,87號,3,Ｂ,新北市金山區五湖里002鄰中山路87號三樓Ｂ,314499.297907,2790152.2023900
168887,新北市政府,TW,新北市,金山區,五湖里,002,中山路,87號,4,Ａ,新北市金山區五湖里002鄰中山路87號四樓Ａ,314503.562288,2790148.2020100
168887,新北市政府,TW,新北市,金山區,五湖里,002,中山路,87號,4,Ｂ,新北市金山區五湖里002鄰中山路87號四樓Ｂ,314499.297907,2790152.2023900
168887,新北市政府,TW,新北市,萬里區,萬里里,034,瑪鋉路,340號,3,Ａ,新北市萬里區萬里里034鄰瑪鋉路340號Ａ三樓,319329.323825,2786238.8445800
168887,新北市政府,TW,新北市,萬里區,萬里里,034,瑪鋉路,340號,2,Ａ,新北市萬里區萬里里034鄰瑪鋉路340號Ａ二樓,319329.323825,2786238.8445800
168887,新北市政府,TW,新北市,萬里區,萬里里,034,瑪鋉路,340號,2,Ｂ,新北市萬里區萬里里034鄰瑪鋉路340號Ｂ二樓,319329.323825,2786238.8445800
168887,新北市政府,TW,新北市,萬里區,萬里里,034,瑪鋉路,340號,4,Ｂ,新北市萬里區萬里里034鄰瑪鋉路340號Ｂ四樓,319329.323825,2786238.8445800
168887,新北市政府,TW,新北市,萬里區,萬里里,034,瑪鋉路,340號,4,Ａ,新北市萬里區萬里里034鄰瑪鋉路340號Ａ四樓,319329.323825,2786238.8445800
168887,新北市政府,TW,新北市,萬里區,萬里里,034,瑪鋉路,340號,3,Ｂ,新北市萬里區萬里里034鄰瑪鋉路340號Ｂ三樓,319329.323825,2786238.8445800
168887,新北市政府,TW,新北市,萬里區,萬里里,003,瑪鋉路,24號,2,Ａ,新北市萬里區萬里里003鄰瑪鋉路24號Ａ二樓,319452.768168,2785569.8700000
168887,新北市政府,TW,新北市,萬里區,萬里里,003,瑪鋉路,24號,,Ａ,新北市萬里區萬里里003鄰瑪鋉路24號Ａ,319452.768168,2785569.8700000
168887,新北市政府,TW,新北市,萬里區,萬里里,003,瑪鋉路,24號,,Ｂ,新北市萬里區萬里里003鄰瑪鋉路24號Ｂ,319452.768168,2785569.8700000
168887,新北市政府,TW,新北市,萬里區,萬里里,013,瑪鋉頂街,40號,4,Ａ,新北市萬里區萬里里013鄰瑪鋉頂街40號Ａ四樓,319472.885818,2785741.4365600
168887,新北市政府,TW,新北市,萬里區,萬里里,013,瑪鋉頂街,40號,4,Ｂ,新北市萬里區萬里里013鄰瑪鋉頂街40號Ｂ四樓,319480.903184,2785740.7965000
168887,新北市政府,TW,新北市,萬里區,萬里里,013,瑪鋉頂街,40號,,Ａ,新北市萬里區萬里里013鄰瑪鋉頂街40號Ａ,319472.885818,2785741.4365600
168887,新北市政府,TW,新北市,萬里區,萬里里,013,瑪鋉頂街,40號,2,Ａ,新北市萬里區萬里里013鄰瑪鋉頂街40號Ａ二樓,319472.885818,2785741.4365600
168887,新北市政府,TW,新北市,萬里區,萬里里,013,瑪鋉頂街,40號,5,Ｂ,新北市萬里區萬里里013鄰瑪鋉頂街40號Ｂ五樓,319480.903184,2785740.7965000
168887,新北市政府,TW,新北市,萬里區,萬里里,013,瑪鋉頂街,40號,3,Ｂ,新北市萬里區萬里里013鄰瑪鋉頂街40號Ｂ三樓,319480.903184,2785740.7965000
168887,新北市政府,TW,新北市,萬里區,萬里里,013,瑪鋉頂街,40號,5,Ａ,新北市萬里區萬里里013鄰瑪鋉頂街40號Ａ五樓,319472.885818,2785741.4365600
168887,新北市政府,TW,新北市,萬里區,萬里里,013,瑪鋉頂街,40號,3,Ａ,新北市萬里區萬里里013鄰瑪鋉頂街40號Ａ三樓,319472.885818,2785741.4365600
168887,新北市政府,TW,新北市,萬里區,萬里里,013,瑪鋉頂街,40號,2,Ｂ,新北市萬里區萬里里013鄰瑪鋉頂街40號Ｂ二樓,319480.903184,2785740.7965000
168887,新北市政府,TW,新北市,三峽區,礁溪里,010,介壽路一段,197號,2,Ｂ,新北市三峽區礁溪里010鄰介壽路一段197號二樓Ｂ室,288190.104822,2758163.6340900
168887,新北市政府,TW,新北市,三峽區,礁溪里,010,介壽路一段,197號,2,Ａ,新北市三峽區礁溪里010鄰介壽路一段197號二樓Ａ室,288190.104822,2758163.6340900
168887,新北市政府,TW,新北市,三峽區,礁溪里,010,介壽路一段,197號,3,Ａ,新北市三峽區礁溪里010鄰介壽路一段197號三樓Ａ室,288190.104822,2758163.6340900
168887,新北市政府,TW,新北市,三峽區,礁溪里,010,介壽路一段,197號,3,Ｂ,新北市三峽區礁溪里010鄰介壽路一段197號三樓Ｂ室,288190.104822,2758163.6340900
168887,新北市政府,TW,新北市,三峽區,礁溪里,010,介壽路一段,197號,5,Ａ,新北市三峽區礁溪里010鄰介壽路一段197號五樓Ａ室,288190.104822,2758163.63409
168887,新北市政府,TW,新北市,三峽區,礁溪里,010,介壽路一段,197號,5,Ｂ,新北市三峽區礁溪里010鄰介壽路一段197號五樓Ｂ室,288190.104822,2758163.6340900
168887,新北市政府,TW,新北市,三峽區,礁溪里,010,介壽路一段,197號,6,Ａ,新北市三峽區礁溪里010鄰介壽路一段197號六樓Ａ室,288190.104822,2758163.6340900
168887,新北市政府,TW,新北市,三峽區,礁溪里,010,介壽路一段,197號,6,Ｂ,新北市三峽區礁溪里010鄰介壽路一段197號六樓Ｂ室,288190.105000,2758163.6340000
168887,新北市政府,TW,新北市,三峽區,礁溪里,010,介壽路一段,197號,7,Ｂ,新北市三峽區礁溪里010鄰介壽路一段197號七樓Ｂ室,288190.104822,2758163.6340900
168887,新北市政府,TW,新北市,三峽區,礁溪里,010,介壽路一段,197號,7,Ａ,新北市三峽區礁溪里010鄰介壽路一段197號七樓Ａ室,288190.104822,2758163.6340900
168887,新北市政府,TW,新北市,泰山區,明志里,015,明志路二段372巷,1號,2,Ａ,新北市泰山區明志里015鄰明志路二段372巷1號二樓Ａ,292916.292652,2770817.1757100
168887,新北市政府,TW,新北市,泰山區,明志里,015,明志路二段372巷,1號,3,Ａ,新北市泰山區明志里015鄰明志路二段372巷1號三樓Ａ,292916.292652,2770817.1757100
168887,新北市政府,TW,新北市,泰山區,明志里,015,明志路二段372巷,1號,4,Ａ,新北市泰山區明志里015鄰明志路二段372巷1號四樓Ａ,292916.292652,2770817.1757100
168887,新北市政府,TW,新北市,泰山區,明志里,015,明志路二段372巷,1號,5,Ａ,新北市泰山區明志里015鄰明志路二段372巷1號五樓Ａ,292916.292652,2770817.1757100
168887,新北市政府,TW,新北市,泰山區,明志里,015,明志路二段372巷,3號,2,Ａ,新北市泰山區明志里015鄰明志路二段372巷3號二樓Ａ,292910.469339,2770822.7362500
168887,新北市政府,TW,新北市,泰山區,明志里,015,明志路二段372巷,3號,3,Ａ,新北市泰山區明志里015鄰明志路二段372巷3號三樓Ａ,292910.469339,2770822.7362500
168887,新北市政府,TW,新北市,泰山區,明志里,015,明志路二段372巷,3號,4,Ａ,新北市泰山區明志里015鄰明志路二段372巷3號四樓Ａ,292910.469339,2770822.7362500
168887,新北市政府,TW,新北市,泰山區,明志里,015,明志路二段372巷,3號,5,Ａ,新北市泰山區明志里015鄰明志路二段372巷3號五樓Ａ,292910.469339,2770822.7362500
168887,新北市政府,TW,新北市,板橋區,廣福里,006,和平路,42號,4,Ａ,新北市板橋區廣福里006鄰和平路42號四樓Ａ室,296503.024400,2765241.5207000
168887,新北市政府,TW,新北市,板橋區,廣福里,006,和平路,42號,4,Ｂ,新北市板橋區廣福里006鄰和平路42號四樓Ｂ室,296503.024400,2765241.5207000
168887,新北市政府,TW,新北市,板橋區,廣福里,006,和平路,38號,5,Ｂ,新北市板橋區廣福里006鄰和平路38號五樓Ｂ室,296495.351500,2765241.0015000
168887,新北市政府,TW,新北市,板橋區,廣福里,006,和平路,38號,4,Ｂ,新北市板橋區廣福里006鄰和平路38號四樓Ｂ室,296495.351500,2765241.0015000
168887,新北市政府,TW,新北市,板橋區,廣福里,006,和平路,38號,4,Ａ,新北市板橋區廣福里006鄰和平路38號四樓Ａ室,296495.351500,2765241.0015000
168887,新北市政府,TW,新北市,板橋區,廣福里,006,和平路,40號,4,Ａ,新北市板橋區廣福里006鄰和平路40號四樓Ａ室,296499.055700,2765241.0015000
168887,新北市政府,TW,新北市,板橋區,廣福里,006,和平路,40號,5,Ｂ,新北市板橋區廣福里006鄰和平路40號五樓Ｂ室,296499.055700,2765241.0015000
168887,新北市政府,TW,新北市,板橋區,廣福里,006,和平路,40號,4,Ｂ,新北市板橋區廣福里006鄰和平路40號四樓Ｂ室,296499.055700,2765241.0015000
168887,新北市政府,TW,新北市,板橋區,廣福里,006,和平路,36號,4,Ａ,新北市板橋區廣福里006鄰和平路36號四樓Ａ室,296491.382800,2765240.7269000
168887,新北市政府,TW,新北市,板橋區,廣福里,006,和平路,36號,5,Ｂ,新北市板橋區廣福里006鄰和平路36號五樓Ｂ室,296491.382800,2765240.7269000
168887,新北市政府,TW,新北市,板橋區,廣福里,006,和平路,36號,5,Ａ,新北市板橋區廣福里006鄰和平路36號五樓Ａ室,296491.382800,2765240.7269000
168887,新北市政府,TW,新北市,板橋區,廣福里,006,和平路,36號,4,Ｂ,新北市板橋區廣福里006鄰和平路36號四樓Ｂ室,296491.382800,2765240.7269000
168887,新北市政府,TW,新北市,新莊區,頭前里,010,化成路,205號,B1,38,新北市新莊區頭前里010鄰化成路205號之38地下一層,296880.922600,2771535.0084000
168887,新北市政府,TW,新北市,樹林區,東山里,005,東順街,82之2號,5,之1號,新北市樹林區東山里005鄰東順街82之2號五樓之1號,291326.346674,2763263.3664400
168887,新北市政府,TW,新北市,五股區,德音里,015,成泰路一段,235號之12,B1,3,新北市五股區德音里015鄰成泰路一段235號之12地下一層之3,294020.816806,2774714.4919800
168887,新北市政府,TW,新北市,林口區,菁湖里,009,中山路,248號,B1,1號,新北市林口區菁湖里009鄰中山路248號地下一層1號,288969.810173,2774640.6248400
168887,新北市政府,TW,新北市,林口區,菁湖里,009,中山路,248號,B1,3號,新北市林口區菁湖里009鄰中山路248號地下一層3號,288980.236048,2774661.6768800
168887,新北市政府,TW,新北市,林口區,菁湖里,009,中山路,248號,B1,2號,新北市林口區菁湖里009鄰中山路248號地下一層2號,288975.039607,2774662.7669800
168887,新北市政府,TW,新北市,林口區,西林里,016,中正路505巷,5號,B1,23號,新北市林口區西林里016鄰中正路505巷5號地下一層23號,288682.694435,2774391.6408100
168887,新北市政府,TW,新北市,林口區,西林里,016,中正路505巷,5號,B1,12號,新北市林口區西林里016鄰中正路505巷5號地下一層12號,288682.694435,2774391.6408100
168887,新北市政府,TW,新北市,林口區,西林里,016,中正路505巷,5號,B1,19號,新北市林口區西林里016鄰中正路505巷5號地下一層19號,288682.694435,2774391.6408100
168887,新北市政府,TW,新北市,林口區,西林里,016,中正路505巷,5號,B1,22號,新北市林口區西林里016鄰中正路505巷5號地下一層22號,288682.694435,2774391.6408100
168887,新北市政府,TW,新北市,林口區,西林里,016,中正路505巷,5號,B1,26號,新北市林口區西林里016鄰中正路505巷5號地下一層26號,288682.694435,2774391.6408100
168887,新北市政府,TW,新北市,林口區,西林里,016,中正路505巷,5號,B1,13號,新北市林口區西林里016鄰中正路505巷5號地下一層13號,288682.694435,2774391.6408100
168887,新北市政府,TW,新北市,林口區,西林里,016,中正路505巷,5號,B1,15號,新北市林口區西林里016鄰中正路505巷5號地下一層15號,288682.694435,2774391.6408100
168887,新北市政府,TW,新北市,林口區,西林里,016,中正路505巷,5號,B1,4號,新北市林口區西林里016鄰中正路505巷5號地下一層4號,288682.694435,2774391.6408100
168887,新北市政府,TW,新北市,林口區,西林里,016,中正路505巷,5號,B1,11號,新北市林口區西林里016鄰中正路505巷5號地下一層11號,288682.694435,2774391.6408100
168887,新北市政府,TW,新北市,林口區,西林里,016,中正路505巷,5號,B1,1號,新北市林口區西林里016鄰中正路505巷5號地下一層1號,288682.694435,2774391.6408100
168887,新北市政府,TW,新北市,林口區,西林里,016,中正路505巷,5號,B1,10號,新北市林口區西林里016鄰中正路505巷5號地下一層10號,288682.694435,2774391.6408100
168887,新北市政府,TW,新北市,林口區,西林里,016,中正路505巷,5號,B1,2號,新北市林口區西林里016鄰中正路505巷5號地下一層2號,288682.694435,2774391.6408100
168887,新北市政府,TW,新北市,林口區,西林里,016,中正路505巷,5號,B1,17號,新北市林口區西林里016鄰中正路505巷5號地下一層17號,288682.694435,2774391.6408100
168887,新北市政府,TW,新北市,林口區,西林里,016,中正路505巷,5號,B1,5號,新北市林口區西林里016鄰中正路505巷5號地下一層5號,288682.694435,2774391.6408100
168887,新北市政府,TW,新北市,林口區,西林里,016,中正路505巷,5號,B1,16號,新北市林口區西林里016鄰中正路505巷5號地下一層16號,288682.694435,2774391.6408100
168887,新北市政府,TW,新北市,林口區,西林里,016,中正路505巷,5號,B1,8號,新北市林口區西林里016鄰中正路505巷5號地下一層8號,288682.694435,2774391.6408100
168887,新北市政府,TW,新北市,林口區,西林里,016,中正路505巷,5號,B1,21號,新北市林口區西林里016鄰中正路505巷5號地下一層21號,288682.694435,2774391.6408100
168887,新北市政府,TW,新北市,林口區,西林里,016,中正路505巷,5號,B1,24號,新北市林口區西林里016鄰中正路505巷5號地下一層24號,288682.694435,2774391.6408100
168887,新北市政府,TW,新北市,林口區,西林里,016,中正路505巷,5號,B1,25號,新北市林口區西林里016鄰中正路505巷5號地下一層25號,288682.694435,2774391.6408100
168887,新北市政府,TW,新北市,林口區,西林里,016,中正路505巷,5號,B1,9號,新北市林口區西林里016鄰中正路505巷5號地下一層9號,288682.694435,2774391.6408100
168887,新北市政府,TW,新北市,林口區,西林里,016,中正路505巷,5號,B1,6號,新北市林口區西林里016鄰中正路505巷5號地下一層6號,288682.694435,2774391.6408100
168887,新北市政府,TW,新北市,林口區,西林里,016,中正路505巷,5號,B1,7號,新北市林口區西林里016鄰中正路505巷5號地下一層7號,288682.694435,2774391.6408100
168887,新北市政府,TW,新北市,林口區,西林里,016,中正路505巷,5號,B1,14號,新北市林口區西林里016鄰中正路505巷5號地下一層14號,288682.694435,2774391.6408100
168887,新北市政府,TW,新北市,林口區,西林里,016,中正路505巷,5號,B1,3號,新北市林口區西林里016鄰中正路505巷5號地下一層3號,288682.694435,2774391.6408100
168887,新北市政府,TW,新北市,林口區,西林里,016,中正路505巷,5號,B1,27號,新北市林口區西林里016鄰中正路505巷5號地下一層27號,288682.694435,2774391.6408100
168887,新北市政府,TW,新北市,林口區,西林里,016,中正路505巷,5號,B1,18號,新北市林口區西林里016鄰中正路505巷5號地下一層18號,288682.694435,2774391.6408100
168887,新北市政府,TW,新北市,林口區,西林里,016,中正路505巷,5號,B1,20號,新北市林口區西林里016鄰中正路505巷5號地下一層20號,288682.694435,2774391.6408100
168887,新北市政府,TW,新北市,烏來區,烏來里,003,啦卡路,2號,B1,10,新北市烏來區烏來里003鄰啦卡路2號之10地下一層,305889.883957,2750810.2141600
