addr:TW:dataset,source,addr:couontry,addr:city,addr:district,addr:hamlet,addr:neighbourhood,addr:place,addr:housenumber,addr:unit,addr:full,description,x_3826,y_3826
168887,新北市政府,TW,新北市,淡水區,中和里,001,小中寮,8號,,新北市淡水區中和里001鄰小中寮8號,農業資材室不供設籍,298389.3363302997,2791777.8397885603
168887,新北市政府,TW,新北市,淡水區,中和里,001,小中寮,10號,1,新北市淡水區中和里001鄰小中寮10號之1,農業資材室,298730.7649139844,2791714.616730298
168887,新北市政府,TW,新北市,淡水區,中和里,001,小中寮,10號,2,新北市淡水區中和里001鄰小中寮10號之2,農業資材室,298762.2764954584,2791781.650281045
168887,新北市政府,TW,新北市,淡水區,中和里,002,小中寮,13之7號,,新北市淡水區中和里002鄰小中寮13之7號,農業資材室不供設籍,298864.59963611496,2791471.442559402
168887,新北市政府,TW,新北市,淡水區,中和里,002,小中寮,13之6號,,新北市淡水區中和里002鄰小中寮13之6號,農業資材室不供設籍,298864.53207089693,2791460.2081074784
168887,新北市政府,TW,新北市,淡水區,中和里,004,梀板頭,23之6號,,新北市淡水區中和里004鄰梀板頭23之6號,農業資材室不供設籍,299243.3654557443,2791562.553636884
168887,新北市政府,TW,新北市,淡水區,中和里,004,梀板頭,23之7號,,新北市淡水區中和里004鄰梀板頭23之7號,農業資材室不供設籍,299183.752809689,2791576.715607249
168887,新北市政府,TW,新北市,淡水區,中和里,004,梀板頭,23號,10,新北市淡水區中和里004鄰梀板頭23號之10,農業資材室,299301.47586867,2791537.958576035
168887,新北市政府,TW,新北市,淡水區,中和里,008,小中寮,3號,6,新北市淡水區中和里008鄰小中寮3號之6,農業資材室,299551.2937507846,2790841.958192505
168887,新北市政府,TW,新北市,淡水區,中和里,008,崙頂,5之3號,,新北市淡水區中和里008鄰崙頂5之3號,農業資材室不供設籍,299719.69620384974,2790722.5404445706
168887,新北市政府,TW,新北市,淡水區,中和里,011,北勢子,13之3號,,新北市淡水區中和里011鄰北勢子13之3號,農業資材室不供設籍,298177.2719,2791457.1514
168887,新北市政府,TW,新北市,淡水區,中和里,003,小中寮,19之10號,,新北市淡水區中和里003鄰小中寮19之10號,農業資料室不供設籍,298924.9058,2791106.7581
168887,新北市政府,TW,新北市,淡水區,中和里,001,小中寮,9之13號,,新北市淡水區中和里001鄰小中寮9之13號,農業資材室不供設籍,298649.85360000003,2791769.4701
168887,新北市政府,TW,新北市,淡水區,中和里,006,小中寮,32之2號,,新北市淡水區中和里006鄰小中寮32之2號,農業資材室不供設籍,299480.9414,2790866.9862
168887,新北市政府,TW,新北市,淡水區,中和里,003,小中寮,15之7號,,新北市淡水區中和里003鄰小中寮15之7號,農業資材室不供設籍,298821.4963,2791414.5988000003
168887,新北市政府,TW,新北市,淡水區,中和里,003,小中寮,15之6號,,新北市淡水區中和里003鄰小中寮15之6號,農業資材室不供設籍,298858.7769,2791418.2272
168887,新北市政府,TW,新北市,淡水區,中和里,003,小中寮,15之8號,,新北市淡水區中和里003鄰小中寮15之8號,農業資材室不供設籍,298799.4693,2791324.5768999997
168887,新北市政府,TW,新北市,淡水區,中和里,006,小中寮,38號,,新北市淡水區中和里006鄰小中寮38號,農業資材室不供設籍,299129.3541,2791004.316
168887,新北市政府,TW,新北市,淡水區,中和里,003,小中寮,15之9號,,新北市淡水區中和里003鄰小中寮15之9號,農業資材室不供設籍,298781.6671,2791315.106
168887,新北市政府,TW,新北市,淡水區,中和里,006,小中寮,39號,,新北市淡水區中和里006鄰小中寮39號,農業資材室,299101.125200,2791009.6808000
168887,新北市政府,TW,新北市,淡水區,中和里,008,崙頂,5之2號,,新北市淡水區中和里008鄰崙頂5之2號,農業資材室不供設籍,299714.4801,2790737.8465
168887,新北市政府,TW,新北市,淡水區,北投里,013,北投子,92之15號,,新北市淡水區北投里013鄰北投子92之15號,農業資材室不供設籍,297765.4935168335,2785955.8820898207
168887,新北市政府,TW,新北市,淡水區,北投里,013,北投子,92之7號,,新北市淡水區北投里013鄰北投子92之7號,農業資材室不供設籍,297648.19673328753,2785483.46298214
168887,新北市政府,TW,新北市,淡水區,北投里,013,北投子,92之13號,,新北市淡水區北投里013鄰北投子92之13號,農業資材室不供設籍,297733.3605,2785961.543
168887,新北市政府,TW,新北市,淡水區,北投里,013,北投子,92之11號,,新北市淡水區北投里013鄰北投子92之11號,農業資材室不供設籍,297574.994057,2785820.2969255
168887,新北市政府,TW,新北市,淡水區,北投里,013,北投子,92之12號,,新北市淡水區北投里013鄰北投子92之12號,農業資材室不供設籍,297718.69550000003,2785934.1742000002
168887,新北市政府,TW,新北市,淡水區,北投里,013,北投子,92之25號,,新北市淡水區北投里013鄰北投子92之25號,農業資材室不供設籍,297894.291947,2785649.1658200
168887,新北市政府,TW,新北市,淡水區,坪頂里,007,吳仔厝,8號,,新北市淡水區坪頂里007鄰吳仔厝8號,農業資材室不供設籍,298491.9680751448,2782219.327880968
168887,新北市政府,TW,新北市,淡水區,坪頂里,001,小坪頂,101號,1,新北市淡水區坪頂里001鄰小坪頂101號之1,農業資材室,299433.3453832381,2783678.453881613
168887,新北市政府,TW,新北市,淡水區,坪頂里,001,小坪頂,101號,,新北市淡水區坪頂里001鄰小坪頂101號,林業資材室,299318.479670636,2783715.791847366
168887,新北市政府,TW,新北市,淡水區,坪頂里,009,三空泉,16之10號,,新北市淡水區坪頂里009鄰三空泉16之10號,農業資材室不供設籍,297573.209112,2784093.5152906
168887,新北市政府,TW,新北市,淡水區,屯山里,013,桂竹圍,4之5號,,新北市淡水區屯山里013鄰桂竹圍4之5號,農業資材室不供設籍,297826.2227024752,2791592.6547818966
168887,新北市政府,TW,新北市,淡水區,屯山里,006,溪口,4之12號,,新北市淡水區屯山里006鄰溪口4之12號,農業資材室不供設籍,295681.3339390955,2792216.2228043806
168887,新北市政府,TW,新北市,淡水區,屯山里,006,石頭厝,3號,7,新北市淡水區屯山里006鄰石頭厝3號之7,農業資材室,296338.32516387023,2791880.101413845
168887,新北市政府,TW,新北市,淡水區,屯山里,006,石頭厝,3號,6,新北市淡水區屯山里006鄰石頭厝3號之6,農業資材室,296046.79113172094,2791865.9379524332
168887,新北市政府,TW,新北市,淡水區,屯山里,006,番子田,3號,8,新北市淡水區屯山里006鄰番子田3號之8,門票收費設施,296266.66994455404,2791734.595284851
168887,新北市政府,TW,新北市,淡水區,屯山里,006,石頭厝,3之5號,,新北市淡水區屯山里006鄰石頭厝3之5號,農業資材室不供設籍,296136.7120650558,2791885.5941899084
168887,新北市政府,TW,新北市,淡水區,屯山里,007,石頭厝,6號,2,新北市淡水區屯山里007鄰石頭厝6號之2,農業資材室,296640.16376521974,2792354.4016760313
168887,新北市政府,TW,新北市,淡水區,屯山里,008,石頭厝,11號,3,新北市淡水區屯山里008鄰石頭厝11號之3,農業資材室,296645.33245182893,2792128.741039973
168887,新北市政府,TW,新北市,淡水區,屯山里,009,番社前,21號,,新北市淡水區屯山里009鄰番社前21號,農業資材室不供設籍,297260.5132508329,2792115.9188291174
168887,新北市政府,TW,新北市,淡水區,屯山里,004,六塊厝,14之2號,,新北市淡水區屯山里004鄰六塊厝14之2號,農業資材室不供設籍,295675.51029999996,2792445.4284
168887,新北市政府,TW,新北市,淡水區,屯山里,005,六塊厝,16之8號,,新北市淡水區屯山里005鄰六塊厝16之8號,農業資材室不供設籍,295806.728,2792778.3503
168887,新北市政府,TW,新北市,淡水區,屯山里,013,桂竹圍,3之12號,,新北市淡水區屯山里013鄰桂竹圍3之12號,農業資材室,297454.456700,2791938.7452000
168887,新北市政府,TW,新北市,淡水區,屯山里,006,溪口,4之18號,,新北市淡水區屯山里006鄰溪口4之18號,農業資材室,295683.064100,2792202.8459000
168887,新北市政府,TW,新北市,淡水區,屯山里,008,石頭厝,14之32號,,新北市淡水區屯山里008鄰石頭厝14之32號,農業資材室不供設籍,296937.9193,2792210.7417
168887,新北市政府,TW,新北市,淡水區,屯山里,006,石頭厝,2之7號,,新北市淡水區屯山里006鄰石頭厝2之7號,農業資材室不供設籍,296342.258500,2791981.4503000
168887,新北市政府,TW,新北市,淡水區,屯山里,008,石頭厝,14之8號,,新北市淡水區屯山里008鄰石頭厝14之8號,農業資材室不供設籍,296981.424419,2792032.8499935
168887,新北市政府,TW,新北市,淡水區,忠寮里,003,口湖子,5號,,新北市淡水區忠寮里003鄰口湖子5號,農業資材室不供設籍,297959.36832926853,2786925.9105521864
168887,新北市政府,TW,新北市,淡水區,忠寮里,012,桂花樹,1號,19,新北市淡水區忠寮里012鄰桂花樹1號之19,農業資材室,298715.53188834665,2787569.4473219723
168887,新北市政府,TW,新北市,淡水區,忠寮里,001,泉州厝,2號,,新北市淡水區忠寮里001鄰泉州厝2號,農業資材室不供設籍,298323.8370080201,2786757.477923964
168887,新北市政府,TW,新北市,淡水區,忠寮里,007,演戲埔腳,2之8號,,新北市淡水區忠寮里007鄰演戲埔腳2之8號,農業資材室不供設籍,297871.53843939345,2787193.6408043853
168887,新北市政府,TW,新北市,淡水區,忠寮里,005,竹圍子,8之15號,,新北市淡水區忠寮里005鄰竹圍子8之15號,農業資材室不供設籍,298449.2058159225,2787215.4248308404
168887,新北市政府,TW,新北市,淡水區,忠寮里,005,竹圍子,8之17號,,新北市淡水區忠寮里005鄰竹圍子8之17號,農業設施不供設籍,298413.0685250276,2787388.08087912
168887,新北市政府,TW,新北市,淡水區,忠寮里,011,後寮,9之1號,,新北市淡水區忠寮里011鄰後寮9之1號,農業資材室不供設籍,298161.793750,2787906.3500000
168887,新北市政府,TW,新北市,淡水區,忠寮里,012,桂花樹,1之17號,,新北市淡水區忠寮里012鄰桂花樹1之17號,農業資材室不供設籍,298440.0966,2787554.4364
168887,新北市政府,TW,新北市,淡水區,忠寮里,009,水尾子,6號,,新北市淡水區忠寮里009鄰水尾子6號,農業資材室不供設籍,296747.7575,2787514.5596
168887,新北市政府,TW,新北市,淡水區,忠寮里,009,水尾子,7號,,新北市淡水區忠寮里009鄰水尾子7號,農業資材室不供設籍,296741.5034,2787564.4071
168887,新北市政府,TW,新北市,淡水區,忠寮里,007,演戲埔腳,2之12號,,新北市淡水區忠寮里007鄰演戲埔腳2之12號,農機具室不供設籍,297895.564806,2787173.2198267
168887,新北市政府,TW,新北市,淡水區,忠寮里,010,破瓦厝子,2之5號,,新北市淡水區忠寮里010鄰破瓦厝子2之5號,農業資材室不供設籍,297716.8406,2787804.9312
168887,新北市政府,TW,新北市,淡水區,忠寮里,010,破瓦厝子,1之11號,,新北市淡水區忠寮里010鄰破瓦厝子1之11號,農業資材室不供設籍,297855.8216,2787880.7761
168887,新北市政府,TW,新北市,淡水區,忠寮里,004,竹圍子,5之3號,,新北市淡水區忠寮里004鄰竹圍子5之3號,農業資材室不供設籍,298698.8986,2787206.0126
168887,新北市政府,TW,新北市,淡水區,忠寮里,005,竹圍子,8之13號,,新北市淡水區忠寮里005鄰竹圍子8之13號,農業資材室不供設籍,298343.59112704656,2787298.20127762
168887,新北市政府,TW,新北市,淡水區,忠寮里,005,竹圍子,8之12號,,新北市淡水區忠寮里005鄰竹圍子8之12號,農業資材室不供設籍,298524.5208,2787255.2308
168887,新北市政府,TW,新北市,淡水區,忠寮里,004,竹圍子,6之5號,,新北市淡水區忠寮里004鄰竹圍子6之5號,農業資材室,298542.367700,2787260.4126000
168887,新北市政府,TW,新北市,淡水區,忠寮里,005,竹圍子,8之11號,,新北市淡水區忠寮里005鄰竹圍子8之11號,農業資材室不供設籍,298469.7737817038,2787239.237225781
168887,新北市政府,TW,新北市,淡水區,忠寮里,005,竹圍子,8之9號,,新北市淡水區忠寮里005鄰竹圍子8之9號,農業資材室不供設籍,298365.427800,2787256.8134383
168887,新北市政府,TW,新北市,淡水區,忠山里,001,三塊厝,3號,7,新北市淡水區忠山里001鄰三塊厝3號之7,農業資材室,295888.6977210705,2789035.420665537
168887,新北市政府,TW,新北市,淡水區,忠山里,006,中洲子,2號,1,新北市淡水區忠山里006鄰中洲子2號之1,農業資材室,298139.4687795178,2788371.7277092612
168887,新北市政府,TW,新北市,淡水區,忠山里,007,番子厝,1號,8,新北市淡水區忠山里007鄰番子厝1號之8,農業資材室,297112.47736834444,2788401.9917859994
168887,新北市政府,TW,新北市,淡水區,忠山里,007,番子厝,6號,1,新北市淡水區忠山里007鄰番子厝6號之1,農業資材室,296895.8903090969,2788384.3052557255
168887,新北市政府,TW,新北市,淡水區,忠山里,001,三塊厝,9號,,新北市淡水區忠山里001鄰三塊厝9號,農業資材室不供設籍,296047.0111,2789172.5512
168887,新北市政府,TW,新北市,淡水區,忠山里,002,後坑子,3之1號,,新北市淡水區忠山里002鄰後坑子3之1號,農業資材室不供設籍,296655.5797,2788836.624
168887,新北市政府,TW,新北市,淡水區,忠山里,003,椿子林,29號,,新北市淡水區忠山里003鄰椿子林29號,農業資材室,298573.1668151064,2788561.985882811
168887,新北市政府,TW,新北市,淡水區,樹興里,002,埔子頂,8號,1,新北市淡水區樹興里002鄰埔子頂8號之1,農業資材室,298757.5963674824,2785228.7659508074
168887,新北市政府,TW,新北市,淡水區,樹興里,003,糞箕湖,1之10號,,新北市淡水區樹興里003鄰糞箕湖1之10號,農業資材室不供設籍,298688.7128596673,2784804.832886376
168887,新北市政府,TW,新北市,淡水區,樹興里,010,樹林口,18之3號,,新北市淡水區樹興里010鄰樹林口18之3號,農業資材室不供設籍,298298.4035,2784580.6766999997
168887,新北市政府,TW,新北市,淡水區,樹興里,012,樹林口,45號,,新北市淡水區樹興里012鄰樹林口45號,農業資材室不供設籍,297074.5518,2784536.565
168887,新北市政府,TW,新北市,淡水區,樹興里,005,興福寮,1之9號,,新北市淡水區樹興里005鄰興福寮1之9號,農業資材室不供設籍,299132.5826,2784256.4218
168887,新北市政府,TW,新北市,淡水區,樹興里,005,興福寮,100之2號,,新北市淡水區樹興里005鄰興福寮100之2號,管理員室不供設籍,298974.894989,2784150.1061267
168887,新北市政府,TW,新北市,淡水區,民生里,005,樹梅坑,2之8號,,新北市淡水區民生里005鄰樹梅坑2之8號,林業資材室不供設籍,297305.19552359136,2782057.1956940964
168887,新北市政府,TW,新北市,淡水區,民生里,005,樹梅坑,3之5號,,新北市淡水區民生里005鄰樹梅坑3之5號,農業資材室不供設籍,297449.5619170647,2782100.568558905
168887,新北市政府,TW,新北市,淡水區,民生里,005,樹梅坑,3號,6,新北市淡水區民生里005鄰樹梅坑3號之6,農業資材室,297477.21398349357,2782189.4163105264
168887,新北市政府,TW,新北市,淡水區,民生里,005,樹梅坑,19之2號,,新北市淡水區民生里005鄰樹梅坑19之2號,農業資材室不供設籍,297493.24179999996,2781570.7881
168887,新北市政府,TW,新北市,淡水區,民生里,005,樹梅坑,10之2號,,新北市淡水區民生里005鄰樹梅坑10之2號,農業資材室不供設籍,297737.2424,2781608.8117
168887,新北市政府,TW,新北市,淡水區,民生里,005,樹梅坑,19之1號,,新北市淡水區民生里005鄰樹梅坑19之1號,農業資材室不供設籍,297494.9154,2781587.1463
168887,新北市政府,TW,新北市,淡水區,民生里,005,樹梅坑,2之9號,,新北市淡水區民生里005鄰樹梅坑2之9號,農業資材室,297309.517600,2782039.5674000
168887,新北市政府,TW,新北市,淡水區,民生里,005,樹梅坑,6之10號,,新北市淡水區民生里005鄰樹梅坑6之10號,農業資材室不供設籍,297681.404,2782053.3966
168887,新北市政府,TW,新北市,淡水區,民生里,005,樹梅坑,6之9號,,新北市淡水區民生里005鄰樹梅坑6之9號,農業資材室,297651.941700,2782010.6652000
168887,新北市政府,TW,新北市,淡水區,民生里,005,樹梅坑,7之8號,,新北市淡水區民生里005鄰樹梅坑7之8號,農業資材室不供設籍,297655.32910000003,2781931.3278
168887,新北市政府,TW,新北市,淡水區,水源里,006,南勢埔32巷,13號,,新北市淡水區水源里006鄰南勢埔32巷13號,農業資材室不供設籍,298918.41317547066,2785813.3466222654
168887,新北市政府,TW,新北市,淡水區,水源里,003,山子邊,7號,3,新北市淡水區水源里003鄰山子邊7號之3,農業資材室,298641.8208261046,2786338.9278643182
168887,新北市政府,TW,新北市,淡水區,水源里,017,山子邊,22號,3,新北市淡水區水源里017鄰山子邊22號之3,農業資材室,299630.901832739,2786776.445412416
168887,新北市政府,TW,新北市,淡水區,水源里,020,楓樹湖,23號,1,新北市淡水區水源里020鄰楓樹湖23號之1,農業資材室,300372.0664058734,2787094.672974939
168887,新北市政府,TW,新北市,淡水區,水源里,012,社厝坑,6之2號,,新北市淡水區水源里012鄰社厝坑6之2號,農業資材室不供設籍,297389.82261070225,2786928.130082131
168887,新北市政府,TW,新北市,淡水區,水源里,012,社厝坑,6號,3,新北市淡水區水源里012鄰社厝坑6號之3,農業資材室,297434.3465581224,2786873.978000293
168887,新北市政府,TW,新北市,淡水區,水源里,007,南勢埔,36之2號,,新北市淡水區水源里007鄰南勢埔36之2號,農業資材室不供設籍,298936.5705,2785558.5619
168887,新北市政府,TW,新北市,淡水區,水源里,021,大溪,7之5號,,新北市淡水區水源里021鄰大溪7之5號,林業資材室不供設籍,300134.640833,2787138.0067084
168887,新北市政府,TW,新北市,淡水區,水源里,021,大溪,7之6號,,新北市淡水區水源里021鄰大溪7之6號,林業資材室不供設籍,300081.3233,2787118.3181
168887,新北市政府,TW,新北市,淡水區,水源里,003,山子邊,5之9號,,新北市淡水區水源里003鄰山子邊5之9號,農業資材室不供設籍,298774.9657,2786239.7772000003
168887,新北市政府,TW,新北市,淡水區,水源里,003,山子邊,15之6號,,新北市淡水區水源里003鄰山子邊15之6號,農業資材室不供設籍,298546.81909999996,2786254.5903000003
168887,新北市政府,TW,新北市,淡水區,水源里,003,山子邊,15之5號,,新北市淡水區水源里003鄰山子邊15之5號,農業資材室不供設籍,298545.4016,2786272.9751
168887,新北市政府,TW,新北市,淡水區,水源里,003,山子邊,17號,,新北市淡水區水源里003鄰山子邊17號,農業資材室不供設籍,298988.9189,2786062.2764999997
168887,新北市政府,TW,新北市,淡水區,水源里,017,山子頂,22之19號,,新北市淡水區水源里017鄰山子頂22之19號,農業資材室不供設籍,299469.4449,2786956.5849
168887,新北市政府,TW,新北市,淡水區,水源里,017,山子頂,22之18號,,新北市淡水區水源里017鄰山子頂22之18號,農業資材室不供設籍,299542.972833,2786942.5501233
168887,新北市政府,TW,新北市,淡水區,水源里,018,楓樹湖,3之7號,,新北市淡水區水源里018鄰楓樹湖3之7號,農業資材室不供設籍,300035.3852,2786720.0225
168887,新北市政府,TW,新北市,淡水區,水源里,008,瓦磘坑,6之3號,,新北市淡水區水源里008鄰瓦磘坑6之3號,農業資材室不供設籍,298056.7106,2785966.9241
168887,新北市政府,TW,新北市,淡水區,水源里,008,瓦磘坑,7之15號,,新北市淡水區水源里008鄰瓦磘坑7之15號,農業資材室不供設籍,298083.575358,2785984.2390117
168887,新北市政府,TW,新北市,淡水區,水源里,012,社厝坑,13號,,新北市淡水區水源里012鄰社厝坑13號,農業資材室不供設籍,297155.2991,2787024.7983999997
168887,新北市政府,TW,新北市,淡水區,興仁里,014,大牛稠,6之1號,,新北市淡水區興仁里014鄰大牛稠6之1號,農業資材室不供設籍,297305.3037,2790107.7224000003
168887,新北市政府,TW,新北市,淡水區,興仁里,014,大牛稠,7號,,新北市淡水區興仁里014鄰大牛稠7號,農業資材室不供設籍,297446.43,2790013.9611
168887,新北市政府,TW,新北市,淡水區,蕃薯里,004,南平,18之6號,,新北市淡水區蕃薯里004鄰南平18之6號,農業資材室不供設籍,299420.8908995154,2790072.660343477
168887,新北市政府,TW,新北市,淡水區,蕃薯里,006,南平,12之5號,,新北市淡水區蕃薯里006鄰南平12之5號,農業資材室不供設籍,298458.1212648565,2790105.711188946
168887,新北市政府,TW,新北市,淡水區,蕃薯里,006,南平,12之3號,,新北市淡水區蕃薯里006鄰南平12之3號,農業資材室不供設籍,298391.9333022851,2790188.615733133
168887,新北市政府,TW,新北市,淡水區,蕃薯里,001,水碓,1之1號,,新北市淡水區蕃薯里001鄰水碓1之1號,農業資材室不供設籍,297796.3933477243,2790442.4585639955
168887,新北市政府,TW,新北市,淡水區,蕃薯里,001,水碓,10號,1,新北市淡水區蕃薯里001鄰水碓10號之1,農業資材室,297917.0723062899,2790303.091322998
168887,新北市政府,TW,新北市,淡水區,興仁里,014,大牛稠,6號,,新北市淡水區興仁里014鄰大牛稠6號,農業資材室不供設籍,297359.0680591299,2789974.41940218
168887,新北市政府,TW,新北市,淡水區,興仁里,013,店子後,12號,3,新北市淡水區興仁里013鄰店子後12號之3,農業資材室,296666.9040375743,2790201.158882323
168887,新北市政府,TW,新北市,淡水區,興仁里,013,店子後,12號,2,新北市淡水區興仁里013鄰店子後12號之2,農業資材室,296678.06080330733,2790179.1569390823
168887,新北市政府,TW,新北市,淡水區,興仁里,013,店子後,12號,8,新北市淡水區興仁里013鄰店子後12號之8,農業資材室,296741.42532032303,2790261.3546624603
168887,新北市政府,TW,新北市,淡水區,興仁里,013,店子後,12號,6,新北市淡水區興仁里013鄰店子後12號之6,農業資材室,296768.0892378041,2790209.840107814
168887,新北市政府,TW,新北市,淡水區,興仁里,013,店子後,12號,7,新北市淡水區興仁里013鄰店子後12號之7,農業資材室,296777.4018596383,2790252.340178039
168887,新北市政府,TW,新北市,淡水區,興仁里,013,店子後,12號,5,新北市淡水區興仁里013鄰店子後12號之5,農業資材室,296748.52874474146,2790160.853696219
168887,新北市政府,TW,新北市,淡水區,興仁里,002,頂田寮,11之7號,,新北市淡水區興仁里002鄰頂田寮11之7號,農業資材室不供設籍,296474.27568367304,2789589.0515189026
168887,新北市政府,TW,新北市,淡水區,蕃薯里,003,南平,14之5號,,新北市淡水區蕃薯里003鄰南平14之5號,農業資材室,298874.096600,2790354.6824000
168887,新北市政府,TW,新北市,淡水區,蕃薯里,005,安子內,3之1號,,新北市淡水區蕃薯里005鄰安子內3之1號,農業資材室不供設籍,298701.5171,2789829.6764
168887,新北市政府,TW,新北市,淡水區,蕃薯里,006,安子內,12之2號,,新北市淡水區蕃薯里006鄰安子內12之2號,農業資材室不供設籍,298477.9249,2790208.0721
168887,新北市政府,TW,新北市,淡水區,蕃薯里,005,安子內,5之7號,,新北市淡水區蕃薯里005鄰安子內5之7號,農業資材室不供設籍,298605.1244,2789755.5533
168887,新北市政府,TW,新北市,淡水區,蕃薯里,001,水碓,18之1號,,新北市淡水區蕃薯里001鄰水碓18之1號,農業資材室不供設籍,298039.361545,2790768.1719883
168887,新北市政府,TW,新北市,淡水區,賢孝里,007,八里堆,6號,7,新北市淡水區賢孝里007鄰八里堆6號之7,農業資材室,296298.5767827435,2790780.457911892
168887,新北市政府,TW,新北市,淡水區,賢孝里,007,八里堆,7之7號,,新北市淡水區賢孝里007鄰八里堆7之7號,農業資材室不供設籍,296415.22123403655,2790858.7205293253
168887,新北市政府,TW,新北市,淡水區,賢孝里,008,八里堆,19號,,新北市淡水區賢孝里008鄰八里堆19號,農業資材室不供設籍,297047.19859481375,2790465.4508057004
168887,新北市政府,TW,新北市,淡水區,賢孝里,010,公埔子,22號,5,新北市淡水區賢孝里010鄰公埔子22號之5,農業資材室,297227.97343654226,2791326.8472871515
168887,新北市政府,TW,新北市,淡水區,賢孝里,010,公埔子,22號,3,新北市淡水區賢孝里010鄰公埔子22號之3,農業資材室,297213.08108300576,2791335.127010855
168887,新北市政府,TW,新北市,淡水區,賢孝里,010,公埔子,22之2號,,新北市淡水區賢孝里010鄰公埔子22之2號,農業資材室不供設籍,297247.7432939288,2791314.8219051594
168887,新北市政府,TW,新北市,淡水區,賢孝里,011,公埔子,28號,6,新北市淡水區賢孝里011鄰公埔子28號之6,農業資材室,296932.72063519293,2791641.613617253
168887,新北市政府,TW,新北市,淡水區,賢孝里,013,番子田,22號,,新北市淡水區賢孝里013鄰番子田22號,農業資材室不供設籍,296195.04827626433,2791277.7560195844
168887,新北市政府,TW,新北市,淡水區,賢孝里,007,八里堆,5之10號,,新北市淡水區賢孝里007鄰八里堆5之10號,農業資材室不供設籍,296227.4556,2790666.0996
168887,新北市政府,TW,新北市,淡水區,賢孝里,008,八里堆,20號,,新北市淡水區賢孝里008鄰八里堆20號,農業資材室不供設籍,297022.000487,2790703.1438867
168887,新北市政府,TW,新北市,淡水區,賢孝里,010,公埔子,25之2號,,新北市淡水區賢孝里010鄰公埔子25之2號,農業資材室不供設籍,297329.4556,2791530.7826
168887,新北市政府,TW,新北市,淡水區,賢孝里,011,公埔子,33之12號,,新北市淡水區賢孝里011鄰公埔子33之12號,農業資材室不供設籍,296437.630799,2791804.3024900
168887,新北市政府,TW,新北市,林口區,下福里,020,下福,10號,2,新北市林口區下福里020鄰下福10號之2,興福國小員工宿舍,281499.146,2778300.848
168887,新北市政府,TW,新北市,林口區,下福里,019,下福,18號,,新北市林口區下福里019鄰下福18號,農業資材室不供設籍,281407.26824944536,2777945.075500756
168887,新北市政府,TW,新北市,林口區,下福里,020,下福,10之1號,,新北市林口區下福里020鄰下福10之1號,興福國小,281606.853104,2778147.24449
168887,新北市政府,TW,新北市,林口區,中湖里,017,菁埔,88號,,新北市林口區中湖里017鄰菁埔88號,畜牧設施,286999.359100,2776871.9112000
168887,新北市政府,TW,新北市,林口區,嘉寶里,020,寶斗厝坑,5號,,新北市林口區嘉寶里020鄰寶斗厝坑5號,農業資材室不供設籍,286674.0634901745,2776545.583036128
168887,新北市政府,TW,新北市,林口區,嘉寶里,017,寶斗厝坑,15之5號,,新北市林口區嘉寶里017鄰寶斗厝坑15之5號,農業資材室不供設籍,285481.38202373066,2777542.9772753054
168887,新北市政府,TW,新北市,林口區,嘉寶里,014,寶斗厝坑,47之3號,,新北市林口區嘉寶里014鄰寶斗厝坑47之3號,農業資材室不供設籍,285041.55495250586,2777846.644007773
168887,新北市政府,TW,新北市,林口區,嘉寶里,011,寶斗厝坑,66號,,新北市林口區嘉寶里011鄰寶斗厝坑66號,農業資材室不供設籍,283279.75413834513,2778280.7226995165
168887,新北市政府,TW,新北市,林口區,嘉寶里,011,寶斗厝坑,68號,,新北市林口區嘉寶里011鄰寶斗厝坑68號,農業資材室不供設籍,283265.93902285123,2778288.759328639
168887,新北市政府,TW,新北市,林口區,嘉寶里,001,嘉溪雅坑,5號,,新北市林口區嘉寶里001鄰嘉溪雅坑5號,北歐能源股份有限公司,284886.674192,2776857.05413
168887,新北市政府,TW,新北市,林口區,太平里,005,太平嶺,26之3號,,新北市林口區太平里005鄰太平嶺26之3號,農業資材室不供設籍,287889.21408744465,2778718.6135155493
168887,新北市政府,TW,新北市,林口區,太平里,005,太平嶺,27號,,新北市林口區太平里005鄰太平嶺27號,農業資材室不供設籍,288032.2074399416,2778559.759698973
168887,新北市政府,TW,新北市,林口區,太平里,011,後坑,38之2號,,新北市林口區太平里011鄰後坑38之2號,農業資材室不供設籍,285940.5149,2780308.4712
168887,新北市政府,TW,新北市,林口區,太平里,008,後坑,12號,,新北市林口區太平里008鄰後坑12號,農業資材室不供設籍,286344.53657132695,2779060.790531869
168887,新北市政府,TW,新北市,林口區,湖北里,002,湖子,10之9號,,新北市林口區湖北里002鄰湖子10之9號,農業資材室不供設籍,289128.62446691154,2775842.036544934
168887,新北市政府,TW,新北市,林口區,湖北里,010,後湖,11之63號,,新北市林口區湖北里010鄰後湖11之63號,管理員室,289033.338726,2776648.2586700
168887,新北市政府,TW,新北市,林口區,頂福里,005,頂福,28之2號,,新北市林口區頂福里005鄰頂福28之2號,農業資材室不供設籍,285381.8354178646,2776562.8557074713
168887,新北市政府,TW,新北市,林口區,頂福里,009,頂福,84之7號,,新北市林口區頂福里009鄰頂福84之7號,農業資材室不供設籍,282999.86734063586,2777354.6054329756
168887,新北市政府,TW,新北市,深坑區,阿柔里,006,炮子崙,9號,,新北市深坑區阿柔里006鄰炮子崙9號,資才室不得設籍,311048.7104092804,2764321.061762824
168887,新北市政府,TW,新北市,三芝區,八賢里,005,八連溪,43之6號,,新北市三芝區八賢里005鄰八連溪43之6號,農業資材室,301867.600200,2792022.4178000
168887,新北市政府,TW,新北市,三芝區,八賢里,005,八連溪,43之7號,,新北市三芝區八賢里005鄰八連溪43之7號,農業資材室,301873.9052,2792034.2666
168887,新北市政府,TW,新北市,三芝區,古庄里,012,古庄,99之5號,,新北市三芝區古庄里012鄰古庄99之5號,農業資材室勿辦遷入,299762.0229,2795623.4049
168887,新北市政府,TW,新北市,三芝區,古庄里,007,四棧橋,53之16號,,新北市三芝區古庄里007鄰四棧橋53之16號,農業資材室,298595.45519999996,2795413.3317
168887,新北市政府,TW,新北市,三芝區,古庄里,001,山豬堀,1之1號,,新北市三芝區古庄里001鄰山豬堀1之1號,農業資材室勿辦理戶籍遷入,300432.425696,2793698.0438108
168887,新北市政府,TW,新北市,三芝區,圓山里,007,二坪頂,69之2號,,新北市三芝區圓山里007鄰二坪頂69之2號,農業資材室勿辦理戶籍遷入,304279.141556,2792469.1652383
168887,新北市政府,TW,新北市,三芝區,圓山里,002,五脚松,11之2號,,新北市三芝區圓山里002鄰五脚松11之2號,農業資材室,303236.8365,2790143.9536
168887,新北市政府,TW,新北市,三芝區,圓山里,003,內柑宅,22之2號,,新北市三芝區圓山里003鄰內柑宅22之2號,農業資材室勿辦遷入登記,303974.321706,2790035.3972183
168887,新北市政府,TW,新北市,三芝區,圓山里,011,石曹子坑,53之8號,,新北市三芝區圓山里011鄰石曹子坑53之8號,農業資材室勿辦遷入,302179.125067,2788976.8529367
168887,新北市政府,TW,新北市,三芝區,埔坪里,024,埔頭坑,124之2號,,新北市三芝區埔坪里024鄰埔頭坑124之2號,農業資材室,302338.8716,2792982.2695
168887,新北市政府,TW,新北市,三芝區,埔頭里,001,埔頭,1之6號,,新北市三芝區埔頭里001鄰埔頭1之6號,農業資材室,300937.488,2793490.7276
168887,新北市政府,TW,新北市,三芝區,埔頭里,001,埔頭,1之7號,,新北市三芝區埔頭里001鄰埔頭1之7號,農業資材室,300935.5037,2793497.438
168887,新北市政府,TW,新北市,三芝區,埔頭里,031,埔頭,23之1號,,新北市三芝區埔頭里031鄰埔頭23之1號,農業資材室勿辦戶籍遷入登記,299469.842625,2794798.5858758
168887,新北市政府,TW,新北市,三芝區,店子里,007,店子,45之5號,,新北市三芝區店子里007鄰店子45之5號,農業資材室,300788.7422,2788813.2662
168887,新北市政府,TW,新北市,三芝區,店子里,012,菜公坑,88之2號,,新北市三芝區店子里012鄰菜公坑88之2號,農業資材室勿辦遷入登記,301966.422537,2788137.6779000
168887,新北市政府,TW,新北市,三芝區,店子里,001,龜子山,8之1號,,新北市三芝區店子里001鄰龜子山8之1號,農業資材室勿辦理戶籍遷入,300521.814229,2790149.4700583
168887,新北市政府,TW,新北市,三芝區,後厝里,010,大片頭,67之3號,,新北市三芝區後厝里010鄰大片頭67之3號,農業資材室勿辦理戶籍遷入,296919.925770,2792735.3106017
168887,新北市政府,TW,新北市,三芝區,後厝里,019,番子崙,16之1號,,新北市三芝區後厝里019鄰番子崙16之1號,農業資材室,298751.950481,2792372.1262483
168887,新北市政府,TW,新北市,三芝區,後厝里,015,陽住坑,4之2號,,新北市三芝區後厝里015鄰陽住坑4之2號,農業資材室,298732.6208,2793160.7535
168887,新北市政府,TW,新北市,三芝區,後厝里,015,陽住坑,4之3號,,新北市三芝區後厝里015鄰陽住坑4之3號,農業資材室,298725.34270000003,2793155.8902
168887,新北市政府,TW,新北市,三芝區,新庄里,005,新庄子,51之58號,,新北市三芝區新庄里005鄰新庄子51之58號,農業資材室,301178.415200,2796668.4327000
168887,新北市政府,TW,新北市,三芝區,新庄里,008,新庄子,93之1號,,新北市三芝區新庄里008鄰新庄子93之1號,農業資材室勿辦理戶籍遷入,301440.297033,2795733.8157083
168887,新北市政府,TW,新北市,三芝區,新庄里,010,新庄子,113之8號,,新北市三芝區新庄里010鄰新庄子113之8號,農業資材室,302036.214000,2795396.5836000
168887,新北市政府,TW,新北市,三芝區,新庄里,001,蕃社后,1之3號,,新北市三芝區新庄里001鄰蕃社后1之3號,農業資材室,300273.8501,2795291.5076
168887,新北市政府,TW,新北市,三芝區,新庄里,002,蕃社后,15之7號,,新北市三芝區新庄里002鄰蕃社后15之7號,農業資材室勿辦遷入,300317.164378,2795398.1077609
168887,新北市政府,TW,新北市,三芝區,新庄里,002,蕃社后,15之8號,,新北市三芝區新庄里002鄰蕃社后15之8號,農業資材室勿辦遷入,300317.693545,2795390.4348442
168887,新北市政府,TW,新北市,三芝區,新庄里,004,蕃社后,41之2號,,新北市三芝區新庄里004鄰蕃社后41之2號,農業資材室,300613.801,2793941.6127
168887,新北市政府,TW,新北市,三芝區,新庄里,004,蕃社后,41之3號,,新北市三芝區新庄里004鄰蕃社后41之3號,農業資材室勿辦遷入登記,300598.151878,2796057.1848442
168887,新北市政府,TW,新北市,三芝區,橫山里,006,大坑,12之3號,,新北市三芝區橫山里006鄰大坑12之3號,農業資材室,302572.4779,2794332.227
168887,新北市政府,TW,新北市,三芝區,橫山里,005,大坑,23之2號,,新北市三芝區橫山里005鄰大坑23之2號,農業資材室,302786.878770977,2794253.7620484033
168887,新北市政府,TW,新北市,三芝區,橫山里,007,大坑,1之3號,,新北市三芝區橫山里007鄰大坑1之3號,農業資材室,301725.3504,2795103.0665
168887,新北市政府,TW,新北市,三芝區,橫山里,005,大坑,23之5號,,新北市三芝區橫山里005鄰大坑23之5號,農業資材室,302876.8021855499,2794266.4738463797
168887,新北市政府,TW,新北市,三芝區,橫山里,017,橫山,39之7號,,新北市三芝區橫山里017鄰橫山39之7號,農業資材室勿辦理戶籍遷入,304822.474691,2794008.0791125
168887,新北市政府,TW,新北市,三芝區,橫山里,019,橫山,57之3號,,新北市三芝區橫山里019鄰橫山57之3號,農業資材室勿辦理戶籍遷入,303772.047840,2794023.4732542
168887,新北市政府,TW,新北市,三芝區,興華里,008,楓子林,20號,,新北市三芝區興華里008鄰楓子林20號,農業資材室勿辦理戶籍遷入,299194.758754,2788760.5911950
168887,新北市政府,TW,新北市,三芝區,興華里,008,楓子林,37之6號,,新北市三芝區興華里008鄰楓子林37之6號,農業資材室,299416.6255,2789030.7406
168887,新北市政府,TW,新北市,三芝區,興華里,010,楓子林,50之7號,,新北市三芝區興華里010鄰楓子林50之7號,農業資材室,300552.450600,2789279.0265000
168887,新北市政府,TW,新北市,三芝區,興華里,010,楓子林,55之3號,,新北市三芝區興華里010鄰楓子林55之3號,農業資材室勿辦理戶籍遷入,300450.570300,2789577.7023042
168887,新北市政府,TW,新北市,三芝區,興華里,010,楓子林,55之5號,,新北市三芝區興華里010鄰楓子林55之5號,農業資材室,300335.02400000003,2789709.4371
168887,新北市政府,TW,新北市,三芝區,興華里,016,車埕,31之3號,,新北市三芝區興華里016鄰車埕31之3號,農業資材室,300616.0932,2787416.9055
168887,新北市政府,TW,新北市,三芝區,茂長里,006,陳厝坑,3之5號,,新北市三芝區茂長里006鄰陳厝坑3之5號,農業資材室,301437.9702,2795148.4098
168887,新北市政府,TW,新北市,三芝區,茂長里,001,陳厝坑,48之10號,,新北市三芝區茂長里001鄰陳厝坑48之10號,農業資材室,303080.5693,2792468.3266
168887,新北市政府,TW,新北市,三芝區,茂長里,001,陳厝坑,48之7號,,新北市三芝區茂長里001鄰陳厝坑48之7號,農業資材室,303088.6882,2792482.4674
168887,新北市政府,TW,新北市,三芝區,茂長里,001,陳厝坑,48之8號,,新北市三芝區茂長里001鄰陳厝坑48之8號,農業資材室,303086.8077,2792479.6383
168887,新北市政府,TW,新北市,三芝區,茂長里,001,陳厝坑,48之9號,,新北市三芝區茂長里001鄰陳厝坑48之9號,農業資材室,303074.4699,2792473.2741
168887,新北市政府,TW,新北市,三芝區,茂長里,007,陳厝坑,52之1號,,新北市三芝區茂長里007鄰陳厝坑52之1號,農業資材室勿辦遷入,301551.015093,2793921.5452350
168887,新北市政府,TW,新北市,三芝區,茂長里,007,陳厝坑,52之3號,,新北市三芝區茂長里007鄰陳厝坑52之3號,農業資材室勿辦理戶籍遷入,301516.222385,2793880.8655475
168887,新北市政府,TW,新北市,三芝區,茂長里,009,陳厝坑,73之1號,,新北市三芝區茂長里009鄰陳厝坑73之1號,農業資材室,301471.3253,2794555.6351
168887,新北市政府,TW,新北市,三芝區,錫板里,007,海尾,28之1號,,新北市三芝區錫板里007鄰海尾28之1號,農業資材室勿辦遷入,298930.087394,2794048.5272250
168887,新北市政府,TW,新北市,三芝區,錫板里,007,海尾,28之2號,,新北市三芝區錫板里007鄰海尾28之2號,農業資材室勿辦理戶籍遷入,298908.523852,2794023.4579542
168887,新北市政府,TW,新北市,三芝區,錫板里,008,海尾,33之1號,,新北市三芝區錫板里008鄰海尾33之1號,農業資材室,299141.1308,2793480.5295
168887,新北市政府,TW,新北市,石門區,富基里,006,崁子脚,80之1號,,新北市石門區富基里006鄰崁子脚80之1號,農業資材室,303593.4961,2796778.3225000002
168887,新北市政府,TW,新北市,石門區,富基里,007,崁子脚,37之8號,,新北市石門區富基里007鄰崁子脚37之8號,農業資材室不供設籍,304158.6674,2795661.9448
168887,新北市政府,TW,新北市,石門區,富基里,013,楓林,64之2號,,新北市石門區富基里013鄰楓林64之2號,農業資材室,304507.26869999995,2795770.0812
168887,新北市政府,TW,新北市,石門區,尖鹿里,007,尖子鹿,47之2號,,新北市石門區尖鹿里007鄰尖子鹿47之2號,農業資材室,308513.6323,2795649.7286
168887,新北市政府,TW,新北市,石門區,山溪里,003,老崩山,55之2號,,新北市石門區山溪里003鄰老崩山55之2號,農業資材室,306131.3689,2797666.8156
168887,新北市政府,TW,新北市,石門區,德茂里,005,下員坑,58之6號,,新北市石門區德茂里005鄰下員坑58之6號,農業資材室,302930.132800,2795467.8660000
168887,新北市政府,TW,新北市,石門區,德茂里,009,八甲,19之2號,,新北市石門區德茂里009鄰八甲19之2號,農業資材室,302948.7381,2796942.1612
168887,新北市政府,TW,新北市,石門區,老梅里,015,猪槽潭,27之3號,,新北市石門區老梅里015鄰猪槽潭27之3號,農業資材室,305996.152,2793824.9602
168887,新北市政府,TW,新北市,石門區,茂林里,008,坪林,38之6號,,新北市石門區茂林里008鄰坪林38之6號,農業資材室,309576.3437908148,2794630.140145329
168887,新北市政府,TW,新北市,石門區,草里里,009,五爪崙,8之37號,,新北市石門區草里里009鄰五爪崙8之37號,農業資材室,311061.06690000003,2794770.4315
168887,新北市政府,TW,新北市,八里區,埤頭里,026,華富山,3之1號,,新北市八里區埤頭里026鄰華富山3之1號,農業資材室,292052.2826,2782118.7982
168887,新北市政府,TW,新北市,三峽區,五寮里,003,五寮,52之2號,,新北市三峽區五寮里003鄰五寮52之2號,農業資材室不供設戶籍,287220.3308922693,2750915.8411553586
168887,新北市政府,TW,新北市,三峽區,五寮里,011,詩朗,11之7號,,新北市三峽區五寮里011鄰詩朗11之7號,農業資材室不供設戶籍,287574.90896153,2750067.196561762
168887,新北市政府,TW,新北市,三峽區,五寮里,011,詩朗,15之1號,,新北市三峽區五寮里011鄰詩朗15之1號,農業資材室不供設戶籍,287475.7563898325,2749781.965581019
168887,新北市政府,TW,新北市,三峽區,五寮里,013,詩朗,45之2號,,新北市三峽區五寮里013鄰詩朗45之2號,農業資材室不供設戶籍,286367.9341942149,2749364.5961863506
168887,新北市政府,TW,新北市,三峽區,五寮里,014,詩朗,74之6號,,新北市三峽區五寮里014鄰詩朗74之6號,農業資材室不供設戶籍,286534,2748588
168887,新北市政府,TW,新北市,三峽區,五寮里,002,五寮,39之1號,,新北市三峽區五寮里002鄰五寮39之1號,農業資材室不得作為設籍使用,287644.486868171,2751209.977088166
168887,新北市政府,TW,新北市,三峽區,五寮里,011,詩朗,9之9號,,新北市三峽區五寮里011鄰詩朗9之9號,農業資材室不供設戶籍,287435.9509,2749722.2471000003
168887,新北市政府,TW,新北市,三峽區,五寮里,014,詩朗,74之1號,,新北市三峽區五寮里014鄰詩朗74之1號,農業資材室不得作為設籍使用,286201.34400000004,2748604.6654
168887,新北市政府,TW,新北市,三峽區,嘉添里,014,白雞,68之500號,,新北市三峽區嘉添里014鄰白雞68之500號,林業資材室不供設戶籍,289485.1066937528,2755844.0224147686
168887,新北市政府,TW,新北市,三峽區,嘉添里,010,白雞,75號,,新北市三峽區嘉添里010鄰白雞75號,農業資材室不供設戶籍,0290448,2755856
168887,新北市政府,TW,新北市,三峽區,嘉添里,011,白雞,87之10號,,新北市三峽區嘉添里011鄰白雞87之10號,農糧產品加工室不供設戶籍,291056.89749956736,2755561.1200857847
168887,新北市政府,TW,新北市,三峽區,嘉添里,011,白雞,87之9號,,新北市三峽區嘉添里011鄰白雞87之9號,農糧產品加工室不供設戶籍,291068.2411461905,2755573.27958907
168887,新北市政府,TW,新北市,三峽區,嘉添里,013,白雞,100之16號,,新北市三峽區嘉添里013鄰白雞100之16號,農業資材室不供設戶籍,0289362,2754773
168887,新北市政府,TW,新北市,三峽區,嘉添里,013,白雞,100之6號,,新北市三峽區嘉添里013鄰白雞100之6號,農業資材室不供設戶籍,289803.208997486,2754842.582620257
168887,新北市政府,TW,新北市,三峽區,嘉添里,013,白雞,98之2號,,新北市三峽區嘉添里013鄰白雞98之2號,農業資材室不供設戶籍,289760.874,2755138.2846
168887,新北市政府,TW,新北市,三峽區,嘉添里,008,白雞,38之32號,,新北市三峽區嘉添里008鄰白雞38之32號,警衛室,287735.52755969204,2756093.6601945245
168887,新北市政府,TW,新北市,三峽區,安坑里,006,建安,119之1號,,新北市三峽區安坑里006鄰建安119之1號,農業資材室不供設戶籍,297136.9841447736,2756736.633498205
168887,新北市政府,TW,新北市,三峽區,安坑里,006,建安,121之1號,,新北市三峽區安坑里006鄰建安121之1號,農業資材室不供設戶籍,297144,2756684
168887,新北市政府,TW,新北市,三峽區,安坑里,010,安坑,33之6號,,新北市三峽區安坑里010鄰安坑33之6號,禽舍不供設戶籍,295599.2085,2758103.0672
168887,新北市政府,TW,新北市,三峽區,安坑里,010,安坑,35之7號,,新北市三峽區安坑里010鄰安坑35之7號,禽舍不得作為設籍使用,295782.667100,2758357.7528000
168887,新北市政府,TW,新北市,三峽區,安坑里,008,建安,96之2號,,新北市三峽區安坑里008鄰建安96之2號,農業資材室不得作為設籍使用,296081.99662441364,2757134.9138125186
168887,新北市政府,TW,新北市,三峽區,弘道里,006,弘道,130之5號,,新北市三峽區弘道里006鄰弘道130之5號,農業資材室不作為設籍使用,284910.3076,2756812.0091
168887,新北市政府,TW,新北市,三峽區,弘道里,011,麻園,3之6號,,新北市三峽區弘道里011鄰麻園3之6號,菇類栽培場不供設戶籍,286784.95585788816,2757206.5934559307
168887,新北市政府,TW,新北市,三峽區,弘道里,014,麻園,12之8號,,新北市三峽區弘道里014鄰麻園12之8號,管理室不供設戶籍,286568.4752986534,2756504.106244937
168887,新北市政府,TW,新北市,三峽區,弘道里,012,麻園,37之6號,,新北市三峽區弘道里012鄰麻園37之6號,菇類栽培場不供設戶籍,286673.6266102976,2756976.6363168564
168887,新北市政府,TW,新北市,三峽區,弘道里,011,麻園,62號,,新北市三峽區弘道里011鄰麻園62號,農業資材室不供設戶籍,286755.6409259806,2757146.4601006526
168887,新北市政府,TW,新北市,三峽區,弘道里,011,麻園,63號,,新北市三峽區弘道里011鄰麻園63號,管理室不供設戶籍,286760.7515730852,2757160.214486034
168887,新北市政府,TW,新北市,三峽區,弘道里,012,麻園,37之5號,,新北市三峽區弘道里012鄰麻園37之5號,禽舍不供設戶籍,286695.2396,2756945.0453000003
168887,新北市政府,TW,新北市,三峽區,插角里,007,插角,150之3號,,新北市三峽區插角里007鄰插角150之3號,農業資材室不供設戶籍,292220.3178258998,2752399.495058068
168887,新北市政府,TW,新北市,三峽區,插角里,007,插角,150之2號,,新北市三峽區插角里007鄰插角150之2號,農業資材室不供設戶籍,292200.2546574096,2752402.1287124264
168887,新北市政府,TW,新北市,三峽區,插角里,007,插角,151之1號,,新北市三峽區插角里007鄰插角151之1號,農業資材室不供設戶籍,292111.45803598023,2752671.7780626724
168887,新北市政府,TW,新北市,三峽區,插角里,009,插角,173之3號,,新北市三峽區插角里009鄰插角173之3號,林業資材室不供設戶籍,0291621,2752853
168887,新北市政府,TW,新北市,三峽區,插角里,009,插角,173之5號,,新北市三峽區插角里009鄰插角173之5號,農業資材室不供設戶籍,291563,2752817
168887,新北市政府,TW,新北市,三峽區,插角里,009,插角,173之10號,,新北市三峽區插角里009鄰插角173之10號,林業資材室不供設戶籍,0291526,2752738
168887,新北市政府,TW,新北市,三峽區,插角里,012,插角,234之12號,,新北市三峽區插角里012鄰插角234之12號,農業資材室不供設戶籍,292173.07253909553,2751787.24379083
168887,新北市政府,TW,新北市,三峽區,插角里,013,東眼,1之7號,,新北市三峽區插角里013鄰東眼1之7號,林業資材室不供設戶籍,291510.4741287436,2751099.829287611
168887,新北市政府,TW,新北市,三峽區,插角里,013,東眼,1之5號,,新北市三峽區插角里013鄰東眼1之5號,林業資材室不供設戶籍,291484.33436902886,2751061.367286078
168887,新北市政府,TW,新北市,三峽區,插角里,016,插角,53號,,新北市三峽區插角里016鄰插角53號,林業資材室不供設戶籍,291173.9027369515,2750143.2287328523
168887,新北市政府,TW,新北市,三峽區,插角里,007,插角,144之5號,,新北市三峽區插角里007鄰插角144之5號,農業資材室不供設戶籍,292028.17704966734,2752360.722607559
168887,新北市政府,TW,新北市,三峽區,插角里,012,插角,234之10號,,新北市三峽區插角里012鄰插角234之10號,農業資材室不供設戶籍,292049.5286,2751548.4493
168887,新北市政府,TW,新北市,三峽區,插角里,012,插角,220之1號,,新北市三峽區插角里012鄰插角220之1號,辦公室不供設立戶籍,291972.932403,2751138.72588
168887,新北市政府,TW,新北市,三峽區,插角里,007,插角,154之6號,,新北市三峽區插角里007鄰插角154之6號,農業資材室號碼不得作為設籍使用,291881.80889158195,2752634.800426559
168887,新北市政府,TW,新北市,三峽區,插角里,009,插角,170之6號,,新北市三峽區插角里009鄰插角170之6號,農業資材室不得作為設籍使用,291933.75714646384,2752983.0061438335
168887,新北市政府,TW,新北市,三峽區,插角里,009,插角,173之12號,,新北市三峽區插角里009鄰插角173之12號,農業資材室不得設籍使用,291529.98794046044,2752732.2009645975
168887,新北市政府,TW,新北市,三峽區,插角里,009,插角,173之21號,,新北市三峽區插角里009鄰插角173之21號,農業資材室不得設籍使用,292188.8578,2753409.4387
168887,新北市政府,TW,新北市,三峽區,插角里,011,插角,208之1號,,新北市三峽區插角里011鄰插角208之1號,農業資材室不供設戶籍,292886.3357,2752074.7267
168887,新北市政府,TW,新北市,三峽區,插角里,014,東眼,3之1號,,新北市三峽區插角里014鄰東眼3之1號,林業資材室不供設戶籍,291363.6942,2750808.9866
168887,新北市政府,TW,新北市,三峽區,有木里,002,有木,18之2號,,新北市三峽區有木里002鄰有木18之2號,農業資材室不供設戶籍,293090.4294563653,2750549.4146596165
168887,新北市政府,TW,新北市,三峽區,有木里,004,有木,80之6號,,新北市三峽區有木里004鄰有木80之6號,林業資材室不供設戶籍,294348.98073888157,2751776.765308402
168887,新北市政府,TW,新北市,三峽區,有木里,004,有木,82之3號,,新北市三峽區有木里004鄰有木82之3號,農業資材室不供設戶籍,294241,2751715
168887,新北市政府,TW,新北市,三峽區,有木里,005,有木,89之10號,,新北市三峽區有木里005鄰有木89之10號,農業資材室不供設戶籍,294885.53955502214,2751717.1587646506
168887,新北市政府,TW,新北市,三峽區,有木里,005,有木,89之9號,,新北市三峽區有木里005鄰有木89之9號,農業資材室不供設戶籍,294880.60379833605,2751793.7224968173
168887,新北市政府,TW,新北市,三峽區,有木里,005,有木,89之12號,,新北市三峽區有木里005鄰有木89之12號,農業資材室不供設戶籍,295087.1395769462,2751880.0762929213
168887,新北市政府,TW,新北市,三峽區,有木里,005,有木,97之9號,,新北市三峽區有木里005鄰有木97之9號,農業資材室不供設戶籍,294810.47446600726,2751381.0436925595
168887,新北市政府,TW,新北市,三峽區,有木里,005,有木,106之8號,,新北市三峽區有木里005鄰有木106之8號,休閒農業設施不供設戶籍,293982.9291680016,2750640.3539341437
168887,新北市政府,TW,新北市,三峽區,有木里,005,有木,129之2號,,新北市三峽區有木里005鄰有木129之2號,農業資材室不供設戶籍,294780.13458096043,2749879.8976401496
168887,新北市政府,TW,新北市,三峽區,有木里,012,有木,230之8號,,新北市三峽區有木里012鄰有木230之8號,林業資材室不供設戶籍,0294047,2748865
168887,新北市政府,TW,新北市,三峽區,有木里,001,有木,9之6號,,新北市三峽區有木里001鄰有木9之6號,林業資材室不供設戶籍,293592.85360000003,2751405.2986
168887,新北市政府,TW,新北市,三峽區,有木里,005,有木,89之8號,,新北市三峽區有木里005鄰有木89之8號,農業資材室不供設戶籍,294989.884,2751662.4531
168887,新北市政府,TW,新北市,三峽區,有木里,004,有木,81之9號,,新北市三峽區有木里004鄰有木81之9號,林業資材室不供設戶籍,294519.297,2752423.183
168887,新北市政府,TW,新北市,三峽區,有木里,004,有木,82之1號,,新北市三峽區有木里004鄰有木82之1號,農業資材室不供設戶籍,294286.7843,2751689.3056
168887,新北市政府,TW,新北市,三峽區,有木里,005,有木,89之6號,,新北市三峽區有木里005鄰有木89之6號,農業資材室不得作為設籍使用,295215.67761591926,2751924.269750286
168887,新北市政府,TW,新北市,三峽區,有木里,005,有木,89之7號,,新北市三峽區有木里005鄰有木89之7號,農業資材室不得作為設籍使用,295230.456673378,2751913.5370962643
168887,新北市政府,TW,新北市,三峽區,有木里,005,有木,92之1號,,新北市三峽區有木里005鄰有木92之1號,農業資材室不得作為設籍使用,295067.685900,2751389.1429000
168887,新北市政府,TW,新北市,三峽區,添福里,001,添福,2之36號,,新北市三峽區添福里001鄰添福2之36號,農業資材室不供設戶籍,287336.8902089503,2755404.7328901845
168887,新北市政府,TW,新北市,三峽區,添福里,009,添福,200號,,新北市三峽區添福里009鄰添福200號,農業資材室不供設戶籍,289215.33247235836,2754388.6723123486
168887,新北市政府,TW,新北市,三峽區,添福里,001,添福,2之7號,,新北市三峽區添福里001鄰添福2之7號,農業資材室不得作為設籍使用,287462.1635687763,2755677.3467548936
168887,新北市政府,TW,新北市,三峽區,添福里,006,添福,151之5號,,新北市三峽區添福里006鄰添福151之5號,禽舍不得作為設籍使用,287916.12812190125,2754616.54295863
168887,新北市政府,TW,新北市,三峽區,金圳里,001,圳頭,1之18號,,新北市三峽區金圳里001鄰圳頭1之18號,集貨運銷處理室,287950.2392603381,2753545.7511255895
168887,新北市政府,TW,新北市,三峽區,金圳里,008,金敏,41之6號,,新北市三峽區金圳里008鄰金敏41之6號,農業資材室不供設戶籍,290137.5062186492,2753165.4130339026
168887,新北市政府,TW,新北市,三峽區,金圳里,011,金敏,66之1號,,新北市三峽區金圳里011鄰金敏66之1號,農業資材室不供設戶籍,288901.08116350597,2751869.126114903
168887,新北市政府,TW,新北市,三峽區,金圳里,010,金敏,149之12號,,新北市三峽區金圳里010鄰金敏149之12號,農業資材室不供設戶籍,289051.3838143583,2751050.025147692
168887,新北市政府,TW,新北市,三峽區,金圳里,010,金敏,149之16號,,新北市三峽區金圳里010鄰金敏149之16號,農業資材室不供設戶籍,289075.06279493915,2751015.3210165654
168887,新北市政府,TW,新北市,三峽區,金圳里,010,金敏,149之10號,,新北市三峽區金圳里010鄰金敏149之10號,農業資材室不供設戶籍,288951.5918483501,2751048.259968776
168887,新北市政府,TW,新北市,三峽區,金圳里,010,金敏,160號,,新北市三峽區金圳里010鄰金敏160號,農業資材室不供設戶籍,289234.7629181808,2750995.289706604
168887,新北市政府,TW,新北市,三峽區,金圳里,010,金敏,161號,,新北市三峽區金圳里010鄰金敏161號,農業資材室不供設戶籍,289293.09862103465,2750973.6228314103
168887,新北市政府,TW,新北市,石碇區,潭邊里,001,員潭子坑,9之5號,,新北市石碇區潭邊里001鄰員潭子坑9之5號,資材室不供設籍,314559.96982428065,2764952.5139611103
168887,新北市政府,TW,新北市,坪林區,坪林里,002,坪林,106之1號,,新北市坪林區坪林里002鄰坪林106之1號,臺北縣坪林鄉戶政事務所,321860.435999,2758850.4003900
168887,新北市政府,TW,新北市,金山區,五湖里,013,南勢湖,4之1號,,新北市金山區五湖里013鄰南勢湖4之1號,農業資材室,312646.0394,2790197.2458
168887,新北市政府,TW,新北市,金山區,兩湖里,006,倒照湖,15之8號,,新北市金山區兩湖里006鄰倒照湖15之8號,農業資材室不供設籍,309823.27398873225,2792038.7888536504
168887,新北市政府,TW,新北市,金山區,兩湖里,003,倒照湖,16之3號,,新北市金山區兩湖里003鄰倒照湖16之3號,農業資材室,310313.348900,2791847.0631000
168887,新北市政府,TW,新北市,金山區,兩湖里,006,倒照湖,25之3號,,新北市金山區兩湖里006鄰倒照湖25之3號,農業資材室,309829.862800,2792325.7718000
168887,新北市政府,TW,新北市,金山區,兩湖里,003,倒照湖,28號,6,新北市金山區兩湖里003鄰倒照湖28號之6,農業資材室不供設籍,310352.88331753196,2792372.1295757256
168887,新北市政府,TW,新北市,金山區,兩湖里,002,葵扇湖,18之6號,,新北市金山區兩湖里002鄰葵扇湖18之6號,農業資材室,309508.77170000004,2791518.3882
168887,新北市政府,TW,新北市,金山區,兩湖里,002,葵扇湖,18之7號,,新北市金山區兩湖里002鄰葵扇湖18之7號,農業資材室,309509.6237,2791508.9851
168887,新北市政府,TW,新北市,金山區,六股里,008,曲尺坑,3之10號,,新北市金山區六股里008鄰曲尺坑3之10號,農業資材室,311162.958400,2791134.1081000
168887,新北市政府,TW,新北市,金山區,六股里,008,曲尺坑,3之5號,,新北市金山區六股里008鄰曲尺坑3之5號,農業資材室,311166.416,2791116.519
168887,新北市政府,TW,新北市,金山區,六股里,006,頂六股,6之2號,,新北市金山區六股里006鄰頂六股6之2號,農業資材室,311848.1756,2790346.8135
168887,新北市政府,TW,新北市,金山區,六股里,006,頂六股,6之5號,,新北市金山區六股里006鄰頂六股6之5號,農業資材室,311818.2311,2790334.5813
168887,新北市政府,TW,新北市,金山區,六股里,006,頂六股,7之6號,,新北市金山區六股里006鄰頂六股7之6號,農業資材室,311620.986700,2790474.0630000
168887,新北市政府,TW,新北市,金山區,重和里,002,林口,35之6號,,新北市金山區重和里002鄰林口35之6號,農業資材室,309784.0386,2788194.6431
168887,新北市政府,TW,新北市,萬里區,中幅里,005,中福,104之2號,,新北市萬里區中幅里005鄰中福104之2號,農業資材室,318079.88269999995,2784704.2742
168887,新北市政府,TW,新北市,萬里區,中幅里,008,中福,125之1號,,新北市萬里區中幅里008鄰中福125之1號,農業資材室,318168.750900,2784346.6849000
168887,新北市政府,TW,新北市,萬里區,中幅里,013,大湖,6號,11,新北市萬里區中幅里013鄰大湖6號之11,農業資材室不得設籍,316931.305700065,2785339.9124298687
168887,新北市政府,TW,新北市,萬里區,中幅里,013,大湖,6號,12,新北市萬里區中幅里013鄰大湖6號之12,農業資材室不得設籍,317010.919468856,2785429.9397451994
168887,新北市政府,TW,新北市,萬里區,中幅里,013,大湖,6之13號,,新北市萬里區中幅里013鄰大湖6之13號,農業資材室,316978.16003546235,2785420.2728356244
168887,新北市政府,TW,新北市,萬里區,中幅里,013,大湖,6之8號,,新北市萬里區中幅里013鄰大湖6之8號,資材室不供設籍,317207.44615500955,2785517.834894964
168887,新北市政府,TW,新北市,萬里區,中幅里,013,大湖,6號,9,新北市萬里區中幅里013鄰大湖6號之9,資材室不供設籍,317053.55468527553,2785473.1832682234
168887,新北市政府,TW,新北市,萬里區,大鵬里,006,萬里加投,19之12號,,新北市萬里區大鵬里006鄰萬里加投19之12號,農業資材室,315486.31440000003,2789136.9094000002
168887,新北市政府,TW,新北市,萬里區,崁脚里,002,內中福,3之9號,,新北市萬里區崁脚里002鄰內中福3之9號,農業資材室,317344.004700,2784247.9154000
168887,新北市政府,TW,新北市,萬里區,崁脚里,014,崁脚,173之1號,,新北市萬里區崁脚里014鄰崁脚173之1號,資材室不供設籍,315153.792541,2783077.4902678
168887,新北市政府,TW,新北市,萬里區,崁脚里,014,崁脚,173之2號,,新北市萬里區崁脚里014鄰崁脚173之2號,資材室不供設籍,315052.060249,2783076.0350595
168887,新北市政府,TW,新北市,萬里區,崁脚里,010,崁脚,19之3號,,新北市萬里區崁脚里010鄰崁脚19之3號,農業資材室,315641.6184,2783855.0111
168887,新北市政府,TW,新北市,萬里區,溪底里,002,內崁,2之6號,,新北市萬里區溪底里002鄰內崁2之6號,農業資材室,314469.6879,2783693.1911
168887,新北市政府,TW,新北市,萬里區,溪底里,002,香員林,10之3號,,新北市萬里區溪底里002鄰香員林10之3號,農業資材室,313560.364900,2783901.2494000
168887,新北市政府,TW,新北市,萬里區,磺潭里,004,員潭,55之6號,,新北市萬里區磺潭里004鄰員潭55之6號,農業資材室,314952.5231,2787220.1538
168887,新北市政府,TW,新北市,萬里區,雙興里,012,二坪,20之2號,,新北市萬里區雙興里012鄰二坪20之2號,農業資材室,314466.4224,2784733.5315
168887,新北市政府,TW,新北市,萬里區,雙興里,012,二坪,26之6號,,新北市萬里區雙興里012鄰二坪26之6號,農業資材室,314951.3722,2784920.9376000003
168887,新北市政府,TW,新北市,萬里區,雙興里,010,二坪,8之2號,,新北市萬里區雙興里010鄰二坪8之2號,資材室不供設籍,315116.103005,2785300.0024367
168887,新北市政府,TW,新北市,萬里區,雙興里,011,二坪,17之2號,,新北市萬里區雙興里011鄰二坪17之2號,農業資材室,314677.206300,2785162.9041000
168887,新北市政府,TW,新北市,萬里區,雙興里,012,二坪,19號,11,新北市萬里區雙興里012鄰二坪19號之11,資材室不供設籍,314733.129400,2784985.5322000
168887,新北市政府,TW,新北市,萬里區,雙興里,012,二坪,39之5號,,新北市萬里區雙興里012鄰二坪39之5號,農業資材室,314433.4341,2784509.1434
168887,新北市政府,TW,新北市,萬里區,雙興里,013,大坪,8之1號,,新北市萬里區雙興里013鄰大坪8之1號,農業資材室,314216.9528,2784558.9633
168887,新北市政府,TW,新北市,萬里區,雙興里,014,大坪,27之10號,,新北市萬里區雙興里014鄰大坪27之10號,農業資材室,313966.9822,2784597.5918
168887,新北市政府,TW,新北市,萬里區,雙興里,014,大坪,32之2號,,新北市萬里區雙興里014鄰大坪32之2號,農業資材室,313915.145100,2784740.2542000
168887,新北市政府,TW,新北市,萬里區,雙興里,014,大坪,32之6號,,新北市萬里區雙興里014鄰大坪32之6號,農業資材室,313951.237300,2784712.4584000
168887,新北市政府,TW,新北市,萬里區,雙興里,014,大坪,33之12號,,新北市萬里區雙興里014鄰大坪33之12號,農業資材室,313721.765200,2784960.1532000
168887,新北市政府,TW,新北市,萬里區,雙興里,001,太和,10之3號,,新北市萬里區雙興里001鄰太和10之3號,農業資材室,316209.86929999996,2785005.6203
168887,新北市政府,TW,新北市,萬里區,雙興里,003,太和,27之6號,,新北市萬里區雙興里003鄰太和27之6號,農業資材室,316019.73901733796,2785419.088411275
168887,新北市政府,TW,新北市,萬里區,雙興里,006,豊廪,22號,1,新北市萬里區雙興里006鄰豊廪22號之1,資材室不供設籍,314557.841900,2786506.0800000
168887,新北市政府,TW,新北市,萬里區,雙興里,006,豊廪,22之11號,,新北市萬里區雙興里006鄰豊廪22之11號,農業資材室,314614.421400,2786435.3690000
168887,新北市政府,TW,新北市,萬里區,雙興里,006,豊廪,22之3號,,新北市萬里區雙興里006鄰豊廪22之3號,農業資材室,314551.708800,2786545.0369000
168887,新北市政府,TW,新北市,萬里區,雙興里,009,豊廪,33之6號,,新北市萬里區雙興里009鄰豊廪33之6號,資材室不供設籍,315172.240602,2785850.8223984
168887,新北市政府,TW,新北市,萬里區,雙興里,009,豊廪,33之7號,,新北市萬里區雙興里009鄰豊廪33之7號,資材室不供設籍,315297.518984,2785644.5116683
168887,新北市政府,TW,新北市,萬里區,龜吼里,020,漁澳,86之1號,,新北市萬里區龜吼里020鄰漁澳86之1號,公廁,319293.6479,2787674.1382999997
