addr:TW:dataset,source,addr:couontry,addr:city,addr:district,addr:hamlet,addr:neighbourhood,addr:street,addr:housenumber,addr:floor,addr:unit,addr:full,description,x_3826,y_3826
168887,新北市政府,TW,新北市,板橋區,和平里,005,五權街30巷37弄,2之14號,,,新北市板橋區和平里005鄰五權街30巷37弄2之14號,管理員室不供設籍用,296754.762917,2765087.2024083
168887,新北市政府,TW,新北市,板橋區,和平里,012,國慶路158巷,18號,,,新北市板橋區和平里012鄰國慶路158巷18號,警衛室不供設籍,296588.2378,2765338.2929333
168887,新北市政府,TW,新北市,板橋區,和平里,003,廣和街,58號,B1,,新北市板橋區和平里003鄰廣和街58號地下一層,管理室不供設籍使用,296645.061997,2765197.1795560
168887,新北市政府,TW,新北市,板橋區,和平里,010,廣和街,59之5號,,,新北市板橋區和平里010鄰廣和街59之5號,警衛室不供設籍,296740.630326,2765105.5905077
168887,新北市政府,TW,新北市,板橋區,崑崙里,026,大觀路三段,150之1號,,,新北市板橋區崑崙里026鄰大觀路三段150之1號,管理員室不供設籍,293536.52537487895,2765158.7823483064
168887,新北市政府,TW,新北市,板橋區,成和里,007,金門街,79號,,,新北市板橋區成和里007鄰金門街79號,公共空間不供設籍使用,293741.923817,2765037.7839417
168887,新北市政府,TW,新北市,板橋區,成和里,013,金門街,163之1號,B1,,新北市板橋區成和里013鄰金門街163之1號地下一層,管理員室不供設籍用,293679.932920,2764771.6278813
168887,新北市政府,TW,新北市,板橋區,文化里,012,文化路二段,175之1號,,,新北市板橋區文化里012鄰文化路二段175之1號,辦公室不供設戶籍,297468.609483,2768951.15965
168887,新北市政府,TW,新北市,板橋區,新埔里,001,陽明街,46之2號,2,,新北市板橋區新埔里001鄰陽明街46之2號二樓,管委會辦公室不供設籍,296998.198350,2768300.3105368
168887,新北市政府,TW,新北市,板橋區,新民里,001,縣民大道二段,3號,2,1,新北市板橋區新民里001鄰縣民大道二段3號二樓之1,公共空間不供設戶籍,296651.704775,2767202.117025
168887,新北市政府,TW,新北市,板橋區,新翠里,008,英士路58巷,20之1號,,,新北市板橋區新翠里008鄰英士路58巷20之1號,辦公室不供設籍,296477.9022634676,2768684.856666365
168887,新北市政府,TW,新北市,板橋區,新興里,008,南雅南路一段,25號,,,新北市板橋區新興里008鄰南雅南路一段25號,公共空間不供設籍使用,296081.636942,2766601.5001333
168887,新北市政府,TW,新北市,板橋區,東丘里,001,民生路一段,36之1號,B1,,新北市板橋區東丘里001鄰民生路一段36之1號地下一層,管理員室不供設籍,297899.390283,2767458.0974750
168887,新北市政府,TW,新北市,板橋區,東安里,009,漢生東路,195之1號,,,新北市板橋區東安里009鄰漢生東路195之1號,新北市板橋區戶政海山辦事處,297444.869935,2767145.4050387
168887,新北市政府,TW,新北市,板橋區,柏翠里,010,文化路二段441巷,6之1號,B1,,新北市板橋區柏翠里010鄰文化路二段441巷6之1號地下1層,管理室不設籍,297863.681435,2769603.5189931
168887,新北市政府,TW,新北市,板橋區,柏翠里,010,文化路二段441巷,6之1號,,,新北市板橋區柏翠里010鄰文化路二段441巷6之1號,管理員室不供設籍,297863.681435,2769603.5189931
168887,新北市政府,TW,新北市,板橋區,柏翠里,010,長江路三段,78號,,,新北市板橋區柏翠里010鄰長江路三段78號,管委會辦公室不供設籍,297838.846691,2769636.6790297
168887,新北市政府,TW,新北市,板橋區,深丘里,003,中山路一段,156之1號,,,新北市板橋區深丘里003鄰中山路一段156之1號,管理員室不供設籍,297013.847925,2767143.043675
168887,新北市政府,TW,新北市,板橋區,深丘里,002,中山路一段,160之13號,2,,新北市板橋區深丘里002鄰中山路一段160之13號二樓,公共空間不供設戶籍,297073.674051,2767190.5989248
168887,新北市政府,TW,新北市,板橋區,深丘里,022,新府路,118號,3,,新北市板橋區深丘里022鄰新府路118號三樓,公共空間不供設戶籍,297005.984,2767093.509
168887,新北市政府,TW,新北市,板橋區,深丘里,032,漢生東路,268之1號,,,新北市板橋區深丘里032鄰漢生東路268之1號,管理員室不供設籍,297270.346517,2767296.0552334
168887,新北市政府,TW,新北市,板橋區,深丘里,032,漢生東路,268之3號,13,,新北市板橋區深丘里032鄰漢生東路268之3號十三樓,不供設籍,297272.727767,2767291.8219
168887,新北市政府,TW,新北市,板橋區,深丘里,031,漢生東路,270之3號,13,,新北市板橋區深丘里031鄰漢生東路270之3號十三樓,不供設籍,297290.719433,2767261.6594
168887,新北市政府,TW,新北市,板橋區,深丘里,030,漢生東路,272之3號,13,,新北市板橋區深丘里030鄰漢生東路272之3號十三樓,不供設籍,297317.971517,2767221.17815
168887,新北市政府,TW,新北市,板橋區,深丘里,029,漢生東路,276之3號,13,,新北市板橋區深丘里029鄰漢生東路276之3號十三樓,不供設籍,297339.66735,2767192.0739834
168887,新北市政府,TW,新北市,板橋區,港嘴里,001,雙十路一段,6之3號,,,新北市板橋區港嘴里001鄰雙十路一段6之3號,管委會不供設籍,298279.010592,2768557.0348
168887,新北市政府,TW,新北市,板橋區,港嘴里,001,雙十路一段,6之2號,,,新北市板橋區港嘴里001鄰雙十路一段6之2號,管委會不供設籍,298285.438717,2768552.2723
168887,新北市政府,TW,新北市,板橋區,港嘴里,001,雙十路一段,8號,,,新北市板橋區港嘴里001鄰雙十路一段8號,管委會不供設籍,298296.492883,2768572.6920917
168887,新北市政府,TW,新北市,板橋區,溪洲里,006,滿平街110巷,30號,,,新北市板橋區溪洲里006鄰滿平街110巷30號,社區管理維護空間不供設籍,293151.567100,2764533.2341333
168887,新北市政府,TW,新北市,板橋區,溪福里,002,金門街260巷,50號,,,新北市板橋區溪福里002鄰金門街260巷50號,社區管理空間不供設籍使用,293283.3227447627,2764314.591879157
168887,新北市政府,TW,新北市,板橋區,溪福里,032,金門街,347之2號,,,新北市板橋區溪福里032鄰金門街347之2號,管理委員室不供設籍用,293328.431824,2764192.8147594
168887,新北市政府,TW,新北市,板橋區,溪福里,032,金門街,351之1號,,,新北市板橋區溪福里032鄰金門街351之1號,管理委員室不供設籍用,293313.598946,2764186.1689046
168887,新北市政府,TW,新北市,板橋區,社後里,001,中正路,6號,,,新北市板橋區社後里001鄰中正路6號,新北市板橋戶政事務所,296069.655367,2767263.6013750
168887,新北市政府,TW,新北市,板橋區,福丘里,013,新府路,1號,4,,新北市板橋區福丘里013鄰新府路1號四樓,社區中心不供設籍用,296834.285858,2767199.4007958
168887,新北市政府,TW,新北市,板橋區,福丘里,014,新站路,28號,B2,,新北市板橋區福丘里014鄰新站路28號地下二層,公共空間不供設籍使用,297096.499883,2767367.4196083
168887,新北市政府,TW,新北市,板橋區,福丘里,015,漢生東路,166號,2,,新北市板橋區福丘里015鄰漢生東路166號二樓,公共空間不供設籍使用,297136.467876,2767482.2293003
168887,新北市政府,TW,新北市,板橋區,福丘里,015,漢生東路,166號,3,,新北市板橋區福丘里015鄰漢生東路166號三樓,公共空間不供設籍使用,297136.467876,2767482.2293003
168887,新北市政府,TW,新北市,板橋區,福丘里,016,漢生東路,258號,,,新北市板橋區福丘里016鄰漢生東路258號,管理員室不供設籍使用,297218.752767,2767386.0135667
168887,新北市政府,TW,新北市,板橋區,福丘里,016,漢生東路,258號,2,,新北市板橋區福丘里016鄰漢生東路258號二樓,公共空間不供設籍使用,297218.752767,2767386.0135667
168887,新北市政府,TW,新北市,板橋區,福丘里,016,漢生東路,258號,3,,新北市板橋區福丘里016鄰漢生東路258號三樓,公共空間不供設籍使用,297218.752767,2767386.0135667
168887,新北市政府,TW,新北市,板橋區,福丘里,013,縣民大道二段,66之1號,3,,新北市板橋區福丘里013鄰縣民大道二段66之1號三樓,公共空間不供設籍使用,296755.727717,2767214.4641500
168887,新北市政府,TW,新北市,板橋區,福丘里,019,縣民大道二段,80號,B1,,新北市板橋區福丘里019鄰縣民大道二段80號地下一層,辦公室不供設籍使用,297057.096467,2767466.9427958
168887,新北市政府,TW,新北市,板橋區,福壽里,001,三民路二段正隆巷,1號,,,新北市板橋區福壽里001鄰三民路二段正隆巷1號,管理員室不供設籍,298219.716413,2767285.7375472
168887,新北市政府,TW,新北市,板橋區,福壽里,002,民生路一段,26之1號,,,新北市板橋區福壽里002鄰民生路一段26之1號,管理員室不供設籍,298221.6385182347,2767173.2996885045
168887,新北市政府,TW,新北市,板橋區,福祿里,013,國泰街75巷,29之1號,,,新北市板橋區福祿里013鄰國泰街75巷29之1號,管理員室不供設籍用,297237.463438,2766466.36305
168887,新北市政府,TW,新北市,板橋區,華德里,032,四川路二段,247號,,,新北市板橋區華德里032鄰四川路二段247號,管理員室不供設籍使用,295460.061533,2765074.4556
168887,新北市政府,TW,新北市,板橋區,華東里,028,南雅南路二段,25號,B1,,新北市板橋區華東里028鄰南雅南路二段25號地下一層,停車空間不供設籍使用,295655.800117,2765451.3709000
168887,新北市政府,TW,新北市,板橋區,華東里,028,南雅南路二段,25號,B1,,新北市板橋區華東里028鄰南雅南路二段25號地下一層,停車空間不供設籍,295655.800117,2765451.3709000
168887,新北市政府,TW,新北市,板橋區,華東里,007,南雅南路二段,122之9號,,,新北市板橋區華東里007鄰南雅南路二段122之9號,管理室不供設籍使用,295621.930517,2765645.4813917
168887,新北市政府,TW,新北市,板橋區,西安里,012,板新路,128之1號,,,新北市板橋區西安里012鄰板新路128之1號,管理員室不供設籍,297539.355206,2767590.8022736
168887,新北市政府,TW,新北市,板橋區,長安里,007,漢生東路161巷,5號,7,,新北市板橋區長安里007鄰漢生東路161巷5號七樓,管委會使用空間不供設籍,297417.046583,2767246.7671917
168887,新北市政府,TW,新北市,板橋區,黃石里,010,公館街,6號,B1,,新北市板橋區黃石里010鄰公館街6號地下一層,公共空間不供設籍使用,296098.382817,2767198.5765083
168887,新北市政府,TW,新北市,三重區,三民里,012,中正北路,110之1號,,,新北市三重區三民里012鄰中正北路110之1號,管理員室不供設籍,299023.001400,2773057.5763000
168887,新北市政府,TW,新北市,三重區,中興里,019,重新路五段,648之2號,,,新北市三重區中興里019鄰重新路五段648之2號,管理員室不供設籍,297424.744722,2770767.9162964
168887,新北市政府,TW,新北市,三重區,二重里,012,穀保街,95之1號,2,,新北市三重區二重里012鄰穀保街95之1號二樓,不供設籍,297677.906528195,2773409.8505293066
168887,新北市政府,TW,新北市,三重區,五谷里,008,重新路五段,489之1號,,,新北市三重區五谷里008鄰重新路五段489之1號,管委會不供設籍,297705.0146,2771061.3783
168887,新北市政府,TW,新北市,三重區,仁華里,020,碧華街148巷,20之2號,,,新北市三重區仁華里020鄰碧華街148巷20之2號,管理員室不供設籍,298911.389,2775028.954
168887,新北市政府,TW,新北市,三重區,光明里,030,中正南路,195之1號,,,新北市三重區光明里030鄰中正南路195之1號,管理員室不供設籍,299766.838479,2771947.1706916
168887,新北市政府,TW,新北市,三重區,光明里,026,重新路四段,6之2號,,,新北市三重區光明里026鄰重新路四段6之2號,管理員室不供設籍,299363.772188,2772293.6697083
168887,新北市政府,TW,新北市,三重區,光明里,019,集美街,18之9號,,,新北市三重區光明里019鄰集美街18之9號,管理員室不供設籍,299431.6428153319,2771993.183931052
168887,新北市政府,TW,新北市,三重區,光正里,007,中正南路250巷,1之1號,,,新北市三重區光正里007鄰中正南路250巷1之1號,管理員室不供設籍,299803.357682,2771794.7963254
168887,新北市政府,TW,新北市,三重區,光華里,011,中央北路27巷,18之1號,,,新北市三重區光華里011鄰中央北路27巷18之1號,管理員室不供設籍,300600.4464,2773046.8539
168887,新北市政府,TW,新北市,三重區,光華里,015,福德北路,82之1號,,,新北市三重區光華里015鄰福德北路82之1號,管理員室不供設籍,300590.8242322944,2773208.3583687292
168887,新北市政府,TW,新北市,三重區,培德里,017,力行路一段,205號,,,新北市三重區培德里017鄰力行路一段205號,管理員室不供設籍,298738.232222,2773661.4462244
168887,新北市政府,TW,新北市,三重區,大有里,016,中正北路560巷,47之1號,,,新北市三重區大有里016鄰中正北路560巷47之1號,管理員室不供設籍,297472.294,2773656.8652999997
168887,新北市政府,TW,新北市,三重區,富貴里,021,富貴街,15之1號,,,新北市三重區富貴里021鄰富貴街15之1號,管理員室不供設籍,299422.425300,2775864.3284000
168887,新北市政府,TW,新北市,三重區,富貴里,017,集賢路,81之1號,,,新北市三重區富貴里017鄰集賢路81之1號,管委會使用不供設籍,299862.937617,2775487.2774084
168887,新北市政府,TW,新北市,三重區,慈化里,004,碧華街,211之1號,,,新北市三重區慈化里004鄰碧華街211之1號,管理員室不供設籍,299271.099575,2775034.8502667
168887,新北市政府,TW,新北市,三重區,慈化里,013,碧華街,262之1號,,,新北市三重區慈化里013鄰碧華街262之1號,管理員室不供設藉,299233.625314,2775054.4190611
168887,新北市政府,TW,新北市,三重區,慈祐里,018,五華街92巷,9之1號,,,新北市三重區慈祐里018鄰五華街92巷9之1號,管理員室不供設籍,299669.81320000003,2774959.1031
168887,新北市政府,TW,新北市,三重區,慈祐里,001,溪尾街,195之1號,,,新北市三重區慈祐里001鄰溪尾街195之1號,管理員室不供設籍,299330.559265,2774805.0645968
168887,新北市政府,TW,新北市,三重區,成功里,019,成功路,32號,2,,新北市三重區成功里019鄰成功路32號二樓,公設不供設籍,299368.3253,2771444.4671
168887,新北市政府,TW,新北市,三重區,成功里,015,成功路104巷,11之1號,,,新北市三重區成功里015鄰成功路104巷11之1號,管理員室不供設籍,299191.054000,2771479.3915500
168887,新北市政府,TW,新北市,三重區,成功里,015,成功路104巷,32之1號,,,新北市三重區成功里015鄰成功路104巷32之1號,管理員室不供設籍,299164.066633,2771477.2749833
168887,新北市政府,TW,新北市,三重區,永福里,023,永福街72巷,19號,,,新北市三重區永福里023鄰永福街72巷19號,管理員室不供設籍,298391.134483,2774340.2011083
168887,新北市政府,TW,新北市,三重區,永福里,023,永福街72巷,21號,,,新北市三重區永福里023鄰永福街72巷21號,管理員室不供設籍,298404.892816,2774331.0729833
168887,新北市政府,TW,新北市,三重區,永豐里,002,永福街,257之2號,,,新北市三重區永豐里002鄰永福街257之2號,管理員室不供設籍,298542.996829,2774063.6480842
168887,新北市政府,TW,新北市,三重區,溪美里,028,慈愛街,137號,2,1,新北市三重區溪美里028鄰慈愛街137號二樓之1,不供設籍,299385.3861,2774726.387
168887,新北市政府,TW,新北市,三重區,溪美里,008,溪尾街,45之3號,,,新北市三重區溪美里008鄰溪尾街45之3號,管理員室不供設籍,299551.935558,2774328.3149272
168887,新北市政府,TW,新北市,三重區,田中里,010,忠孝路三段40巷,19號,B1,,新北市三重區田中里010鄰忠孝路三段40巷19號地下一層,管理員室不供設籍,298670.620784,2773175.0120913
168887,新北市政府,TW,新北市,三重區,田心里,015,忠孝路三段84巷,7之1號,,,新北市三重區田心里015鄰忠孝路三段84巷7之1號,管理員室不供設籍,298500.594350,2773012.2285333
168887,新北市政府,TW,新北市,三重區,碧華里,014,三信路,83號,B2,1,新北市三重區碧華里014鄰三信路83號地下二層之1,管理員室不供設籍,299117.969683,2775284.2425115
168887,新北市政府,TW,新北市,三重區,碧華里,014,五華街,260之1號,,,新北市三重區碧華里014鄰五華街260之1號,管理員室不供設籍,299168.650292,2775560.6269765
168887,新北市政府,TW,新北市,三重區,碧華里,003,仁安街,25之1號,,,新北市三重區碧華里003鄰仁安街25之1號,管理員室不供設籍,298883.592947,2775195.6070949
168887,新北市政府,TW,新北市,三重區,碧華里,002,碧華街148巷,19號,,,新北市三重區碧華里002鄰碧華街148巷19號,管理員室不供設籍,298942.182075,2774999.7202167
168887,新北市政府,TW,新北市,三重區,碧華里,007,集仁街,42之1號,,,新北市三重區碧華里007鄰集仁街42之1號,管理員室不供設籍,299050.677321,2775296.2810532
168887,新北市政府,TW,新北市,三重區,碧華里,005,集勇街,60之1號,,,新北市三重區碧華里005鄰集勇街60之1號,管理員室不供設籍,298875.8022,2775308.1395
168887,新北市政府,TW,新北市,三重區,碧華里,007,集英路,68之1號,,,新北市三重區碧華里007鄰集英路68之1號,警衛室不供設籍,299010.989822,2775413.2268865
168887,新北市政府,TW,新北市,三重區,福安里,021,重陽路四段,37號,2,,新北市三重區福安里021鄰重陽路四段37號二樓,管理員室不供設籍,299612.663383,2773593.7357750
168887,新北市政府,TW,新北市,三重區,福德里,020,成功路,120之1號,,,新北市三重區福德里020鄰成功路120之1號,管理員室不供設籍,299056.87718061206,2771608.0569366584
168887,新北市政府,TW,新北市,三重區,福樂里,022,慈愛街,9之1號,,,新北市三重區福樂里022鄰慈愛街9之1號,管理員室不供設籍,298924.191400,2774577.4882917
168887,新北市政府,TW,新北市,三重區,慈祐里,006,慈愛街,140之1號,,,新北市三重區慈祐里006鄰慈愛街140之1號,管理員室,299474.101683,2774810.2906375
168887,新北市政府,TW,新北市,三重區,福隆里,001,溪尾街,42之2號,,,新北市三重區福隆里001鄰溪尾街42之2號,管理維護空間不供設籍,299499.984837,2774406.4287257
168887,新北市政府,TW,新北市,三重區,福隆里,005,自強路四段31巷,1號,,,新北市三重區福隆里005鄰自強路四段31巷1號,管理維護空間不供設籍,299370.735879,2774357.3485174
168887,新北市政府,TW,新北市,三重區,谷王里,013,興德路,55號,4,2,新北市三重區谷王里013鄰興德路55號四樓之2,不供設籍,297991.1495349311,2771864.7760323845
168887,新北市政府,TW,新北市,三重區,過田里,004,新北大道一段,9號,6,,新北市三重區過田里004鄰新北大道一段9號六樓,新北市三重區戶政事務所,299356.349400,2772638.7194000
168887,新北市政府,TW,新北市,三重區,過田里,021,重陽路一段43巷,36之1號,,,新北市三重區過田里021鄰重陽路一段43巷36之1號,管理員室不供設籍,299250.542217,2772340.4125166
168887,新北市政府,TW,新北市,三重區,重明里,012,捷運路37巷,30之1號,,,新北市三重區重明里012鄰捷運路37巷30之1號,管理員室不供設籍,298818.8398159751,2772216.5445718434
168887,新北市政府,TW,新北市,三重區,重明里,011,朝陽街,25之1號,,,新北市三重區重明里011鄰朝陽街25之1號,管理員室不供設籍,298805.627972,2772138.0235167
168887,新北市政府,TW,新北市,三重區,重明里,004,重陽路一段60巷,32號,2,,新北市三重區重明里004鄰重陽路一段60巷32號二樓,管理員室不供設籍,298971.187542,2772308.6808000
168887,新北市政府,TW,新北市,三重區,重明里,004,重陽路一段60巷,36之1號,,,新北市三重區重明里004鄰重陽路一段60巷36之1號,管理員室不供設籍,298946.978167,2772298.0974667
168887,新北市政府,TW,新北市,三重區,重明里,004,重陽路一段60巷,58號,B1,,新北市三重區重明里004鄰重陽路一段60巷58號地下一層,管理員室不供設籍,298900.940600,2772310.0039000
168887,新北市政府,TW,新北市,三重區,重陽里,002,重陽路三段5巷,3之1號,,,新北市三重區重陽里002鄰重陽路三段5巷3之1號,管理員室不供設籍,299513.274333,2773110.3136167
168887,新北市政府,TW,新北市,中和區,員山里,039,中山路三段136巷,33號,B1,,新北市中和區員山里039鄰中山路三段136巷33號地下一層,管理室不供設籍,297810,2766676.6074
168887,新北市政府,TW,新北市,中和區,外南里,002,南山路,236號,4,,新北市中和區外南里002鄰南山路236號四樓,新北市中和區戶政事務所,301131.15428820025,2764727.2532507023
168887,新北市政府,TW,新北市,中和區,安和里,013,安平路,87之3號,,,新北市中和區安和里013鄰安平路87之3號,管理員室不得設籍,301519.426146,2765483.3099373
168887,新北市政府,TW,新北市,中和區,新南里,009,圓通路,81號,,,新北市中和區新南里009鄰圓通路81號,管理員室不供設籍,300461.973672,2765518.9814389
168887,新北市政府,TW,新北市,中和區,景平里,013,景平路,151號,,,新北市中和區景平里013鄰景平路151號,管理員室不供設籍,301840.378400,2764987.6704250
168887,新北市政府,TW,新北市,中和區,景文里,001,南山路81巷,61之1號,,,新北市中和區景文里001鄰南山路81巷61之1號,管理員室不供設籍,300908.110806,2765632.7158444
168887,新北市政府,TW,新北市,中和區,景文里,017,景平路504巷,12之1號,,,新北市中和區景文里017鄰景平路504巷12之1號,本號,300885.2413950551,2765210.2414278164
168887,新北市政府,TW,新北市,中和區,漳和里,007,景新街34巷2弄,5號,,,新北市中和區漳和里007鄰景新街34巷2弄5號,管理員室不供設籍,300774.109350,2765768.1829667
168887,新北市政府,TW,新北市,中和區,瓦磘里,003,中山路二段,27之6號,,,新北市中和區瓦磘里003鄰中山路二段27之6號,本號,300968.5732249944,2766451.6295264913
168887,新北市政府,TW,新北市,中和區,碧河里,020,建八路,167之1號,,,新北市中和區碧河里020鄰建八路167之1號,管理員室不供設籍,299585.436187,2765803.3282180
168887,新北市政府,TW,新北市,中和區,華南里,020,忠孝街2巷,12之3號,,,新北市中和區華南里020鄰忠孝街2巷12之3號,管理員室不供設籍,301539.312395,2763848.0462071
168887,新北市政府,TW,新北市,中和區,連和里,016,中山路二段,259號,B1,,新北市中和區連和里016鄰中山路二段259號地下一層,管理員室不供設籍,300187.547969,2766124.1507056
168887,新北市政府,TW,新北市,中和區,錦和里,001,圓通路367巷22弄,1號,,,新北市中和區錦和里001鄰圓通路367巷22弄1號,管理員室不供設籍,299649.460377,2764545.3405926
168887,新北市政府,TW,新北市,中和區,錦和里,006,圓通路369巷,39之10號,,,新北市中和區錦和里006鄰圓通路369巷39之10號,管理員室不供設籍,299453.258980,2764304.0251937
168887,新北市政府,TW,新北市,永和區,保安里,001,仁愛路,244號,,,新北市永和區保安里001鄰仁愛路244號,仁愛公園公共廁所,301245.435446,2767131.7865500
168887,新北市政府,TW,新北市,永和區,保安里,001,仁愛路,244號,,,新北市永和區保安里001鄰仁愛路244號,仁愛公園公共厠所,301245.435446,2767131.7865500
168887,新北市政府,TW,新北市,永和區,保安里,027,保生路,25號,,,新北市永和區保安里027鄰保生路25號,永平國小,301044.164233,2766764.7207552
168887,新北市政府,TW,新北市,永和區,後溪里,001,信義路25巷30弄,8之1號,,,新北市永和區後溪里001鄰信義路25巷30弄8之1號,不供設籍,301732.777754,2767206.9530833
168887,新北市政府,TW,新北市,永和區,後溪里,001,信義路25巷30弄,9之1號,,,新北市永和區後溪里001鄰信義路25巷30弄9之1號,不供設籍,301721.797546,2767209.3343333
168887,新北市政府,TW,新北市,永和區,新生里,018,新生路,218號,,,新北市永和區新生里018鄰新生路218號,含一、二層,300992.9372546774,2767308.9522462706
168887,新北市政府,TW,新北市,永和區,新生里,018,環河西路二段,177之1號,,,新北市永和區新生里018鄰環河西路二段177之1號,含一、二層,300973.753000,2767347.5800000
168887,新北市政府,TW,新北市,永和區,民族里,018,民權路,102號,,,新北市永和區民族里018鄰民權路102號,管理員室不供設籍,302436.855162,2765506.6181597
168887,新北市政府,TW,新北市,永和區,民生里,022,得和路,324號,,,新北市永和區民生里022鄰得和路324號,管理空間不供遷入設籍,302804.478503,2765813.1797765
168887,新北市政府,TW,新北市,永和區,潭墘里,013,安樂路144巷,8號,,,新北市永和區潭墘里013鄰安樂路144巷8號,管理員室不供設戶籍,301961.241575,2765868.1116036
168887,新北市政府,TW,新北市,永和區,潭墘里,014,安樂路144巷,18號,,,新北市永和區潭墘里014鄰安樂路144巷18號,管理員室不得遷入設籍,301984.119933,2765854.4791792
168887,新北市政府,TW,新北市,永和區,秀和里,018,永利路,71號,,,新北市永和區秀和里018鄰永利路71號,福和國中游泳池,302573.963100,2766321.4307000
168887,新北市政府,TW,新北市,永和區,秀林里,012,永利路,214號,,,新北市永和區秀林里012鄰永利路214號,中控室不得申請遷入設籍,302811.034153,2766159.3499838
168887,新北市政府,TW,新北市,永和區,豫溪里,015,竹林路,200之1號,,,新北市永和區豫溪里015鄰竹林路200之1號,臺北縣永和市戶政事務所,302498.451000,2766869.3130000
168887,新北市政府,TW,新北市,新莊區,中原里,029,中原路,552之1號,,,新北市新莊區中原里029鄰中原路552之1號,管理員室不供設籍,294923.2775609151,2771937.629419207
168887,新北市政府,TW,新北市,新莊區,中原里,001,中央路,738之1號,,,新北市新莊區中原里001鄰中央路738之1號,管理室不供設籍,294923.508014362,2772169.3911587293
168887,新北市政府,TW,新北市,新莊區,中原里,001,中平路,429之1號,,,新北市新莊區中原里001鄰中平路429之1號,管理員室不供設籍,294784.69850619055,2771964.9547904953
168887,新北市政府,TW,新北市,新莊區,中原里,032,中榮街122巷,14號,,,新北市新莊區中原里032鄰中榮街122巷14號,管理員室不供設籍,295057.342634,2771750.0435656
168887,新北市政府,TW,新北市,新莊區,中原里,001,新北大道四段,1號,,,新北市新莊區中原里001鄰新北大道四段1號,公共設施不供設籍,295441.6001,2772500.4935000003
168887,新北市政府,TW,新北市,新莊區,中原里,029,榮華路二段,173之1號,,,新北市新莊區中原里029鄰榮華路二段173之1號,管理員室不供設籍,294974.4518102584,2771985.0106116817
168887,新北市政府,TW,新北市,新莊區,中原里,001,新北大道四段,135號,4,,新北市新莊區中原里001鄰新北大道四段135號四樓,公共空間不供設籍,295066.5387,2772370.6984
168887,新北市政府,TW,新北市,新莊區,中原里,029,榮華路二段,125號,3,,新北市新莊區中原里029鄰榮華路二段125號三樓,管委會不供設籍,295081.67809695326,2772000.463087228
168887,新北市政府,TW,新北市,新莊區,中誠里,002,中港路417巷,14號,2,,新北市新莊區中誠里002鄰中港路417巷14號二樓,管委會使用空間不供設籍,295583.202773,2771136.5931272
168887,新北市政府,TW,新北市,新莊區,中隆里,027,中央路,182號,,,新北市新莊區中隆里027鄰中央路182號,抽水站不供設籍,295456.337833,2772410.0236705
168887,新北市政府,TW,新北市,新莊區,丹鳳里,014,天祥街92巷,3之1號,,,新北市新莊區丹鳳里014鄰天祥街92巷3之1號,管理員室不供設籍,291912.017100,2769142.0442445
168887,新北市政府,TW,新北市,新莊區,仁愛里,008,福樂街,73號,,,新北市新莊區仁愛里008鄰福樂街73號,停車場不供設籍,296094.305183,2771154.1840667
168887,新北市政府,TW,新北市,新莊區,光華里,006,光華街13巷,15號,,,新北市新莊區光華里006鄰光華街13巷15號,農業資材室不供設籍,293327.27859999996,2767063.5316
168887,新北市政府,TW,新北市,新莊區,化成里,013,化成路113巷,34之1號,,,新北市新莊區化成里013鄰化成路113巷34之1號,管理員室不供設籍,296899.868492,2771086.8288833
168887,新北市政府,TW,新北市,新莊區,化成里,013,思源路166巷,25之1號,,,新北市新莊區化成里013鄰思源路166巷25之1號,管理員室不供設籍,296483.149442,2771167.1529333
168887,新北市政府,TW,新北市,新莊區,和平里,019,中原路,31號,,,新北市新莊區和平里019鄰中原路31號,車庫不供設籍,296291.779400,2771865.3266000
168887,新北市政府,TW,新北市,新莊區,國泰里,015,新樹路85巷,11之1號,,,新北市新莊區國泰里015鄰新樹路85巷11之1號,西盛溝抽水站不供設籍,293909.133221,2768920.1464108
168887,新北市政府,TW,新北市,新莊區,建安里,034,建國一路,113之1號,,,新北市新莊區建安里034鄰建國一路113之1號,建國抽水站不供設籍,293921.537525,2768917.7117507
168887,新北市政府,TW,新北市,新莊區,建安里,033,建國二路,81之1號,,,新北市新莊區建安里033鄰建國二路81之1號,潭底溝抽水站不供設籍,293476.009924,2768655.1186201
168887,新北市政府,TW,新北市,新莊區,建安里,032,後港一路156巷,22號,,,新北市新莊區建安里032鄰後港一路156巷22號,廁所不供設籍,293428.727458,2768664.8206542
168887,新北市政府,TW,新北市,新莊區,忠孝里,029,公園一路,112之1號,,,新北市新莊區忠孝里029鄰公園一路112之1號,管理員室不供設籍,294869.566658,2770020.7112333
168887,新北市政府,TW,新北市,新莊區,文明里,003,思源路,2號,B1,,新北市新莊區文明里003鄰思源路2號地下一層,管理員室不供設籍,296502.39410000003,2770138.965
168887,新北市政府,TW,新北市,新莊區,文明里,003,環漢路二段,142號,,,新北市新莊區文明里003鄰環漢路二段142號,新莊抽水站不供設籍,296456.7022,2770046.3757
168887,新北市政府,TW,新北市,新莊區,文聖里,004,中興街,33之1號,,,新北市新莊區文聖里004鄰中興街33之1號,社區公益設施不供設籍,295324.60865608754,2769908.638163164
168887,新北市政府,TW,新北市,新莊區,文聖里,008,建興街,9號,B1,,新北市新莊區文聖里008鄰建興街9號地下一層,管理員室不供設籍,295411.204827,2769856.1972070
168887,新北市政府,TW,新北市,新莊區,文聖里,002,新泰路,100之1號,,,新北市新莊區文聖里002鄰新泰路100之1號,管理員室不供設籍,295274.0342776433,2769855.4417184316
168887,新北市政府,TW,新北市,新莊區,昌平里,001,中央路,376之1號,,,新北市新莊區昌平里001鄰中央路376之1號,管理室不供設籍,295664.87001982785,2772408.824457315
168887,新北市政府,TW,新北市,新莊區,昌平里,001,昌智路,52號,,,新北市新莊區昌平里001鄰昌智路52號,管委會使用空間不供設籍,296278.8523296075,2772103.083549389
168887,新北市政府,TW,新北市,新莊區,昌平里,005,福壽街,336號,,,新北市新莊區昌平里005鄰福壽街336號,抽水站不供設籍,296182.316090,2772355.5085624
168887,新北市政府,TW,新北市,新莊區,昌平里,001,中央路,237號,4,,新北市新莊區昌平里001鄰中央路237號四樓,管理員室不供設籍,295788.20825029403,2772347.4985791915
168887,新北市政府,TW,新北市,新莊區,榮和里,012,中華路一段,1號,2,,新北市新莊區榮和里012鄰中華路一段1號二樓,臺北縣新莊市戶政事務所,295601.950400,2769876.1151000
168887,新北市政府,TW,新北市,新莊區,福基里,012,新北大道三段,222號,4,,新北市新莊區福基里012鄰新北大道三段222號四樓,管理員室不供設籍,295798.7428649657,2772579.1484057326
168887,新北市政府,TW,新北市,新莊區,福興里,016,五權一路,18號,14,,新北市新莊區福興里016鄰五權一路18號十四樓,管委會不供設籍,296123.4546811119,2773054.9590038326
168887,新北市政府,TW,新北市,新莊區,榮和里,015,中華路一段,43之1號,,,新北市新莊區榮和里015鄰中華路一段43之1號,管理員室不供設籍,295558.6925,2770064.8631
168887,新北市政府,TW,新北市,新莊區,民全里,001,民安路,291之1號,,,新北市新莊區民全里001鄰民安路291之1號,管理員室不供設籍,293333.277375,2768331.1724375
168887,新北市政府,TW,新北市,新莊區,瓊林里,002,環漢路二段,535號,,,新北市新莊區瓊林里002鄰環漢路二段535號,塔寮坑2號抽水站不供設籍,294997.85740000003,2768977.1191
168887,新北市政府,TW,新北市,新莊區,瓊林里,002,環漢路二段,630號,,,新北市新莊區瓊林里002鄰環漢路二段630號,塔寮坑抽水站不供設籍,294695.8403,2768636.3824
168887,新北市政府,TW,新北市,新莊區,福基里,013,化成路,565號,,,新北市新莊區福基里013鄰化成路565號,抽水站不供設籍,296914.043300,2773116.8400000
168887,新北市政府,TW,新北市,新莊區,福基里,001,思源路,680號,2,1,新北市新莊區福基里001鄰思源路680號二樓之1,管委會不供設籍,296432.483947,2772248.4097770
168887,新北市政府,TW,新北市,新莊區,福基里,007,福前街,251之1號,,,新北市新莊區福基里007鄰福前街251之1號,管理員室不供設籍,296674.149642,2772325.4374000
168887,新北市政府,TW,新北市,新莊區,福基里,009,福前街,500之19號,,,新北市新莊區福基里009鄰福前街500之19號,管理員室不供設籍,296859.401702,2772549.8539779
168887,新北市政府,TW,新北市,新莊區,福基里,009,福前街,500之1號,,,新北市新莊區福基里009鄰福前街500之1號,管理員室不供設籍,296685.564000,2772513.6095000
168887,新北市政府,TW,新北市,新莊區,福基里,001,福德二街,2之1號,,,新北市新莊區福基里001鄰福德二街2之1號,公共服務空間防災中心不供設籍,296691.3114,2772215.5809
168887,新北市政府,TW,新北市,新莊區,福基里,001,福德二街,76之1號,,,新北市新莊區福基里001鄰福德二街76之1號,管理員室不供設籍,296529.157975,2772200.0249000
168887,新北市政府,TW,新北市,新莊區,福基里,001,福德二街,80之1號,,,新北市新莊區福基里001鄰福德二街80之1號,管理員室不供設籍,296520.197599,2772201.6852332
168887,新北市政府,TW,新北市,新莊區,福營里,009,後港一路,173之1號,,,新北市新莊區福營里009鄰後港一路173之1號,管理員室不供設籍,293682.649050,2768988.8162000
168887,新北市政府,TW,新北市,新莊區,福興里,001,五工路,92之2號,,,新北市新莊區福興里001鄰五工路92之2號,管委會空間不供設籍,296125.56919999996,2772985.1406
168887,新北市政府,TW,新北市,新莊區,立人里,001,中正路,82之3號,,,新北市新莊區立人里001鄰中正路82之3號,公共設施不供設籍,296130.648433,2770035.5475000
168887,新北市政府,TW,新北市,新莊區,立基里,024,中環路三段,2號,,1,新北市新莊區立基里024鄰中環路三段2號之1,新莊公有拖吊場不供設戶籍,294618.297967,2771171.5023917
168887,新北市政府,TW,新北市,新莊區,立基里,024,中環路三段,2號,,1,新北市新莊區立基里024鄰中環路三段2號之1,拖吊場不供設籍,294618.297967,2771171.5023917
168887,新北市政府,TW,新北市,新莊區,立廷里,040,中平路377巷,10號,2,,新北市新莊區立廷里040鄰中平路377巷10號二樓,管委會不供設籍,294789.753645,2771682.8550390
168887,新北市政府,TW,新北市,新莊區,立廷里,020,中平路377巷,21之1號,,,新北市新莊區立廷里020鄰中平路377巷21之1號,管理員室不供設籍,294758.949659,2771665.1763623
168887,新北市政府,TW,新北市,新莊區,立廷里,029,立信三街,6之1號,,,新北市新莊區立廷里029鄰立信三街6之1號,管理員室不供設籍,294854.857941,2771425.2459348
168887,新北市政府,TW,新北市,新莊區,自信里,001,自信街,29號,2,,新北市新莊區自信里001鄰自信街29號二樓,管理中心不供設籍,295824.327741,2771213.4682018
168887,新北市政府,TW,新北市,新莊區,興漢里,014,環漢路二段,385號,,,新北市新莊區興漢里014鄰環漢路二段385號,公館溝抽水站不供設籍,295497.486932,2769453.5500296
168887,新北市政府,TW,新北市,新莊區,西盛里,023,新樹路258巷,1之2號,,,新北市新莊區西盛里023鄰新樹路258巷1之2號,管理員室不供設籍,293605.791696,2767540.1333418
168887,新北市政府,TW,新北市,新莊區,西盛里,023,新樹路258巷,3之3號,,,新北市新莊區西盛里023鄰新樹路258巷3之3號,管理員室不供設籍,293589.808662,2767557.7139502
168887,新北市政府,TW,新北市,新莊區,西盛里,023,新樹路258巷,5之14號,,,新北市新莊區西盛里023鄰新樹路258巷5之14號,管理室不供設籍,293547.50482154573,2767621.2585766427
168887,新北市政府,TW,新北市,新莊區,西盛里,023,新樹路258巷,5之1號,,,新北市新莊區西盛里023鄰新樹路258巷5之1號,管理室不供設籍,293581.65483,2767582.3274131
168887,新北市政府,TW,新北市,新莊區,西盛里,007,新樹路,264之6號,,,新北市新莊區西盛里007鄰新樹路264之6號,管理員室不供設籍用,293640.265322,2767441.2023636
168887,新北市政府,TW,新北市,新莊區,西盛里,007,新樹路,266之4號,,,新北市新莊區西盛里007鄰新樹路266之4號,管理員不供設籍用,293634.992289,2767389.984221
168887,新北市政府,TW,新北市,新莊區,西盛里,016,環漢路三段,530號,,,新北市新莊區西盛里016鄰環漢路三段530號,西盛抽水站不供設籍,293913.5538,2766018.8018
168887,新北市政府,TW,新北市,新莊區,頭前里,008,幸福東路,218號,,,新北市新莊區頭前里008鄰幸福東路218號,停車場不供設籍,296508.299620,2771350.3782417
168887,新北市政府,TW,新北市,新莊區,頭前里,008,思源路296巷,31號,,,新北市新莊區頭前里008鄰思源路296巷31號,管委會空間不供設籍,296517.838,2771423.8192
168887,新北市政府,TW,新北市,新莊區,頭前里,010,思源路370巷,70之1號,,,新北市新莊區頭前里010鄰思源路370巷70之1號,管理員室不供設籍,296556.174442,2771566.9383500
168887,新北市政府,TW,新北市,新莊區,頭前里,014,福前街63巷,2之1號,,,新北市新莊區頭前里014鄰福前街63巷2之1號,管理員室不供設籍,296752.577875,2771854.5735583
168887,新北市政府,TW,新北市,新莊區,頭前里,013,福美街,12號,,,新北市新莊區頭前里013鄰福美街12號,抽水站不供設籍,296497.443433,2771731.7852333
168887,新北市政府,TW,新北市,新莊區,頭前里,013,福美街,16之1號,,,新北市新莊區頭前里013鄰福美街16之1號,管理員室不供設籍,296496.699,2771751.6997
168887,新北市政府,TW,新北市,新莊區,頭前里,016,福美街,66號,,,新北市新莊區頭前里016鄰福美街66號,公廁不供設籍,296541.074567,2772035.8994208
168887,新北市政府,TW,新北市,新莊區,福基里,009,福美街172巷,1之1號,,,新北市新莊區福基里009鄰福美街172巷1之1號,公共服務空間防災中心不供設,296494.2695,2772486.9119
168887,新北市政府,TW,新北市,新莊區,頭前里,016,福美街90巷,50之1號,,,新北市新莊區頭前里016鄰福美街90巷50之1號,管理員室不供設籍,296585.7173524181,2772121.875773992
168887,新北市政府,TW,新北市,新莊區,頭前里,010,頭前路,111號,B1,,新北市新莊區頭前里010鄰頭前路111號地下一層,管理員室不供設籍,296849.304408,2771643.8844417
168887,新北市政府,TW,新北市,新莊區,頭前里,008,頭成街,140號,,,新北市新莊區頭前里008鄰頭成街140號,公廁不供設籍,296650.479775,2771414.8561917
168887,新北市政府,TW,新北市,新店區,下城里,002,華城路,66之20號,,,新北市新店區下城里002鄰華城路66之20號,警衛室不供設籍,302961.6282658966,2760318.1868803287
168887,新北市政府,TW,新北市,新店區,中山里,001,民生路75巷,36號,,,新北市新店區中山里001鄰民生路75巷36號,資材室不供設籍,303748.3959,2763973.0363000003
168887,新北市政府,TW,新北市,新店區,中山里,001,民生路75巷,38號,,,新北市新店區中山里001鄰民生路75巷38號,資材室不供設籍,303756.19299999997,2763943.1233
168887,新北市政府,TW,新北市,新店區,中興里,007,北新路一段,86號,11,,新北市新店區中興里007鄰北新路一段86號十一樓,新北市新店戶政事務所,304690.8961944364,2762302.964298801
168887,新北市政府,TW,新北市,新店區,中興里,018,檳榔路,151號,,1,新北市新店區中興里018鄰檳榔路151號之1,寺廟不供設籍,305080.9719,2761539.7
168887,新北市政府,TW,新北市,新店區,中興里,007,行政街,2號,2,,新北市新店區中興里007鄰行政街2號二樓,臺北縣新店市戶政事務所,304788.380123,2762191.8829682
168887,新北市政府,TW,新北市,新店區,五峯里,001,北新路一段126巷,2號,,,新北市新店區五峯里001鄰北新路一段126巷2號,管委會不供設籍,304767.1273460937,2762526.094588747
168887,新北市政府,TW,新北市,新店區,塗潭里,005,新潭路一段,198號,,,新北市新店區塗潭里005鄰新潭路一段198號,資材室不供設籍,303463.62687150866,2758209.786466101
168887,新北市政府,TW,新北市,新店區,太平里,011,合作路,13號,,,新北市新店區太平里011鄰合作路13號,建物已拆除,303867.464500,2761203.2673000
168887,新北市政府,TW,新北市,新店區,太平里,011,合作路,13號,2,,新北市新店區太平里011鄰合作路13號二樓,建物已拆除,303867.464500,2761203.2673000
168887,新北市政府,TW,新北市,新店區,安和里,028,安興路95巷,21號,,,新北市新店區安和里028鄰安興路95巷21號,管理室不供設籍,301756.086746728,2763282.2658882383
168887,新北市政府,TW,新北市,新店區,寶福里,018,寶興路45巷2弄,2號,,,新北市新店區寶福里018鄰寶興路45巷2弄2號,管理室不供設籍,305543.292000,2762936.3610000
168887,新北市政府,TW,新北市,新店區,屈尺里,014,新烏路二段,193號,,,新北市新店區屈尺里014鄰新烏路二段193號,資材室不供設籍,305453.2595369813,2756910.42524821
168887,新北市政府,TW,新北市,新店區,廣興里,010,小坑二路2巷,9號,,,新北市新店區廣興里010鄰小坑二路2巷9號,資材室不供設籍,303732.4966034727,2756687.5623589125
168887,新北市政府,TW,新北市,新店區,廣興里,003,廣興路60巷,13號,,,新北市新店區廣興里003鄰廣興路60巷13號,資材室不供設籍,304565.7856,2756486.824
168887,新北市政府,TW,新北市,新店區,廣興里,003,廣興路60巷,32號,,,新北市新店區廣興里003鄰廣興路60巷32號,資材室不供設籍,304837.7145890576,2756488.8438610146
168887,新北市政府,TW,新北市,新店區,廣興里,003,廣興路60巷,34號,,,新北市新店區廣興里003鄰廣興路60巷34號,資材室不供設籍,304832.3137992718,2756484.3315240997
168887,新北市政府,TW,新北市,新店區,張北里,029,寶橋路78巷,88號,,,新北市新店區張北里029鄰寶橋路78巷88號,管理室不供設籍,305189.339692,2762978.9950083
168887,新北市政府,TW,新北市,新店區,復興里,002,北新路三段203巷,3號,,,新北市新店區復興里002鄰北新路三段203巷3號,建物已滅失,304568.881100,2764166.9892000
168887,新北市政府,TW,新北市,新店區,復興里,003,北新路三段,221號,,,新北市新店區復興里003鄰北新路三段221號,管理室不供設籍,304510.672000,2764314.6280000
168887,新北市政府,TW,新北市,新店區,德安里,022,薏仁坑路,59之2號,,,新北市新店區德安里022鄰薏仁坑路59之2號,資材室不供設籍,299441.22491705516,2762082.269898298
168887,新北市政府,TW,新北市,新店區,德安里,022,薏仁坑路,59之3號,,,新北市新店區德安里022鄰薏仁坑路59之3號,資材室不供設籍,299427.296032645,2762091.352811215
168887,新北市政府,TW,新北市,新店區,日興里,012,安康路三段660巷,42號,,,新北市新店區日興里012鄰安康路三段660巷42號,資材室不供設籍,297634.635200,2760625.0283000
168887,新北市政府,TW,新北市,新店區,日興里,012,安康路三段660巷,48號,,,新北市新店區日興里012鄰安康路三段660巷48號,資材室不供設籍,297551.382650,2760430.8390833
168887,新北市政府,TW,新北市,新店區,日興里,012,安康路三段660巷,52號,,,新北市新店區日興里012鄰安康路三段660巷52號,資材室不供設籍,297496.85733956663,2760667.6760461307
168887,新北市政府,TW,新北市,新店區,永平里,008,永平街,30之2號,,,新北市新店區永平里008鄰永平街30之2號,管理員室不供設籍,302131.738147,2764108.0302660
168887,新北市政府,TW,新北市,新店區,永平里,008,永平街,36之2號,,,新北市新店區永平里008鄰永平街36之2號,管理員室不供設籍,302129.356679,2764124.6990151
168887,新北市政府,TW,新北市,新店區,雙坑里,015,中生路,218號,,,新北市新店區雙坑里015鄰中生路218號,資材室不得作為設籍使用,308582.5791,2760231.5831999997
168887,新北市政府,TW,新北市,新店區,雙坑里,013,翠峯路60巷,36號,,,新北市新店區雙坑里013鄰翠峯路60巷36號,資材室不供設籍,308802.0084,2759539.3942
168887,新北市政府,TW,新北市,新店區,雙坑里,004,青峯路20巷,40號,,,新北市新店區雙坑里004鄰青峯路20巷40號,資材室不供設籍,309089.947,2760778.3495
168887,新北市政府,TW,新北市,新店區,頂城里,017,安康路一段,173之6號,,,新北市新店區頂城里017鄰安康路一段173之6號,管委會不供設籍,303205.3268,2761726.6758
168887,新北市政府,TW,新北市,樹林區,三福里,027,忠義街,26號,,,新北市樹林區三福里027鄰忠義街26號,不提供設籍,291275.079240,2767335.2281400
168887,新北市政府,TW,新北市,樹林區,中山里,001,中山路三段,102號,B1,,新北市樹林區中山里001鄰中山路三段102號地下一層,不提供設籍,289666.082399,2762783.6125858
168887,新北市政府,TW,新北市,樹林區,中山里,021,中洲街,31之1號,,,新北市樹林區中山里021鄰中洲街31之1號,管委會不提供設籍,290087.31710000004,2762725.4217000003
168887,新北市政府,TW,新北市,樹林區,中山里,009,八德街,862之1號,,,新北市樹林區中山里009鄰八德街862之1號,管理員室不供設籍,289570.528072,2762368.9096
168887,新北市政府,TW,新北市,樹林區,南園里,049,佳園路三段,538之1號,,,新北市樹林區南園里049鄰佳園路三段538之1號,不供設籍,288514.181277,2759669.1994400
168887,新北市政府,TW,新北市,樹林區,南園里,042,大成路,20之1號,,,新北市樹林區南園里042鄰大成路20之1號,管理員室不供設籍,288658.205176,2759737.9060800
168887,新北市政府,TW,新北市,樹林區,南園里,051,大義路,20之1號,,,新北市樹林區南園里051鄰大義路20之1號,不供設籍使用,288300.937485,2759629.2555900
168887,新北市政府,TW,新北市,樹林區,南園里,023,學勤路,450號,2,,新北市樹林區南園里023鄰學勤路450號二樓,管委會不提供設籍,288452.659187,2760057.8566883
168887,新北市政府,TW,新北市,樹林區,南園里,015,學勤路,558之1號,,,新北市樹林區南園里015鄰學勤路558之1號,不供設籍,288792.388830,2760092.6803300
168887,新北市政府,TW,新北市,樹林區,南園里,008,學府路,555之1號,,,新北市樹林區南園里008鄰學府路555之1號,台北大學城福德宮使用不供設籍,288520.343601,2760411.9380359
168887,新北市政府,TW,新北市,樹林區,南園里,020,學成路,725號,,,新北市樹林區南園里020鄰學成路725號,管委會不提供設籍,288837.044038,2759990.5755125
168887,新北市政府,TW,新北市,樹林區,南園里,037,學成路,748號,,,新北市樹林區南園里037鄰學成路748號,管委會辦公室不提供設籍,288738.024159,2759870.8989200
168887,新北市政府,TW,新北市,樹林區,圳福里,016,千歲街,182之1號,,,新北市樹林區圳福里016鄰千歲街182之1號,不得提供設籍,293283.269000,2765958.4814000
168887,新北市政府,TW,新北市,樹林區,圳福里,010,大安路,1之85號,,,新北市樹林區圳福里010鄰大安路1之85號,管理員室不提供設籍,293269.8485,2766229.6372
168887,新北市政府,TW,新北市,樹林區,彭興里,001,太元街,51之1號,5,,新北市樹林區彭興里001鄰太元街51之1號五樓,不供設籍,292277.047926,2763546.3837600
168887,新北市政府,TW,新北市,樹林區,東山里,015,東和街,89號,,,新北市樹林區東山里015鄰東和街89號,不得作為設籍使用,288815.92605485185,2764534.4947867216
168887,新北市政府,TW,新北市,樹林區,東昇里,024,大安路,576號,,,新北市樹林區東昇里024鄰大安路576號,加油站使用,291562.025894,2764029.8804400
168887,新北市政府,TW,新北市,樹林區,柑園里,013,大成路,327之1號,,,新北市樹林區柑園里013鄰大成路327之1號,管委會不提供設籍,288524.667100,2760169.1589000
168887,新北市政府,TW,新北市,樹林區,柑園里,022,大義路,396之1號,2,,新北市樹林區柑園里022鄰大義路396之1號二樓,管委會空間不供設籍使用,288036.590931,2760207.3120417
168887,新北市政府,TW,新北市,樹林區,柑園里,021,學府路,212之1號,,,新北市樹林區柑園里021鄰學府路212之1號,管理員室不供設籍使用,288166.044476,2760271.5275900
168887,新北市政府,TW,新北市,樹林區,柑園里,008,學府路,376號,,,新北市樹林區柑園里008鄰學府路376號,管委會不提供設籍,288438.714691,2760351.6959083
168887,新北市政府,TW,新北市,樹林區,柑園里,012,柑園街二段149巷,17之1號,,,新北市樹林區柑園里012鄰柑園街二段149巷17之1號,不提供設籍,288628.585178,2760706.5614142
168887,新北市政府,TW,新北市,樹林區,樹人里,001,大安路,519之1號,,,新北市樹林區樹人里001鄰大安路519之1號,管理員室不供設籍,291827.539284,2764329.2593400
168887,新北市政府,TW,新北市,樹林區,樹福里,006,復興路,137號,,,新北市樹林區樹福里006鄰復興路137號,公園廁所不供設籍,292551.774689,2765015.9656400
168887,新北市政府,TW,新北市,樹林區,潭底里,009,保安街一段,285號,,,新北市樹林區潭底里009鄰保安街一段285號,樹林市戶政事務所,292288.944586,2765472.5768700
168887,新北市政府,TW,新北市,樹林區,育英里,003,育英街,119之1號,,,新北市樹林區育英里003鄰育英街119之1號,不得設籍,292397.861055,2764657.7310600
168887,新北市政府,TW,新北市,鶯歌區,中湖里,012,中湖街,296號,,,新北市鶯歌區中湖里012鄰中湖街296號,農業資材室不得設籍,285129.1821099291,2763332.188671088
168887,新北市政府,TW,新北市,鶯歌區,二橋里,012,中正三路335巷,48之2號,,,新北市鶯歌區二橋里012鄰中正三路335巷48之2號,不供設籍使用,283401.468239,2758431.0869608
168887,新北市政府,TW,新北市,鶯歌區,二橋里,014,中正三路,398之9號,,,新北市鶯歌區二橋里014鄰中正三路398之9號,不供設籍使用,282943.321391,2758673.4973425
168887,新北市政府,TW,新北市,鶯歌區,二橋里,015,中正三路406巷3弄,50號,,,新北市鶯歌區二橋里015鄰中正三路406巷3弄50號,農業資材室不得設籍,282600.7345795173,2758877.500869627
168887,新北市政府,TW,新北市,鶯歌區,二橋里,003,高職西街,100號,,,新北市鶯歌區二橋里003鄰高職西街100號,不提供設籍,283914.548201,2759379.7269467
168887,新北市政府,TW,新北市,鶯歌區,二甲里,008,甲一街,131號,,,新北市鶯歌區二甲里008鄰甲一街131號,農業資材室不得設籍,284347.33620604634,2758337.6339066196
168887,新北市政府,TW,新北市,鶯歌區,北鶯里,006,中正一路269巷,31號,,3,新北市鶯歌區北鶯里006鄰中正一路269巷31號之3,不得設籍,285887.494339111,2761377.4054864068
168887,新北市政府,TW,新北市,鶯歌區,北鶯里,008,仁愛路,53號,,,新北市鶯歌區北鶯里008鄰仁愛路53號,臺北縣鶯歌鎮戶政事務所,285762.005905,2760971.2951500
168887,新北市政府,TW,新北市,鶯歌區,北鶯里,004,建國路,12之1號,,,新北市鶯歌區北鶯里004鄰建國路12之1號,辦公室不供設籍,285976.957099,2760975.8355900
168887,新北市政府,TW,新北市,鶯歌區,南靖里,001,重慶街,28之1號,,,新北市鶯歌區南靖里001鄰重慶街28之1號,不作設籍用,285378.57930000004,2760578.5522000003
168887,新北市政府,TW,新北市,鶯歌區,大湖里,014,國際二路2巷,16號,,,新北市鶯歌區大湖里014鄰國際二路2巷16號,農業資材室不得設籍,284286.2816990705,2762842.3872754816
168887,新北市政府,TW,新北市,鶯歌區,大湖里,014,國際二路2巷,20號,,,新北市鶯歌區大湖里014鄰國際二路2巷20號,不供設籍使用,284279.5172,2762882.2053
168887,新北市政府,TW,新北市,鶯歌區,大湖里,015,國際二路8巷,21號,,,新北市鶯歌區大湖里015鄰國際二路8巷21號,農業資材室不得設籍,284212.8113,2762975.4881
168887,新北市政府,TW,新北市,鶯歌區,東湖里,004,中湖街152巷,10號,,,新北市鶯歌區東湖里004鄰中湖街152巷10號,農業資材室不得設籍,285361.8446,2762945.9555
168887,新北市政府,TW,新北市,鶯歌區,永吉里,006,鶯桃路285巷,6號,,1,新北市鶯歌區永吉里006鄰鶯桃路285巷6號之1,不得設籍,283779.61558354384,2761321.359411647
168887,新北市政府,TW,新北市,鶯歌區,鳳鳴里,012,鳳鳴路,158號,,,新北市鶯歌區鳳鳴里012鄰鳳鳴路158號,農業資材室不得設籍,283808.60396569024,2762121.498690597
168887,新北市政府,TW,新北市,鶯歌區,鳳鳴里,001,鶯桃路382巷,5之1號,,,新北市鶯歌區鳳鳴里001鄰鶯桃路382巷5之1號,管理室不供設籍,283729.587101,2761766.0718800
168887,新北市政府,TW,新北市,淡水區,八勢里,004,中正東路二段,71之1號,,,新北市淡水區八勢里004鄰中正東路二段71之1號,管理員室不供設籍,296357.60370000003,2782959.7601
168887,新北市政府,TW,新北市,淡水區,八勢里,009,中正東路二段105巷,1之3號,,,新北市淡水區八勢里009鄰中正東路二段105巷1之3號,機房不供設籍,296393.3074943833,2782674.870107365
168887,新北市政府,TW,新北市,淡水區,北投里,022,北新路,192號,,,新北市淡水區北投里022鄰北新路192號,管理員室不供設籍,295429.851354,2785730.0398133
168887,新北市政府,TW,新北市,淡水區,北投里,011,北新路,225號,,,新北市淡水區北投里011鄰北新路225號,管理員室不供設籍,295542.5939,2785834.8366
168887,新北市政府,TW,新北市,淡水區,北投里,018,新市一路三段101巷,20號,,,新北市淡水區北投里018鄰新市一路三段101巷20號,管委會不供設籍,294981.616276,2786246.8388517
168887,新北市政府,TW,新北市,淡水區,坪頂里,008,坪頂路,509號,,,新北市淡水區坪頂里008鄰坪頂路509號,林業資材室不供設籍,298267.620700,2783683.1778000
168887,新北市政府,TW,新北市,淡水區,坪頂里,008,坪頂路,515號,,,新北市淡水區坪頂里008鄰坪頂路515號,林業資材室不供設籍,298352.70531372033,2783646.0328479274
168887,新北市政府,TW,新北市,淡水區,學府里,008,學府路102巷,121號,,,新北市淡水區學府里008鄰學府路102巷121號,警衛室不供設籍,295788.868737,2784847.4802500
168887,新北市政府,TW,新北市,淡水區,學府里,015,學府路136巷,61號,,,新北市淡水區學府里015鄰學府路136巷61號,管理員室不供設籍,295690.820969,2785006.5556100
168887,新北市政府,TW,新北市,淡水區,學府里,002,水源街一段143巷,5之1號,,,新北市淡水區學府里002鄰水源街一段143巷5之1號,警衛室不供設籍,295075.6066,2784942.9857
168887,新北市政府,TW,新北市,淡水區,學府里,009,鄧公路,329號,,1,新北市淡水區學府里009鄰鄧公路329號之1,農業資材室,296996.1877551808,2784516.1816500346
168887,新北市政府,TW,新北市,淡水區,崁頂里,002,中山北路三段31巷,86號,,,新北市淡水區崁頂里002鄰中山北路三段31巷86號,管理員室不供設籍,294608.855110,2786910.1587300
168887,新北市政府,TW,新北市,淡水區,崁頂里,002,中山北路二段,375號,,,新北市淡水區崁頂里002鄰中山北路二段375號,新北市淡水戶政事務所,294743.251900,2786571.6818000
168887,新北市政府,TW,新北市,淡水區,崁頂里,017,濱海路一段306巷,3號,,,新北市淡水區崁頂里017鄰濱海路一段306巷3號,管理員室不供設籍,294400.940589,2786867.3952700
168887,新北市政府,TW,新北市,淡水區,崁頂里,004,濱海路一段306巷60弄,42號,,,新北市淡水區崁頂里004鄰濱海路一段306巷60弄42號,管理員室不供設籍,294516.195165,2787050.2320167
168887,新北市政府,TW,新北市,淡水區,崁頂里,018,濱海路二段,178號,B1,,新北市淡水區崁頂里018鄰濱海路二段178號地下一層,管理員室,293874.961400,2786929.2433000
168887,新北市政府,TW,新北市,淡水區,忠寮里,002,北新路三段,123之2號,,,新北市淡水區忠寮里002鄰北新路三段123之2號,農業資材室不供設籍,299065.76529999997,2786813.0374
168887,新北市政府,TW,新北市,淡水區,忠寮里,002,北新路三段,161號,,,新北市淡水區忠寮里002鄰北新路三段161號,農業資材室不供設籍,299302.9576,2786969.979
168887,新北市政府,TW,新北市,淡水區,忠寮里,010,行忠路,656號,,,新北市淡水區忠寮里010鄰行忠路656號,農業資材室不供設籍,297336.17579999996,2787920.5712
168887,新北市政府,TW,新北市,淡水區,忠寮里,011,行忠路,870號,,1,新北市淡水區忠寮里011鄰行忠路870號之1,農業資材室,298318.72846087586,2788016.9787558564
168887,新北市政府,TW,新北市,淡水區,忠寮里,011,行忠路,870號,,,新北市淡水區忠寮里011鄰行忠路870號,農業資材室不供設籍,298297.68407478544,2788013.3552583083
168887,新北市政府,TW,新北市,淡水區,忠山里,008,奎柔山路,189號,,,新北市淡水區忠山里008鄰奎柔山路189號,農業資材室不供設籍,296087.26039999997,2788613.6356
168887,新北市政府,TW,新北市,淡水區,忠山里,006,奎柔山路,858號,,,新北市淡水區忠山里006鄰奎柔山路858號,農業資材室不供設籍,297996.62203674245,2788544.744375699
168887,新北市政府,TW,新北市,淡水區,忠山里,006,奎柔山路,860號,,,新北市淡水區忠山里006鄰奎柔山路860號,農業資材室不供設籍,298017.69573633,2788547.5071744174
168887,新北市政府,TW,新北市,淡水區,忠山里,006,奎柔山路,862號,,,新北市淡水區忠山里006鄰奎柔山路862號,農業資材室不供設籍,298018.3711150353,2788539.9826633567
168887,新北市政府,TW,新北市,淡水區,忠山里,003,奎柔山路,1258號,,,新北市淡水區忠山里003鄰奎柔山路1258號,農業資材室不供設籍,298470.8892,2788634.0022
168887,新北市政府,TW,新北市,淡水區,新春里,003,新春街,33之1號,,,新北市淡水區新春里003鄰新春街33之1號,管理員室不供設籍,294058.643597,2785999.8415100
168887,新北市政府,TW,新北市,淡水區,新春里,012,新春街65巷,39號,,,新北市淡水區新春里012鄰新春街65巷39號,管委會,294036.7302,2786102.203
168887,新北市政府,TW,新北市,淡水區,新春里,013,新春街85巷25弄,31號,,,新北市淡水區新春里013鄰新春街85巷25弄31號,管理室不供設籍,294195.780366,2786249.9105717
168887,新北市政府,TW,新北市,淡水區,新民里,003,新民街106巷,1號,,,新北市淡水區新民里003鄰新民街106巷1號,管理員室不供設籍,294226.348420,2785514.4546500
168887,新北市政府,TW,新北市,淡水區,新民里,003,新民街106巷,2號,,,新北市淡水區新民里003鄰新民街106巷2號,管理員室不供設籍,294175.035627,2785481.3514500
168887,新北市政府,TW,新北市,淡水區,新生里,009,中正路,227號,,,新北市淡水區新生里009鄰中正路227號,臺北縣淡水鎮戶政事務所,294036.001961,2784954.3605700
168887,新北市政府,TW,新北市,淡水區,民安里,022,建設街,6號,,,新北市淡水區民安里022鄰建設街6號,停車場不供設籍,294270.311960,2784954.9006300
168887,新北市政府,TW,新北市,淡水區,民生里,029,民權路,2號,,3,新北市淡水區民生里029鄰民權路2號之3,農業資材室,296238.8554431626,2781654.2463247534
168887,新北市政府,TW,新北市,淡水區,民生里,029,民權路,10號,,,新北市淡水區民生里029鄰民權路10號,農業資材室不供設籍,296164.264,2781290.0807999996
168887,新北市政府,TW,新北市,淡水區,福德里,004,自強路,68號,,,新北市淡水區福德里004鄰自強路68號,管理員室不供設籍,296711.451470,2780021.0142900
168887,新北市政府,TW,新北市,淡水區,福德里,020,自強路118巷,19號,,,新北市淡水區福德里020鄰自強路118巷19號,管理員室不供設籍,296836.842416,2780479.5285600
168887,新北市政府,TW,新北市,淡水區,竹圍里,009,民族路65巷,18號,B2,,新北市淡水區竹圍里009鄰民族路65巷18號地下二層,管理員室不供設籍,296737.8081,2780795.5291999997
168887,新北市政府,TW,新北市,淡水區,竹圍里,015,民權一街,60號,,,新北市淡水區竹圍里015鄰民權一街60號,農業資材室不供設籍,296305.227,2780865.2071
168887,新北市政府,TW,新北市,淡水區,竿蓁里,025,中正東路一段3巷14弄,1號,,,新北市淡水區竿蓁里025鄰中正東路一段3巷14弄1號,管理員室不供設籍,295468.4728,2784037.2002999997
168887,新北市政府,TW,新北市,淡水區,竿蓁里,020,淡金路38巷,92號,2,,新北市淡水區竿蓁里020鄰淡金路38巷92號二樓,管理員室不供設籍,296201.635847,2783734.0078917
168887,新北市政府,TW,新北市,淡水區,竿蓁里,023,淡金路79巷,16號,B1,,新北市淡水區竿蓁里023鄰淡金路79巷16號地下一層,管理員室不供設籍,295821.375294,2783784.6750633
168887,新北市政府,TW,新北市,淡水區,義山里,004,奎柔山路,157號,,,新北市淡水區義山里004鄰奎柔山路157號,農業資材室不供設籍,295937.4829,2788623.0730000003
168887,新北市政府,TW,新北市,淡水區,義山里,015,淡金路三段350巷,15號,,,新北市淡水區義山里015鄰淡金路三段350巷15號,農業資材室不供設籍,295385.40129999996,2788997.5861
168887,新北市政府,TW,新北市,淡水區,興仁里,005,興仁路,60號,,1,新北市淡水區興仁里005鄰興仁路60號之1,農業資材室,295644.8697779374,2789925.9333817465
168887,新北市政府,TW,新北市,淡水區,興仁里,013,頂田寮路,357號,,,新北市淡水區興仁里013鄰頂田寮路357號,農業資材室不供設籍,296879.1584954964,2789869.190980817
168887,新北市政府,TW,新北市,淡水區,興仁里,013,頂田寮路,361號,,,新北市淡水區興仁里013鄰頂田寮路361號,農業資材室不供設籍,296901.85753188125,2789932.811682012
168887,新北市政府,TW,新北市,淡水區,興仁里,013,頂田寮路,363號,,,新北市淡水區興仁里013鄰頂田寮路363號,農業資材室不供設籍,296989.55368323216,2790067.440090253
168887,新北市政府,TW,新北市,淡水區,興仁里,013,頂田寮路,365號,,,新北市淡水區興仁里013鄰頂田寮路365號,農業資材室不供設籍,297005.23620154475,2790061.573092655
168887,新北市政府,TW,新北市,淡水區,興仁里,013,頂田寮路,367號,,,新北市淡水區興仁里013鄰頂田寮路367號,農業資材室不供設籍,296949.65251016855,2789929.719458918
168887,新北市政府,TW,新北市,淡水區,興仁里,013,頂田寮路,369號,,,新北市淡水區興仁里013鄰頂田寮路369號,農業資材室不供設籍,296926.0336043862,2789882.0401759664
168887,新北市政府,TW,新北市,淡水區,興仁里,013,頂田寮路,371號,,,新北市淡水區興仁里013鄰頂田寮路371號,農業資材室不供設籍,296901.80068988486,2789839.9172690082
168887,新北市政府,TW,新北市,淡水區,興仁里,014,頂田寮路,525號,,,新北市淡水區興仁里014鄰頂田寮路525號,農業資材室不供設籍,297233.0762,2789886.8921999996
168887,新北市政府,TW,新北市,淡水區,蕃薯里,005,頂田寮路,771號,,,新北市淡水區蕃薯里005鄰頂田寮路771號,農業資材室,298274.526600,2789697.2838000
168887,新北市政府,TW,新北市,淡水區,蕃薯里,005,頂田寮路,773號,,,新北市淡水區蕃薯里005鄰頂田寮路773號,農業資材室不供設籍,298295.548,2789691.4448
168887,新北市政府,TW,新北市,淡水區,蕃薯里,005,頂田寮路,779號,,,新北市淡水區蕃薯里005鄰頂田寮路779號,農業資材室不供設籍,298366.9444,2789664.2823
168887,新北市政府,TW,新北市,淡水區,蕃薯里,005,頂田寮路,980號,,1,新北市淡水區蕃薯里005鄰頂田寮路980號之1,農業資材室不供設籍,299007.94436610036,2789496.989362605
168887,新北市政府,TW,新北市,淡水區,賢孝里,003,淡金路四段,626號,,,新北市淡水區賢孝里003鄰淡金路四段626號,農業資材室不供設籍,295532.217693,2791288.0888508
168887,新北市政府,TW,新北市,淡水區,長庚里,011,中山路,8之1號,,,新北市淡水區長庚里011鄰中山路8之1號,地下道入出口不供設籍,294876.016747,2784561.7951616
168887,新北市政府,TW,新北市,汐止區,保長里,010,保一街,97之2號,,,新北市汐止區保長里010鄰保一街97之2號,管理員室不供設籍,318066.052523,2774817.8419500
168887,新北市政府,TW,新北市,汐止區,宜興里,025,林森街73巷,45之1號,,,新北市汐止區宜興里025鄰林森街73巷45之1號,管理員室不供設籍,312963.025300,2770528.2079000
168887,新北市政府,TW,新北市,汐止區,康福里,006,福德一路,30之1號,,,新北市汐止區康福里006鄰福德一路30之1號,管理員室不供設籍,314399.963401,2773605.4349000
168887,新北市政府,TW,新北市,汐止區,拱北里,009,汐萬路二段,218之1號,,,新北市汐止區拱北里009鄰汐萬路二段218之1號,管理員室不供設籍,315251.584833,2775649.1902292
168887,新北市政府,TW,新北市,汐止區,秀峰里,001,新台五路一段,268號,B1,,新北市汐止區秀峰里001鄰新台五路一段268號地下一層,管理員室不供設籍,316483.65489999996,2773009.3389
168887,新北市政府,TW,新北市,汐止區,自強里,021,新興路,90之1號,,,新北市汐止區自強里021鄰新興路90之1號,管理員室不供設籍,316387.028800,2772694.5883000
168887,新北市政府,TW,新北市,汐止區,茄苳里,012,新台五路二段,238之4號,,,新北市汐止區茄苳里012鄰新台五路二段238之4號,管理員室不供設籍,317781.972167,2773271.4926600
168887,新北市政府,TW,新北市,汐止區,秀峰里,001,新台五路一段,268號,6,,新北市汐止區秀峰里001鄰新台五路一段268號六樓,汐止市戶政事務所,316485.130206,2773012.0376100
168887,新北市政府,TW,新北市,土城區,員林里,014,員林街,6之2號,,,新北市土城區員林里014鄰員林街6之2號,管理員室不供設籍,294694.948266,2763405.7408167
168887,新北市政府,TW,新北市,土城區,埤塘里,004,和平路,28號,,,新北市土城區埤塘里004鄰和平路28號,臺北縣土城市戶政事務所,294752.743100,2762820.2654000
168887,新北市政府,TW,新北市,土城區,學士里,027,學士路24巷,9之1號,,,新北市土城區學士里027鄰學士路24巷9之1號,管理員室不供設籍,295666.730156,2763954.1295653
168887,新北市政府,TW,新北市,土城區,日和里,010,中央路一段292巷,9之1號,,,新北市土城區日和里010鄰中央路一段292巷9之1號,管理員室不供設籍,294701.720240,2763923.1335564
168887,新北市政府,TW,新北市,土城區,明德里,021,學府路二段,23之1號,,,新北市土城區明德里021鄰學府路二段23之1號,管理員室不供設籍,295341.106677,2763818.4252699
168887,新北市政府,TW,新北市,土城區,明德里,020,明德路二段,69之1號,,,新北市土城區明德里020鄰明德路二段69之1號,管理員室不供設籍,295556.674705,2763753.5432896
168887,新北市政府,TW,新北市,土城區,永寧里,014,中央路三段,210之18號,,,新北市土城區永寧里014鄰中央路三段210之18號,管理員室不供設籍,293317.691971,2762004.6015666
168887,新北市政府,TW,新北市,土城區,清水里,013,青雲路,273號,B1,1,新北市土城區清水里013鄰青雲路273號地下一層之1,管理員室不供設籍,296355.111607,2763678.3461472
168887,新北市政府,TW,新北市,土城區,青雲里,002,青雲路,256號,2,1,新北市土城區青雲里002鄰青雲路256號二樓之1,管理員室不供設籍,296335.167455,2763614.9123110
168887,新北市政府,TW,新北市,蘆洲區,中原里,025,長興路50巷,8號,,,新北市蘆洲區中原里025鄰長興路50巷8號,管理員室不供設籍,296879.8742,2775216.8495
168887,新北市政府,TW,新北市,蘆洲區,仁義里,001,集賢路,245號,,,新北市蘆洲區仁義里001鄰集賢路245號,臺北縣蘆洲市戶政事務所,298581.878556,2775260.0973286
168887,新北市政府,TW,新北市,蘆洲區,仁義里,001,集賢路,245號,8,,新北市蘆洲區仁義里001鄰集賢路245號八樓,新北市蘆洲戶政事務所,298581.878556,2775260.0973286
168887,新北市政府,TW,新北市,蘆洲區,復興里,013,民族路336巷,62號,,1,新北市蘆洲區復興里013鄰民族路336巷62號之1,農業資材室不供設籍,298216.2184,2776085.9861
168887,新北市政府,TW,新北市,蘆洲區,樓厝里,003,中興街,101號,,,新北市蘆洲區樓厝里003鄰中興街101號,管理員室不供設籍,298641.482967,2775668.59235
168887,新北市政府,TW,新北市,蘆洲區,正義里,016,永康街1巷,15號,,,新北市蘆洲區正義里016鄰永康街1巷15號,警衛室不供設籍,296373.3559,2775338.5339
168887,新北市政府,TW,新北市,蘆洲區,正義里,006,長榮路,394號,,,新北市蘆洲區正義里006鄰長榮路394號,管理員室不供設籍,296370.4384,2775561.7664
168887,新北市政府,TW,新北市,蘆洲區,正義里,012,長榮路,460之1號,B1,,新北市蘆洲區正義里012鄰長榮路460之1號地下一層,管理員不供設籍,296365.097400,2775702.9548000
168887,新北市政府,TW,新北市,蘆洲區,正義里,024,長興路,136號,,,新北市蘆洲區正義里024鄰長興路136號,管理員室不供設籍,296621.967008,2775287.1369408
168887,新北市政府,TW,新北市,蘆洲區,水河里,010,民族路422巷15弄,8號,,,新北市蘆洲區水河里010鄰民族路422巷15弄8號,管理員室不供設籍,297783.9319,2776139.0128
168887,新北市政府,TW,新北市,蘆洲區,水河里,010,民族路422巷15弄,20號,,,新北市蘆洲區水河里010鄰民族路422巷15弄20號,管理員室不供設籍,297746.5428,2776165.2129
168887,新北市政府,TW,新北市,五股區,五股里,005,中興路四段,70號,,,新北市五股區五股里005鄰中興路四段70號,臺北縣五股鄉戶政事務所,294085.20239999995,2775098.0302999997
168887,新北市政府,TW,新北市,五股區,德音里,004,蓬萊路,31號,,,新北市五股區德音里004鄰蓬萊路31號,管理員室不供設籍,293791.61591050954,2774775.0792006943
168887,新北市政府,TW,新北市,五股區,成功里,002,新城八路,275號,,,新北市五股區成功里002鄰新城八路275號,新北市五股戶政事務所,294929.678328685,2775996.947040382
168887,新北市政府,TW,新北市,五股區,成泰里,016,御史路1巷,43之2號,,,新北市五股區成泰里016鄰御史路1巷43之2號,管理員室不供設籍,294451.39763255976,2775815.627236547
168887,新北市政府,TW,新北市,五股區,成泰里,032,御史路,134號,,,新北市五股區成泰里032鄰御史路134號,聚福宮,293894.898000,2776753.9490000
168887,新北市政府,TW,新北市,五股區,成泰里,001,芳洲一路,78號,,,新北市五股區成泰里001鄰芳洲一路78號,管委會使用空間不供設籍,294864.97102530964,2775353.3914844296
168887,新北市政府,TW,新北市,五股區,水碓里,032,水碓五路,85號,B1,,新北市五股區水碓里032鄰水碓五路85號地下一層,管理室不提供設籍,293412.033123,2773835.6671300
168887,新北市政府,TW,新北市,泰山區,全興里,015,仁愛路6巷,77號,,,新北市泰山區全興里015鄰仁愛路6巷77號,管理員室,293555.430149,2771757.4464900
168887,新北市政府,TW,新北市,泰山區,全興里,006,仁愛路,65之1號,,,新北市泰山區全興里006鄰仁愛路65之1號,管理員室不提供設籍,293683.757497,2771996.6395800
168887,新北市政府,TW,新北市,泰山區,全興里,007,全興路,212號,4,,新北市泰山區全興里007鄰全興路212號四樓,泰山鄉戶政事務所,293753.332068,2772064.8361700
168887,新北市政府,TW,新北市,泰山區,全興里,001,福興一街,79號,,,新北市泰山區全興里001鄰福興一街79號,管理室不提供設籍,293628.732961,2772253.8944200
168887,新北市政府,TW,新北市,泰山區,山腳里,011,泰林路二段,456號,,,新北市泰山區山腳里011鄰泰林路二段456號,管理員室不供設籍,292982.617385,2772957.6023600
168887,新北市政府,TW,新北市,泰山區,山腳里,010,泰林路二段,482之1號,,,新北市泰山區山腳里010鄰泰林路二段482之1號,管理室不供設籍,292862.497115,2772953.1119300
168887,新北市政府,TW,新北市,泰山區,楓樹里,027,中港南路,155號,,,新北市泰山區楓樹里027鄰中港南路155號,農業管理設施不提供設籍,294780.973735,2772759.1028367
168887,新北市政府,TW,新北市,泰山區,楓樹里,027,中港南路,159號,,,新北市泰山區楓樹里027鄰中港南路159號,農業管理設施不提供設籍,294753.457068,2772745.0799200
168887,新北市政府,TW,新北市,泰山區,楓樹里,009,和平街,9之2號,,,新北市泰山區楓樹里009鄰和平街9之2號,管理室不提供設籍,293804.463398,2773016.5980500
168887,新北市政府,TW,新北市,泰山區,義仁里,039,信華六街,8之1號,,,新北市泰山區義仁里039鄰信華六街8之1號,管理員室不提供設藉,294547.674600,2770831.1216000
168887,新北市政府,TW,新北市,泰山區,貴賢里,001,貴子路,9之3號,,,新北市泰山區貴賢里001鄰貴子路9之3號,管理員室不供設籍,292952.371000,2770506.3830000
168887,新北市政府,TW,新北市,林口區,中湖里,013,中北三街,259號,,,新北市林口區中湖里013鄰中北三街259號,管委會不供設籍,288551.270100,2774982.4465000
168887,新北市政府,TW,新北市,林口區,中湖里,008,中華路,225號,4,,新北市林口區中湖里008鄰中華路225號四樓,管理員室不供設籍,288864.142917,2775772.6315850
168887,新北市政府,TW,新北市,林口區,中湖里,014,文林街75巷,67號,,,新北市林口區中湖里014鄰文林街75巷67號,管理員室不供設籍,288356.0038,2775928.9436999997
168887,新北市政府,TW,新北市,林口區,中湖里,014,松柏路,85之1號,,,新北市林口區中湖里014鄰松柏路85之1號,管理員室不供設籍,288232.7934916232,2775714.996905525
168887,新北市政府,TW,新北市,林口區,中湖里,014,松柏路,110號,,,新北市林口區中湖里014鄰松柏路110號,管理員室不供設籍,288200.1808869843,2775853.7112750392
168887,新北市政府,TW,新北市,林口區,仁愛里,029,公園路,120之1號,,,新北市林口區仁愛里029鄰公園路120之1號,管委會不供設籍,287385.3729,2773707.9504
168887,新北市政府,TW,新北市,林口區,仁愛里,029,公園路,180之1號,,,新北市林口區仁愛里029鄰公園路180之1號,管理員室,287655.733412,2773875.0058167
168887,新北市政府,TW,新北市,林口區,仁愛里,030,文化一路一段,89之7號,,,新北市林口區仁愛里030鄰文化一路一段89之7號,管理員室不供設籍,287493.3219,2773640.7827
168887,新北市政府,TW,新北市,林口區,南勢里,018,三民路112巷,6號,,,新北市林口區南勢里018鄰三民路112巷6號,管理員室不得設籍,286374.79625588836,2773620.563864838
168887,新北市政府,TW,新北市,林口區,南勢里,017,三民路,124號,2,,新北市林口區南勢里017鄰三民路124號二樓,管委會不供設籍,286401.328154,2773673.6305550
168887,新北市政府,TW,新北市,林口區,南勢里,015,三民路,180之1號,,,新北市林口區南勢里015鄰三民路180之1號,管理員室不供設籍,286612.86110000003,2773885.0478
168887,新北市政府,TW,新北市,林口區,南勢里,020,八德路,368號,7,1,新北市林口區南勢里020鄰八德路368號七樓之1,管委會不供設籍,286251.7155,2773145.0787000
168887,新北市政府,TW,新北市,林口區,南勢里,011,南勢三街1巷,1號,,,新北市林口區南勢里011鄰南勢三街1巷1號,管委會使用空間不供設籍,286074.08174809936,2774323.0130501394
168887,新北市政府,TW,新北市,林口區,南勢里,011,南勢三街,19之1號,,,新北市林口區南勢里011鄰南勢三街19之1號,管理員室不供設籍,286131.80950000003,2774411.6665
168887,新北市政府,TW,新北市,林口區,南勢里,007,南勢二街,115號,,,新北市林口區南勢里007鄰南勢二街115號,管理室不供設籍,286070.70552181656,2773758.0353047345
168887,新北市政府,TW,新北市,林口區,南勢里,007,南勢二街,158之6號,,,新北市林口區南勢里007鄰南勢二街158之6號,管理員室,286252.690156,2774065.3093000
168887,新北市政府,TW,新北市,林口區,南勢里,005,南勢五街,28號,,,新北市林口區南勢里005鄰南勢五街28號,管委會不供設籍,285968.165700,2774181.2313000
168887,新北市政府,TW,新北市,林口區,南勢里,007,南勢六街30巷,56號,,,新北市林口區南勢里007鄰南勢六街30巷56號,管委會不供設籍,286063.345101,2773815.1840092
168887,新北市政府,TW,新北市,林口區,南勢里,005,南勢六街,248之1號,,,新北市林口區南勢里005鄰南勢六街248之1號,管理員室不供設籍,285912.521900,2774111.6852000
168887,新北市政府,TW,新北市,林口區,南勢里,006,南勢四街,193號,,,新北市林口區南勢里006鄰南勢四街193號,管理員室,285859.878674,2773724.1974833
168887,新北市政府,TW,新北市,林口區,南勢里,018,忠孝三路,26號,,,新北市林口區南勢里018鄰忠孝三路26號,管理員室,286411.818681,2773517.51593
168887,新北市政府,TW,新北市,林口區,南勢里,019,忠孝三路,61號,,,新北市林口區南勢里019鄰忠孝三路61號,管理員室不供設籍,286359.458967,2773524.6557017
168887,新北市政府,TW,新北市,林口區,南勢里,020,惠民街30巷,25之1號,,,新北市林口區南勢里020鄰惠民街30巷25之1號,管委會不供設籍,286061.2342,2773209.4329999997
168887,新北市政府,TW,新北市,林口區,南勢里,022,文化三路一段,6號,,,新北市林口區南勢里022鄰文化三路一段6號,公車轉運站不供設籍,286466.8840449277,2773222.241283996
168887,新北市政府,TW,新北市,林口區,南勢里,020,文化三路一段39巷,179號,,,新北市林口區南勢里020鄰文化三路一段39巷179號,管理員室,286238.739672,2773318.0390408
168887,新北市政府,TW,新北市,林口區,南勢里,019,文化三路一段39巷,293號,,,新北市林口區南勢里019鄰文化三路一段39巷293號,管委會,286394.322484,2773407.6640409
168887,新北市政府,TW,新北市,林口區,南勢里,017,文化三路一段,223號,B1,,新北市林口區南勢里017鄰文化三路一段223號地下一層,管理員室,286569.148679,2773662.3641117
168887,新北市政府,TW,新北市,林口區,南勢里,014,文化三路一段,359之1號,,,新北市林口區南勢里014鄰文化三路一段359之1號,管理員室,286788.342200,2773914.5124000
168887,新北市政府,TW,新北市,林口區,南勢里,023,文化三路一段,372號,,,新北市林口區南勢里023鄰文化三路一段372號,遊憩設施不供設籍,286779.221602,2773751.9990500
168887,新北市政府,TW,新北市,林口區,南勢里,024,文化三路一段,378之1號,,,新北市林口區南勢里024鄰文化三路一段378之1號,文教設施,286837.603204,2773787.0024300
168887,新北市政府,TW,新北市,林口區,南勢里,026,文化三路一段394巷,36號,,,新北市林口區南勢里026鄰文化三路一段394巷36號,管理員室,287018.890146,2773815.7510983
168887,新北市政府,TW,新北市,林口區,南勢里,040,文化三路一段,415之1號,,,新北市林口區南勢里040鄰文化三路一段415之1號,管理員室不供設籍,287048.888015,2774050.5706367
168887,新北市政府,TW,新北市,林口區,南勢里,039,文化三路一段447巷,43號,,,新北市林口區南勢里039鄰文化三路一段447巷43號,管理員室,287051.327970,2774195.2624758
168887,新北市政府,TW,新北市,林口區,南勢里,039,文化三路一段,465之1號,,,新北市林口區南勢里039鄰文化三路一段465之1號,管理員室不供設籍,287183.164862,2774134.4833517
168887,新北市政府,TW,新北市,林口區,南勢里,036,文化三路一段555巷,8號,,,新北市林口區南勢里036鄰文化三路一段555巷8號,管理室,287308.425504,2774292.1612000
168887,新北市政府,TW,新北市,林口區,南勢里,035,文化三路一段555巷,58號,,,新北市林口區南勢里035鄰文化三路一段555巷58號,管理員室不供設籍,287278.443483,2774293.3463958
168887,新北市政府,TW,新北市,林口區,南勢里,032,文化三路一段,581號,,,新北市林口區南勢里032鄰文化三路一段581號,管理員室不供設籍,287386.6482,2774351.7829
168887,新北市政府,TW,新北市,林口區,南勢里,026,文化二路一段241巷,26之1號,,,新北市林口區南勢里026鄰文化二路一段241巷26之1號,管理員室,286965.2093,2773783.2096
168887,新北市政府,TW,新北市,林口區,南勢里,030,文化二路一段,533之1號,3,,新北市林口區南勢里030鄰文化二路一段533之1號三樓,管委會不供設籍,287718.346203,2774293.6739858
168887,新北市政府,TW,新北市,林口區,南勢里,030,文化二路一段,545號,3,,新北市林口區南勢里030鄰文化二路一段545號三樓,管理員室不供設籍,287748.6564175056,2774339.8417829536
168887,新北市政府,TW,新北市,林口區,南勢里,016,文化北路一段,270號,,,新北市林口區南勢里016鄰文化北路一段270號,公共服務空間不供設籍,286280.4741,2773793.4696
168887,新北市政府,TW,新北市,林口區,南勢里,007,文化北路一段299巷,16之1號,,,新北市林口區南勢里007鄰文化北路一段299巷16之1號,管理員室不供設籍,286268.797342,2773958.7291733
168887,新北市政府,TW,新北市,林口區,南勢里,034,文化北路一段,488之1號,,,新北市林口區南勢里034鄰文化北路一段488之1號,管理員室,286975.176918,2774411.9927700
168887,新北市政府,TW,新北市,林口區,南勢里,033,文化北路一段542巷,2之1號,,,新北市林口區南勢里033鄰文化北路一段542巷2之1號,管理員室不供設籍,287136.00800000003,2774618.5884
168887,新北市政府,TW,新北市,林口區,南勢里,016,文明街,183之1號,,,新北市林口區南勢里016鄰文明街183之1號,管理員室不供設籍,286462.551001,2773901.6151300
168887,新北市政府,TW,新北市,林口區,南勢里,007,源泉街,62號,,,新北市林口區南勢里007鄰源泉街62號,管理員室,285994.278569,2773882.2116200
168887,新北市政府,TW,新北市,林口區,南勢里,033,文化北路一段542巷37弄,26之1號,B2,,新北市林口區南勢里033鄰文化北路一段542巷37弄26之1號地下二層,管理室,287240.1765,2774608.7038
168887,新北市政府,TW,新北市,林口區,東勢里,032,忠孝路,625之1號,,,新北市林口區東勢里032鄰忠孝路625之1號,管理員室,288283.401559,2773504.0251100
168887,新北市政府,TW,新北市,林口區,東勢里,036,麗園二街,10之7號,,,新北市林口區東勢里036鄰麗園二街10之7號,管理員室,288131.385039,2773516.3063000
168887,新北市政府,TW,新北市,林口區,東勢里,030,麗園二街23巷,17之13號,,,新北市林口區東勢里030鄰麗園二街23巷17之13號,管理員室不供設籍,288351.535600,2773646.3302000
168887,新北市政府,TW,新北市,林口區,東勢里,030,麗園二街23巷,88之1號,,,新北市林口區東勢里030鄰麗園二街23巷88之1號,管理員室,288375.452799,2773618.7361900
168887,新北市政府,TW,新北市,林口區,東林里,021,工六路,2之3號,,,新北市林口區東林里021鄰工六路2之3號,管委會不供設籍,290105.1643269512,2774595.114716972
168887,新北市政府,TW,新北市,林口區,東林里,006,粉寮一街,7號,,,新北市林口區東林里006鄰粉寮一街7號,農業資材室不供設籍,291209.2316040025,2775056.8171815765
168887,新北市政府,TW,新北市,林口區,東林里,018,粉寮路一段,151號,,,新北市林口區東林里018鄰粉寮路一段151號,農業資材室不供設籍,290253.58960640896,2774942.946447087
168887,新北市政府,TW,新北市,林口區,東林里,004,粉寮路二段88巷,98號,,,新北市林口區東林里004鄰粉寮路二段88巷98號,農業資材室不供設籍,291228.7187,2775809.8161
168887,新北市政府,TW,新北市,林口區,東林里,001,粉寮路二段,358之10號,,,新北市林口區東林里001鄰粉寮路二段358之10號,農業資材室不供設籍,291045.578400,2776458.0273000
168887,新北市政府,TW,新北市,林口區,林口里,013,中正路,19之1號,,,新北市林口區林口里013鄰中正路19之1號,管理員室不供設籍,289983.514800,2774407.4357000
168887,新北市政府,TW,新北市,林口區,林口里,002,仁愛路一段,18號,B1,,新北市林口區林口里002鄰仁愛路一段18號地下一層,管理員室,290124.252085,2774187.7089433
168887,新北市政府,TW,新北市,林口區,林口里,002,仁愛路一段285巷,21之1號,,,新北市林口區林口里002鄰仁愛路一段285巷21之1號,警衛室,289826.034595,2774067.3445834
168887,新北市政府,TW,新北市,林口區,林口里,004,仁愛路一段290巷,12號,,,新北市林口區林口里004鄰仁愛路一段290巷12號,管理員室,289672.340442,2774330.8176117
168887,新北市政府,TW,新北市,林口區,林口里,006,仁愛路一段,338之3號,,,新北市林口區林口里006鄰仁愛路一段338之3號,管理員室不供設籍,289433.307512,2774363.5221876
168887,新北市政府,TW,新北市,林口區,林口里,012,新生街,32號,4,,新北市林口區林口里012鄰新生街32號四樓,管理員室,289728.556545,2774292.8412700
168887,新北市政府,TW,新北市,林口區,湖南里,030,中山路,815號,B1,,新北市林口區湖南里030鄰中山路815號地下一層,管委會不供設籍,287779.8202091604,2775394.9434059346
168887,新北市政府,TW,新北市,林口區,湖南里,009,信義路,216之1號,,,新北市林口區湖南里009鄰信義路216之1號,管理員室不供設籍,288082.3414,2774848.4197
168887,新北市政府,TW,新北市,林口區,湖南里,025,信義路,390之1號,,,新北市林口區湖南里025鄰信義路390之1號,管理員室不供設籍,287763.18940000003,2775034.9079
168887,新北市政府,TW,新北市,林口區,湖南里,010,吉祥路,180之1號,21,,新北市林口區湖南里010鄰吉祥路180之1號二十一樓,管理員室,288019.3023,2774757.9677000004
168887,新北市政府,TW,新北市,林口區,湖南里,009,富貴路,78號,,,新北市林口區湖南里009鄰富貴路78號,管理員室不供設籍,288176.88820964337,2775019.466063071
168887,新北市政府,TW,新北市,林口區,湖南里,018,文化三路二段,46號,2,,新北市林口區湖南里018鄰文化三路二段46號二樓,公共服務空間,287739.316834,2774644.0682062
168887,新北市政府,TW,新北市,林口區,湖南里,022,文化三路二段115巷,70之1號,,,新北市林口區湖南里022鄰文化三路二段115巷70之1號,管理員室不供設籍,287729.768459,2774909.1470484
168887,新北市政府,TW,新北市,林口區,湖南里,023,文化三路二段115巷,135之1號,,,新北市林口區湖南里023鄰文化三路二段115巷135之1號,管理員室,287744.040793,2774927.6096992
168887,新北市政府,TW,新北市,林口區,湖南里,009,文化三路二段,162之1號,,,新北市林口區湖南里009鄰文化三路二段162之1號,管理員室不供設籍,287933.0305,2774925.1005
168887,新北市政府,TW,新北市,林口區,湖南里,026,文化三路二段211巷,76之1號,,,新北市林口區湖南里026鄰文化三路二段211巷76之1號,管委會不供設籍,287813.541600,2775068.2129000
168887,新北市政府,TW,新北市,林口區,湖南里,039,文化二路二段110巷,18號,,,新北市林口區湖南里039鄰文化二路二段110巷18號,管委會不供設籍,288394.064580,2774803.8567458
168887,新北市政府,TW,新北市,林口區,湖南里,037,文化二路二段,118號,,,新北市林口區湖南里037鄰文化二路二段118號,管理員室,288296.161709,2774924.7822800
168887,新北市政府,TW,新北市,林口區,湖南里,002,文化二路二段,155之1號,,,新北市林口區湖南里002鄰文化二路二段155之1號,管理員室,288342.880716,2775091.0602116
168887,新北市政府,TW,新北市,林口區,湖南里,031,文林六街,17號,,,新北市林口區湖南里031鄰文林六街17號,管理員室不供設籍,287421.709223,2774762.0759666
168887,新北市政府,TW,新北市,林口區,湖南里,042,民享路,46之1號,,,新北市林口區湖南里042鄰民享路46之1號,管理員室,288427.303678,2774801.1288683
168887,新北市政府,TW,新北市,林口區,湖南里,019,民權路,2之1號,,,新北市林口區湖南里019鄰民權路2之1號,管理員室,287440.192400,2774655.7463000
168887,新北市政府,TW,新北市,林口區,湖南里,022,民權路,76之2號,,,新北市林口區湖南里022鄰民權路76之2號,管理員室,287615.804973,2774866.14671
168887,新北市政府,TW,新北市,林口區,湖南里,022,民權路,96之1號,,,新北市林口區湖南里022鄰民權路96之1號,管理員室,287662.871185,2774908.45157
168887,新北市政府,TW,新北市,林口區,湖南里,029,福林路,117號,,,新北市林口區湖南里029鄰福林路117號,管理員室不供設籍,288063.723400,2775712.5964
168887,新北市政府,TW,新北市,林口區,菁湖里,022,林口路187巷,33號,B1,1,新北市林口區菁湖里022鄰林口路187巷33號地下一層之1,社區中心,289112.266891,2774810.2412200
168887,新北市政府,TW,新北市,林口區,菁湖里,022,林口路187巷,33號,B1,2,新北市林口區菁湖里022鄰林口路187巷33號地下一層之2,社區中心,289091.390395,2774829.6530900
168887,新北市政府,TW,新北市,林口區,菁湖里,022,林口路187巷,33號,B1,5,新北市林口區菁湖里022鄰林口路187巷33號地下一層之5,社區中心,289112.266891,2774810.2412200
168887,新北市政府,TW,新北市,林口區,菁湖里,022,林口路187巷,33號,B1,4,新北市林口區菁湖里022鄰林口路187巷33號地下一層之4,社區中心,289083.150325,2774822.3523900
168887,新北市政府,TW,新北市,林口區,菁湖里,022,林口路187巷,33號,B1,3,新北市林口區菁湖里022鄰林口路187巷33號地下一層之3,社區中心,289104.439236,2774802.1004300
168887,新北市政府,TW,新北市,林口區,菁湖里,022,林口路187巷,33號,,,新北市林口區菁湖里022鄰林口路187巷33號,門廳,289112.266891,2774810.2412200
168887,新北市政府,TW,新北市,林口區,菁湖里,022,林口路187巷,33號,B2,1,新北市林口區菁湖里022鄰林口路187巷33號地下二層之1,遊憩中心,289112.266891,2774810.2412200
168887,新北市政府,TW,新北市,林口區,西林里,003,中山路81巷,3號,,,新北市林口區西林里003鄰中山路81巷3號,管理員室不供設籍,289364.487700,2774522.1217000
168887,新北市政府,TW,新北市,林口區,西林里,005,中正路,263之2號,,,新北市林口區西林里005鄰中正路263之2號,管理員室,289376.988442,2774423.0738400
168887,新北市政府,TW,新北市,林口區,西林里,012,仁愛路一段,378號,,,新北市林口區西林里012鄰仁愛路一段378號,新北市林口區戶政事務所,289193.422102,2774333.8552300
168887,新北市政府,TW,新北市,林口區,西林里,029,仁愛路一段,665之1號,,,新北市林口區西林里029鄰仁愛路一段665之1號,管理員室,289122.791746,2774308.5527800
168887,新北市政府,TW,新北市,林口區,西林里,028,仁愛路一段667巷,45號,,,新北市林口區西林里028鄰仁愛路一段667巷45號,管理員室,289038.873348,2774297.2717000
168887,新北市政府,TW,新北市,林口區,西林里,025,仁愛路二段62巷,26號,B1,,新北市林口區西林里025鄰仁愛路二段62巷26號地下一層,管理員室,288740.572890,2774216.0838600
168887,新北市政府,TW,新北市,林口區,西林里,024,仁愛路二段,142號,2,,新北市林口區西林里024鄰仁愛路二段142號二樓,管理員室,288569.502018,2774092.13601
168887,新北市政府,TW,新北市,林口區,西林里,019,佳林路,169之2號,,,新北市林口區西林里019鄰佳林路169之2號,公共服務空間,288874.101384,2774545.3091000
168887,新北市政府,TW,新北市,林口區,西林里,025,佳林路,211之1號,,,新北市林口區西林里025鄰佳林路211之1號,管委會不供設籍,288752.1259,2774305.1026
168887,新北市政府,TW,新北市,林口區,西林里,024,四維路245巷,8號,5,,新北市林口區西林里024鄰四維路245巷8號五樓,管委會,288512.320308,2774115.0049833
168887,新北市政府,TW,新北市,林口區,西林里,034,東明一街,120號,B1,,新北市林口區西林里034鄰東明一街120號地下一層,管理員室,289362.768340,2773723.9363400
168887,新北市政府,TW,新北市,林口區,西林里,035,東明三街,330號,,,新北市林口區西林里035鄰東明三街330號,管理員室,289399.489856,2773565.5010500
168887,新北市政府,TW,新北市,林口區,西林里,035,東明三街,364號,,,新北市林口區西林里035鄰東明三街364號,管理員室,289523.750783,2773636.3178800
168887,新北市政府,TW,新北市,林口區,西林里,033,東湖路,33號,2,,新北市林口區西林里033鄰東湖路33號二樓,管理員室不供設籍,288986.4752299499,2773997.766957615
168887,新北市政府,TW,新北市,林口區,西林里,033,東湖路55巷,46之1號,B1,,新北市林口區西林里033鄰東湖路55巷46之1號地下一層,管理室,288913.350429,2773841.2076700
168887,新北市政府,TW,新北市,林口區,西林里,031,東湖路,84之1號,,,新北市林口區西林里031鄰東湖路84之1號,管理員室,289006.317233,2774051.6879900
168887,新北市政府,TW,新北市,林口區,西林里,031,東湖路,88之1號,,,新北市林口區西林里031鄰東湖路88之1號,管理員室,288972.952782,2774046.6975000
168887,新北市政府,TW,新北市,林口區,西林里,027,東湖路,96之1號,,,新北市林口區西林里027鄰東湖路96之1號,管理員室,288897.472415,2774028.1057100
168887,新北市政府,TW,新北市,林口區,西林里,033,東湖路117巷,12號,,,新北市林口區西林里033鄰東湖路117巷12號,管理員室,288619.953986,2773889.8675967
168887,新北市政府,TW,新北市,林口區,西林里,013,竹林路,2號,,,新北市林口區西林里013鄰竹林路2號,臺北縣林口鄉戶政事務所,289014.441827,2774366.7584000
168887,新北市政府,TW,新北市,林口區,西林里,028,育林街11巷,2號,,,新北市林口區西林里028鄰育林街11巷2號,管理員室,288914.208254,2774178.9002700
168887,新北市政府,TW,新北市,林口區,西林里,027,育林街,28之1號,,,新北市林口區西林里027鄰育林街28之1號,管理員室,288918.852058,2774036.3865100
168887,新北市政府,TW,新北市,林口區,西林里,035,興林一街109巷,16號,,,新北市林口區西林里035鄰興林一街109巷16號,管理員室,289556.364636,2773877.5811800
168887,新北市政府,TW,新北市,林口區,頂福里,017,忠福路,482號,,,新北市林口區頂福里017鄰忠福路482號,農業資材室不供設籍,285132.28607019834,2775390.7551049865
168887,新北市政府,TW,新北市,林口區,頂福里,015,忠福路,639號,,,新北市林口區頂福里015鄰忠福路639號,農業資材室不供設籍,283333.32726476534,2776705.5310342666
168887,新北市政府,TW,新北市,林口區,頂福里,015,忠福路,641之1號,,,新北市林口區頂福里015鄰忠福路641之1號,農業資材室不供設籍,283454.2710099481,2776720.7855915762
168887,新北市政府,TW,新北市,林口區,麗園里,018,忠孝路552巷,17號,,,新北市林口區麗園里018鄰忠孝路552巷17號,管理員室,287743.375863,2773256.1511800
168887,新北市政府,TW,新北市,林口區,麗園里,017,文化一路一段100巷,35號,,,新北市林口區麗園里017鄰文化一路一段100巷35號,管理員室,287780.448724,2773567.0518833
168887,新北市政府,TW,新北市,林口區,麗林里,032,八德路,76號,,,新北市林口區麗林里032鄰八德路76號,管理員室,286838.065110,2773119.6580000
168887,新北市政府,TW,新北市,林口區,麗林里,032,公園路,5號,,,新北市林口區麗林里032鄰公園路5號,管理員室,286931.586100,2773158.7438000
168887,新北市政府,TW,新北市,林口區,麗林里,029,公園路,90之1號,,,新北市林口區麗林里029鄰公園路90之1號,管理員室,287294.626066,2773613.9057200
168887,新北市政府,TW,新北市,林口區,麗林里,026,忠孝路376巷,16之1號,,,新北市林口區麗林里026鄰忠孝路376巷16之1號,管理員室不供設籍,287158.767000,2773662.1930000
168887,新北市政府,TW,新北市,林口區,麗林里,027,忠孝路,380號,2,2,新北市林口區麗林里027鄰忠孝路380號二樓之2,管理員室,287274.739369,2773691.0631700
168887,新北市政府,TW,新北市,林口區,麗林里,018,文化二路一段68巷,7號,,,新北市林口區麗林里018鄰文化二路一段68巷7號,管理員室不供設籍,286954.31570572837,2773459.473309899
168887,新北市政府,TW,新北市,林口區,麗林里,021,文化二路一段,138之2號,,,新北市林口區麗林里021鄰文化二路一段138之2號,管理員室不供設籍,287160.4567,2773693.2491
168887,新北市政府,TW,新北市,深坑區,昇高里,007,文山路二段,51號,,,新北市深坑區昇高里007鄰文山路二段51號,資材室不得設籍,312047.4984659023,2765725.0918213147
168887,新北市政府,TW,新北市,深坑區,深坑里,002,深坑街,55號,2,,新北市深坑區深坑里002鄰深坑街55號二樓,深坑鄉戶政事務所,312107.631815,2766106.7209500
168887,新北市政府,TW,新北市,深坑區,萬福里,026,萬福路16巷,57號,,,新北市深坑區萬福里026鄰萬福路16巷57號,資材室不供設籍,311813.23363790946,2766883.561146827
168887,新北市政府,TW,新北市,三芝區,埔頭里,035,中興街一段,43號,,,新北市三芝區埔頭里035鄰中興街一段43號,臺北縣三芝鄉戶政事務所,300133.901744,2794393.4718600
168887,新北市政府,TW,新北市,石門區,尖鹿里,003,中山路,66號,,,新北市石門區尖鹿里003鄰中山路66號,臺北縣石門鄉戶政事務所,307184.639093,2798154.4049600
168887,新北市政府,TW,新北市,八里區,訊塘里,012,商港三路,97號,3,,新北市八里區訊塘里012鄰商港三路97號三樓,不供設籍,290535.13394570024,2782816.416367393
168887,新北市政府,TW,新北市,八里區,訊塘里,004,訊塘路,39號,,,新北市八里區訊塘里004鄰訊塘路39號,臺北縣八里鄉戶政事務所,290077.229487,2782010.6463800
168887,新北市政府,TW,新北市,八里區,頂罟里,007,八里大道,16號,,,新北市八里區頂罟里007鄰八里大道16號,新北市五股戶政事務所八里區所,290984.1237526623,2782871.0104966382
168887,新北市政府,TW,新北市,平溪區,平溪里,003,平溪街,43號,,,新北市平溪區平溪里003鄰平溪街43號,臺北縣平溪鄉戶政事務所,324517.780447,2768896.6303000
168887,新北市政府,TW,新北市,雙溪區,雙溪里,009,太平路,62號,,,新北市雙溪區雙溪里009鄰太平路62號,臺北縣雙溪鄉戶政事務所,337303.714246,2770015.3683000
168887,新北市政府,TW,新北市,貢寮區,貢寮里,008,朝陽街,56號,,,新北市貢寮區貢寮里008鄰朝陽街56號,臺北縣貢寮鄉戶政事務所,341852.406498,2768512.6332200
168887,新北市政府,TW,新北市,貢寮區,貢寮里,013,長泰路,20之1號,,,新北市貢寮區貢寮里013鄰長泰路20之1號,新北市瑞芳戶所貢寮區所,341467.55115217116,2768391.0343299843
168887,新北市政府,TW,新北市,烏來區,忠治里,002,新烏路五段,111號,,,新北市烏來區忠治里002鄰新烏路五段111號,新北市烏來區戶政事務所,305373.437200,2751679.8556000
168887,新北市政府,TW,新北市,烏來區,烏來里,002,烏來街,43號,,,新北市烏來區烏來里002鄰烏來街43號,烏來鄉戶政事務所,305781.429300,2750905.7172000
168887,新北市政府,TW,新北市,三峽區,中埔里,009,弘園街,43號,2,1,新北市三峽區中埔里009鄰弘園街43號二樓之1,管委會不供設戶籍,287050.1015,2757790.6448
168887,新北市政府,TW,新北市,三峽區,中正里,032,正義街27巷,41號,,,新北市三峽區中正里032鄰正義街27巷41號,農業資材室不供設戶籍,287456.8687596193,2756815.8791006096
168887,新北市政府,TW,新北市,三峽區,二鬮里,015,二鬮路136巷20弄,2號,,,新北市三峽區二鬮里015鄰二鬮路136巷20弄2號,維多利雅社區公設,286034.283965,2755844.2853433
168887,新北市政府,TW,新北市,三峽區,介壽里,003,介壽路一段276巷,103之1號,,,新北市三峽區介壽里003鄰介壽路一段276巷103之1號,農業資材室不供設戶籍,288929.66816132836,2756895.6848369422
168887,新北市政府,TW,新北市,三峽區,介壽里,010,光明路,71號,5,,新北市三峽區介壽里010鄰光明路71號五樓,新北市三峽區戶政事務所,287988.667561,2757888.1564700
168887,新北市政府,TW,新北市,三峽區,大埔里,001,中園街,118之16號,,,新北市三峽區大埔里001鄰中園街118之16號,農業資材室不得設籍使用,286927.121100,2757318.0078000
168887,新北市政府,TW,新北市,三峽區,大埔里,001,中園街,118之17號,,,新北市三峽區大埔里001鄰中園街118之17號,農業資材室不得設籍使用,286931.173900,2757322.0601000
168887,新北市政府,TW,新北市,三峽區,大埔里,007,中正路二段176巷,99號,,,新北市三峽區大埔里007鄰中正路二段176巷99號,農業資材室不供設戶籍,286685.52202798903,2755910.631256713
168887,新北市政府,TW,新北市,三峽區,大埔里,008,中正路二段,179號,,,新北市三峽區大埔里008鄰中正路二段179號,農業資材室不供設戶籍,286997.29469999997,2756287.8715
168887,新北市政府,TW,新北市,三峽區,大埔里,019,大埔路,349號,,,新北市三峽區大埔里019鄰大埔路349號,農業資材室不供設戶籍,287483.8146,2754370.3194
168887,新北市政府,TW,新北市,三峽區,大埔里,020,大埔路,385之1號,,,新北市三峽區大埔里020鄰大埔路385之1號,養禽設施不供設戶籍,287700.5541,2754382.5548
168887,新北市政府,TW,新北市,三峽區,弘道里,002,大同路,337號,,,新北市三峽區弘道里002鄰大同路337號,農業資材室不供設戶籍,286686.5245231181,2757361.2753665224
168887,新北市政府,TW,新北市,三峽區,成福里,013,成福路,60號,,,新北市三峽區成福里013鄰成福路60號,農業資材室不供設戶籍,292369.0642,2758032.5946
168887,新北市政府,TW,新北市,三峽區,成福里,008,成福路203巷,3之6號,,,新北市三峽區成福里008鄰成福路203巷3之6號,農作產銷設施不供設戶籍,293517.53266727313,2758602.7373191253
168887,新北市政府,TW,新北市,三峽區,成福里,008,成福路203巷,5之2號,,,新北市三峽區成福里008鄰成福路203巷5之2號,農糧產品加工室不供設戶籍,293651.27763964806,2758676.942432577
168887,新北市政府,TW,新北市,三峽區,溪南里,001,佳興路,376號,,,新北市三峽區溪南里001鄰佳興路376號,農業資材室不供設戶籍,289648.9113946022,2758981.1007189923
168887,新北市政府,TW,新北市,三峽區,溪東里,010,溪東路218巷,58號,,,新北市三峽區溪東里010鄰溪東路218巷58號,農業資材室不供設戶籍,291072.6509,2758035.5506
168887,新北市政府,TW,新北市,三峽區,溪東里,012,溪東路315巷,46號,,,新北市三峽區溪東里012鄰溪東路315巷46號,禽舍不供設戶籍,291563.50772078754,2758180.7221258273
168887,新北市政府,TW,新北市,三峽區,溪東里,014,溪東路324巷,31號,,,新北市三峽區溪東里014鄰溪東路324巷31號,農業資材室不供設戶籍,291368.07780057523,2758039.4411747823
168887,新北市政府,TW,新北市,三峽區,礁溪里,033,光明路,39號,,,新北市三峽區礁溪里033鄰光明路39號,管理委員會,287738.831529,2758167.0698033
168887,新北市政府,TW,新北市,三峽區,介壽里,017,介壽路一段276巷,103之1號,,,新北市三峽區介壽里017鄰介壽路一段276巷103之1號,農業資材室不供設戶,288921.55216202413,2756891.539535157
168887,新北市政府,TW,新北市,三峽區,竹崙里,005,三層坪路67巷,10之10號,,,新北市三峽區竹崙里005鄰三層坪路67巷10之10號,農業資材室不供設戶籍,295398.34028758545,2755179.6781115774
168887,新北市政府,TW,新北市,三峽區,竹崙里,005,三層坪路67巷,10之9號,,,新北市三峽區竹崙里005鄰三層坪路67巷10之9號,農業資材室不供設戶籍,295346.3649262684,2755146.69616535
168887,新北市政府,TW,新北市,三峽區,竹崙里,005,三層坪路67巷,14之1號,,,新北市三峽區竹崙里005鄰三層坪路67巷14之1號,農業資材室不供設戶籍,295613.8917787464,2755365.3097918695
168887,新北市政府,TW,新北市,三峽區,竹崙里,005,三層坪路67巷,36之1號,,,新北市三峽區竹崙里005鄰三層坪路67巷36之1號,農業資材室不供設戶籍,295646.13468760834,2755769.426087227
168887,新北市政府,TW,新北市,三峽區,竹崙里,005,三層坪路67巷,36之2號,,,新北市三峽區竹崙里005鄰三層坪路67巷36之2號,農業資材室不供設戶籍,295556.5200068696,2755793.358147423
168887,新北市政府,TW,新北市,三峽區,竹崙里,005,三層坪路67巷,39之2號,,,新北市三峽區竹崙里005鄰三層坪路67巷39之2號,農業資材室不供設戶籍,295467.3141677482,2755629.1250642356
168887,新北市政府,TW,新北市,三峽區,竹崙里,005,三層坪路67巷,47號,,,新北市三峽區竹崙里005鄰三層坪路67巷47號,農業資材室不供設戶籍,0295374,2755787
168887,新北市政府,TW,新北市,三峽區,竹崙里,005,三層坪路67巷,49號,,,新北市三峽區竹崙里005鄰三層坪路67巷49號,農業資材室不供設戶籍,295849.1609,2755779.9201
168887,新北市政府,TW,新北市,三峽區,竹崙里,005,三層坪路67巷,51號,,,新北市三峽區竹崙里005鄰三層坪路67巷51號,農業資材室不供設戶籍,295385.35708217695,2755893.0961590866
168887,新北市政府,TW,新北市,三峽區,竹崙里,005,九份路,10之3號,,,新北市三峽區竹崙里005鄰九份路10之3號,臨時工寮不得設籍,296304.378000,2754391.5150000
168887,新北市政府,TW,新北市,三峽區,竹崙里,005,九份路,49之1號,,,新北市三峽區竹崙里005鄰九份路49之1號,林業資材室不供設戶籍,296318.8700462753,2754888.487655505
168887,新北市政府,TW,新北市,三峽區,竹崙里,010,牛角坑路24巷,26號,,,新北市三峽區竹崙里010鄰牛角坑路24巷26號,農業資材室不供設戶籍,292567.30038887693,2754474.068913629
168887,新北市政府,TW,新北市,三峽區,竹崙里,002,竹崙路,92之1號,,,新北市三峽區竹崙里002鄰竹崙路92之1號,林業資材室不供設戶籍,293717.649,2756579.742
168887,新北市政府,TW,新北市,三峽區,竹崙里,012,竹崙路,98之1號,,,新北市三峽區竹崙里012鄰竹崙路98之1號,林業資材室不得作為設籍使用,293747.734300,2756317.1001000
168887,新北市政府,TW,新北市,三峽區,竹崙里,007,竹崙路,147號,,,新北市三峽區竹崙里007鄰竹崙路147號,農業資材室不供設戶籍,293859.26984551455,2755627.514948262
168887,新北市政府,TW,新北市,三峽區,竹崙里,006,竹崙路166巷,13號,,,新北市三峽區竹崙里006鄰竹崙路166巷13號,農業資材室不供設戶籍,294735.7304,2754427.6716
168887,新北市政府,TW,新北市,三峽區,竹崙里,006,竹崙路166巷,15號,,,新北市三峽區竹崙里006鄰竹崙路166巷15號,農業資材室不供設戶籍,294727.0772,2754400.161
168887,新北市政府,TW,新北市,三峽區,竹崙里,006,竹崙路166巷,17號,,,新北市三峽區竹崙里006鄰竹崙路166巷17號,農業資材室不供設戶籍,294714.54480000003,2754358.9155
168887,新北市政府,TW,新北市,三峽區,竹崙里,006,竹崙路166巷,19號,,,新北市三峽區竹崙里006鄰竹崙路166巷19號,農業資材室不供設戶籍,294675.86,2754281.77
168887,新北市政府,TW,新北市,三峽區,竹崙里,006,竹崙路166巷,21號,,,新北市三峽區竹崙里006鄰竹崙路166巷21號,農業資材室不供設戶籍,294656.37930000003,2754283.4345
168887,新北市政府,TW,新北市,三峽區,竹崙里,006,竹崙路,268號,,,新北市三峽區竹崙里006鄰竹崙路268號,農糧產品加工室不供設戶籍,296880.3024200264,2752203.6872684946
168887,新北市政府,TW,新北市,三峽區,竹崙里,014,紫微南路,30號,,,新北市三峽區竹崙里014鄰紫微南路30號,農業資材室不供設戶籍,292406.4427696377,2756267.921368324
168887,新北市政府,TW,新北市,三峽區,竹崙里,016,紫微路,12號,,,新北市三峽區竹崙里016鄰紫微路12號,農業資材室不供設戶籍,292954.7818656111,2757189.144762925
168887,新北市政府,TW,新北市,三峽區,竹崙里,017,紫微路,25號,,,新北市三峽區竹崙里017鄰紫微路25號,農業資材室不供設戶籍,292514.03202880965,2756858.107547919
168887,新北市政府,TW,新北市,三峽區,竹崙里,017,紫微路,52之8號,,,新北市三峽區竹崙里017鄰紫微路52之8號,農業資材室不供設戶籍,291448.99486106494,2757077.9169054558
168887,新北市政府,TW,新北市,三峽區,竹崙里,003,頭寮坑路,1之5號,,,新北市三峽區竹崙里003鄰頭寮坑路1之5號,農業資材室不供設戶籍,293908.1658056963,2756398.226692778
168887,新北市政府,TW,新北市,三峽區,鳶山里,020,中山路,389號,,,新北市三峽區鳶山里020鄰中山路389號,農業資材室不供設戶籍,286161.3581906288,2758748.949696888
168887,新北市政府,TW,新北市,三峽區,鳶山里,025,中山路,696號,,,新北市三峽區鳶山里025鄰中山路696號,農業資材室不供設戶籍,283096.9567018667,2757004.867448551
168887,新北市政府,TW,新北市,三峽區,鳶山里,025,中山路,815號,,,新北市三峽區鳶山里025鄰中山路815號,農業資材室不供設戶籍,283370.10605458566,2756979.663346223
168887,新北市政府,TW,新北市,三峽區,鳶山里,025,中山路,817號,,,新北市三峽區鳶山里025鄰中山路817號,農業資材室不供設戶籍,283365.4022907419,2756908.5227813437
168887,新北市政府,TW,新北市,三峽區,鳶山里,025,中山路,828號,,,新北市三峽區鳶山里025鄰中山路828號,林業資材室不供設戶籍,282517.4906193305,2756647.5654802094
168887,新北市政府,TW,新北市,三峽區,鳶山里,025,中山路,858號,,,新北市三峽區鳶山里025鄰中山路858號,農業資材室不供設戶籍,282358.0586194158,2756586.296773904
168887,新北市政府,TW,新北市,三峽區,鳶山里,025,中山路889巷,106號,,,新北市三峽區鳶山里025鄰中山路889巷106號,農業資材室不供設戶籍,0283121,2756343
168887,新北市政府,TW,新北市,三峽區,鳶山里,025,中山路889巷,108號,,,新北市三峽區鳶山里025鄰中山路889巷108號,農業資材室不供設戶籍,283095.7214732961,2756280.6250472395
168887,新北市政府,TW,新北市,三峽區,鳶山里,025,中山路889巷,189號,,,新北市三峽區鳶山里025鄰中山路889巷189號,農業資材室不供設戶籍,282970.2950839644,2755935.0301509136
168887,新北市政府,TW,新北市,三峽區,鳶山里,025,中山路889巷,271號,,,新北市三峽區鳶山里025鄰中山路889巷271號,農業資材室不供設戶籍,282771.6497,2755897.7752
168887,新北市政府,TW,新北市,三峽區,鳶山里,025,中山路889巷,289號,,,新北市三峽區鳶山里025鄰中山路889巷289號,農業資材室不供設戶籍,282703.5584882621,2755875.7876591557
168887,新北市政府,TW,新北市,三峽區,鳶山里,025,中山路889巷,302號,,,新北市三峽區鳶山里025鄰中山路889巷302號,農業資材室不供設戶籍,282898.4915,2755937.4176
168887,新北市政府,TW,新北市,三峽區,鳶山里,013,復興路367巷1弄,41號,,,新北市三峽區鳶山里013鄰復興路367巷1弄41號,社區管理委員會,286790.901400,2758929.3456000
168887,新北市政府,TW,新北市,三峽區,龍埔里,033,國光街350巷,11號,B1,,新北市三峽區龍埔里033鄰國光街350巷11號地下一層,管理員室,287520.052625,2759184.8526800
168887,新北市政府,TW,新北市,三峽區,龍埔里,032,國光街350巷,12號,B1,,新北市三峽區龍埔里032鄰國光街350巷12號地下一層,管理員室,287537.662786,2759182.5724600
168887,新北市政府,TW,新北市,三峽區,龍埔里,035,國光街364巷,13號,B1,,新北市三峽區龍埔里035鄰國光街364巷13號地下一層,管理員室,287472.550556,2759204.7946100
168887,新北市政府,TW,新北市,三峽區,龍埔里,010,民生街1巷,3號,,28,新北市三峽區龍埔里010鄰民生街1巷3號之28,資材室不得作為設籍使用,288220.141100,2758818.7042000
168887,新北市政府,TW,新北市,三峽區,龍埔里,007,龍埔路,428號,,,新北市三峽區龍埔里007鄰龍埔路428號,農業資材室不供設戶籍,288630.2095,2759162.4431
168887,新北市政府,TW,新北市,三峽區,龍學里,033,大觀路,118號,,,新北市三峽區龍學里033鄰大觀路118號,管理員室,287733.615200,2760003.9750000
168887,新北市政府,TW,新北市,三峽區,龍恩里,010,國慶路,192號,,,新北市三峽區龍恩里010鄰國慶路192號,管理室不供設戶籍使用至108年1,287807.2282,2759276.0937
168887,新北市政府,TW,新北市,三峽區,溪南里,015,介壽路二段138巷1弄,152之10號,,,新北市三峽區溪南里015鄰介壽路二段138巷1弄152之10號,農業資材室,290555.96983767085,2758017.4777697898
168887,新北市政府,TW,新北市,三峽區,溪南里,006,介壽路二段136巷,52號,,,新北市三峽區溪南里006鄰介壽路二段136巷52號,農業資材室不得作為設籍,289695.753900,2758567.9297000
168887,新北市政府,TW,新北市,瑞芳區,龍興里,008,中正路,30號,5,,新北市瑞芳區龍興里008鄰中正路30號五樓,新北市瑞芳區戶政事務所,331448.9285,2777909.3762999996
168887,新北市政府,TW,新北市,石碇區,格頭里,002,碇格路二段,7之2號,,,新北市石碇區格頭里002鄰碇格路二段7之2號,資材室不得設籍,315230.323877866,2761047.3696301165
168887,新北市政府,TW,新北市,金山區,三界里,003,三界壇路,101之2號,,,新北市金山區三界里003鄰三界壇路101之2號,農業資材室,312459.852600,2791448.9225000
168887,新北市政府,TW,新北市,金山區,和平里,008,金包里街,113號,,,新北市金山區和平里008鄰金包里街113號,建物已滅失,314243.270084,2790565.5723
168887,新北市政府,TW,新北市,金山區,大同里,001,民生路,67號,,,新北市金山區大同里001鄰民生路67號,臺北縣金山鄉戶政事務所,314539.797154,2790319.3985400
168887,新北市政府,TW,新北市,金山區,萬壽里,007,海興路,114之2號,,,新北市金山區萬壽里007鄰海興路114之2號,農業資材室,313658.8133,2792418.2283
168887,新北市政府,TW,新北市,萬里區,萬里里,003,瑪鋉路,123號,2,,新北市萬里區萬里里003鄰瑪鋉路123號二樓,新北市萬里區戶政事務所,319466.918583,2785698.6183500
