addr:country,addr:province,addr:city,addr:district,addr:hamlet,addr:neighbourhood,addr:place,addr:housenumber,addr:floor,addr:unit,addr:full,x,y,addr:TW:dataset,source
TW,台灣省,彰化縣,彰化市,介壽里,3,介壽新村,1號,,,彰化縣彰化市介壽里3鄰介壽新村1號,204516.11,2662835.12,170727,彰化縣政府
TW,台灣省,彰化縣,彰化市,介壽里,3,介壽新村,1號,,1,彰化縣彰化市介壽里3鄰介壽新村1號之1,204522.22,2662835.43,170727,彰化縣政府
TW,台灣省,彰化縣,彰化市,介壽里,3,介壽新村,2號,,,彰化縣彰化市介壽里3鄰介壽新村2號,204543.83,2662827.42,170727,彰化縣政府
TW,台灣省,彰化縣,彰化市,介壽里,3,介壽新村,6號,,,彰化縣彰化市介壽里3鄰介壽新村6號,204522.79,2662826.65,170727,彰化縣政府
TW,台灣省,彰化縣,彰化市,介壽里,3,介壽新村,6號,,1,彰化縣彰化市介壽里3鄰介壽新村6號之1,204522.79,2662826.65,170727,彰化縣政府
TW,台灣省,彰化縣,彰化市,介壽里,3,介壽新村,7號,,,彰化縣彰化市介壽里3鄰介壽新村7號,204519.45,2662826.39,170727,彰化縣政府
TW,台灣省,彰化縣,彰化市,介壽里,3,介壽新村,7號,,1,彰化縣彰化市介壽里3鄰介壽新村7號之1,204519.45,2662826.39,170727,彰化縣政府
TW,台灣省,彰化縣,彰化市,介壽里,3,介壽新村,8號,,,彰化縣彰化市介壽里3鄰介壽新村8號,204515.86,2662825.88,170727,彰化縣政府
TW,台灣省,彰化縣,彰化市,介壽里,3,介壽新村,8號,,1,彰化縣彰化市介壽里3鄰介壽新村8號之1,204579.77,2662805.09,170727,彰化縣政府
TW,台灣省,彰化縣,彰化市,介壽里,3,介壽新村,13號,,,彰化縣彰化市介壽里3鄰介壽新村13號,204565.65,2662796.62,170727,彰化縣政府
TW,台灣省,彰化縣,彰化市,介壽里,3,介壽新村,14號,,,彰化縣彰化市介壽里3鄰介壽新村14號,204549.22,2662798.16,170727,彰化縣政府
TW,台灣省,彰化縣,彰化市,介壽里,3,介壽新村,14號,,1,彰化縣彰化市介壽里3鄰介壽新村14號之1,204555.67,2662794.33,170727,彰化縣政府
TW,台灣省,彰化縣,彰化市,介壽里,3,介壽新村,16號,,,彰化縣彰化市介壽里3鄰介壽新村16號,204531.77,2662797.39,170727,彰化縣政府
TW,台灣省,彰化縣,彰化市,介壽里,3,介壽新村,16號,,1,彰化縣彰化市介壽里3鄰介壽新村16號之1,204531.77,2662797.39,170727,彰化縣政府
TW,台灣省,彰化縣,彰化市,介壽里,3,介壽新村,17號,,,彰化縣彰化市介壽里3鄰介壽新村17號,204527.15,2662797.13,170727,彰化縣政府
TW,台灣省,彰化縣,彰化市,介壽里,3,介壽新村,17號,,1,彰化縣彰化市介壽里3鄰介壽新村17號之1,204527.15,2662797.13,170727,彰化縣政府
TW,台灣省,彰化縣,彰化市,介壽里,3,介壽新村,18號,,,彰化縣彰化市介壽里3鄰介壽新村18號,204522.53,2662796.36,170727,彰化縣政府
TW,台灣省,彰化縣,彰化市,介壽里,3,介壽新村,18號,,1,彰化縣彰化市介壽里3鄰介壽新村18號之1,204522.53,2662796.36,170727,彰化縣政府
TW,台灣省,彰化縣,彰化市,介壽里,3,介壽新村,19號,,,彰化縣彰化市介壽里3鄰介壽新村19號,204517.91,2662796.1,170727,彰化縣政府
TW,台灣省,彰化縣,彰化市,介壽里,3,介壽新村,19號,,1,彰化縣彰化市介壽里3鄰介壽新村19號之1,204517.91,2662796.1,170727,彰化縣政府
TW,台灣省,彰化縣,彰化市,介壽里,3,介壽新村,21號,,,彰化縣彰化市介壽里3鄰介壽新村21號,204506.71,2662796.08,170727,彰化縣政府
TW,台灣省,彰化縣,彰化市,介壽里,5,介壽新村,32號,,,彰化縣彰化市介壽里5鄰介壽新村32號,204460.46,2662907.33,170727,彰化縣政府
TW,台灣省,彰化縣,彰化市,介壽里,5,介壽新村,33號,,,彰化縣彰化市介壽里5鄰介壽新村33號,204454.41,2662906.8,170727,彰化縣政府
TW,台灣省,彰化縣,彰化市,介壽里,5,介壽新村,34號,,,彰化縣彰化市介壽里5鄰介壽新村34號,204448.42,2662910.31,170727,彰化縣政府
TW,台灣省,彰化縣,彰化市,介壽里,5,介壽新村,35號,,,彰化縣彰化市介壽里5鄰介壽新村35號,204443.64,2662909.99,170727,彰化縣政府
TW,台灣省,彰化縣,彰化市,介壽里,5,介壽新村,36號,,,彰化縣彰化市介壽里5鄰介壽新村36號,204438.85,2662909.36,170727,彰化縣政府
TW,台灣省,彰化縣,彰化市,介壽里,5,介壽新村,36號,,1,彰化縣彰化市介壽里5鄰介壽新村36號之1,204434.38,2662904.25,170727,彰化縣政府
TW,台灣省,彰化縣,彰化市,介壽里,5,介壽新村,37號,,,彰化縣彰化市介壽里5鄰介壽新村37號,204430.22,2662904.44,170727,彰化縣政府
TW,台灣省,彰化縣,彰化市,介壽里,5,介壽新村,38號,,,彰化縣彰化市介壽里5鄰介壽新村38號,204426.09,2662903.93,170727,彰化縣政府
TW,台灣省,彰化縣,彰化市,介壽里,5,介壽新村,39號,,,彰化縣彰化市介壽里5鄰介壽新村39號,204421.3,2662903.29,170727,彰化縣政府
TW,台灣省,彰化縣,彰化市,介壽里,5,介壽新村,40號,,,彰化縣彰化市介壽里5鄰介壽新村40號,204407.9,2662904.25,170727,彰化縣政府
TW,台灣省,彰化縣,彰化市,介壽里,5,介壽新村,41號,,,彰化縣彰化市介壽里5鄰介壽新村41號,204401.6,2662903.82,170727,彰化縣政府
TW,台灣省,彰化縣,彰化市,介壽里,5,介壽新村,42號,,,彰化縣彰化市介壽里5鄰介壽新村42號,204395.55,2662903.82,170727,彰化縣政府
TW,台灣省,彰化縣,彰化市,介壽里,5,介壽新村,43號,,,彰化縣彰化市介壽里5鄰介壽新村43號,204388.72,2662903.03,170727,彰化縣政府
TW,台灣省,彰化縣,彰化市,介壽里,5,介壽新村,44號,,,彰化縣彰化市介壽里5鄰介壽新村44號,204382.67,2662902.24,170727,彰化縣政府
TW,台灣省,彰化縣,彰化市,介壽里,5,介壽新村,45號,,,彰化縣彰化市介壽里5鄰介壽新村45號,204376.36,2662901.45,170727,彰化縣政府
TW,台灣省,彰化縣,彰化市,介壽里,5,介壽新村,46號,,,彰化縣彰化市介壽里5鄰介壽新村46號,204370.25,2662901.06,170727,彰化縣政府
TW,台灣省,彰化縣,彰化市,介壽里,5,介壽新村,47號,,,彰化縣彰化市介壽里5鄰介壽新村47號,204468.2,2662881.77,170727,彰化縣政府
TW,台灣省,彰化縣,彰化市,介壽里,5,介壽新村,48號,,,彰化縣彰化市介壽里5鄰介壽新村48號,204461.17,2662880.85,170727,彰化縣政府
TW,台灣省,彰化縣,彰化市,介壽里,5,介壽新村,49號,,,彰化縣彰化市介壽里5鄰介壽新村49號,204455,2662880.9,170727,彰化縣政府
TW,台灣省,彰化縣,彰化市,介壽里,5,介壽新村,51號,,,彰化縣彰化市介壽里5鄰介壽新村51號,204443.94,2662879.36,170727,彰化縣政府
TW,台灣省,彰化縣,彰化市,介壽里,5,介壽新村,52號,,,彰化縣彰化市介壽里5鄰介壽新村52號,204436,2662878.93,170727,彰化縣政府
TW,台灣省,彰化縣,彰化市,介壽里,5,介壽新村,53號,,,彰化縣彰化市介壽里5鄰介壽新村53號,204431.06,2662879.1,170727,彰化縣政府
TW,台灣省,彰化縣,彰化市,介壽里,5,介壽新村,54號,,,彰化縣彰化市介壽里5鄰介壽新村54號,204424.22,2662878.31,170727,彰化縣政府
TW,台灣省,彰化縣,彰化市,介壽里,5,介壽新村,55號,,,彰化縣彰化市介壽里5鄰介壽新村55號,204417.12,2662878.83,170727,彰化縣政府
TW,台灣省,彰化縣,彰化市,介壽里,5,介壽新村,56號,,,彰化縣彰化市介壽里5鄰介壽新村56號,204410.54,2662879.1,170727,彰化縣政府
TW,台灣省,彰化縣,彰化市,介壽里,5,介壽新村,57號,,,彰化縣彰化市介壽里5鄰介壽新村57號,204404.5,2662878.83,170727,彰化縣政府
TW,台灣省,彰化縣,彰化市,介壽里,5,介壽新村,58號,,,彰化縣彰化市介壽里5鄰介壽新村58號,204397.09,2662878.3,170727,彰化縣政府
TW,台灣省,彰化縣,彰化市,介壽里,5,介壽新村,59號,,,彰化縣彰化市介壽里5鄰介壽新村59號,204390.56,2662877.52,170727,彰化縣政府
TW,台灣省,彰化縣,彰化市,介壽里,5,介壽新村,60號,,,彰化縣彰化市介壽里5鄰介壽新村60號,204384.51,2662876.47,170727,彰化縣政府
TW,台灣省,彰化縣,彰化市,介壽里,5,介壽新村,61號,,,彰化縣彰化市介壽里5鄰介壽新村61號,204377.67,2662875.68,170727,彰化縣政府
TW,台灣省,彰化縣,彰化市,介壽里,5,介壽新村,62號,,,彰化縣彰化市介壽里5鄰介壽新村62號,204371.62,2662875.94,170727,彰化縣政府
TW,台灣省,彰化縣,彰化市,介壽里,4,介壽新村,63號,,,彰化縣彰化市介壽里4鄰介壽新村63號,204470.77,2662864.9,170727,彰化縣政府
TW,台灣省,彰化縣,彰化市,介壽里,4,介壽新村,64號,,,彰化縣彰化市介壽里4鄰介壽新村64號,204464.98,2662864.63,170727,彰化縣政府
TW,台灣省,彰化縣,彰化市,介壽里,4,介壽新村,65號,,,彰化縣彰化市介壽里4鄰介壽新村65號,204458.93,2662863.84,170727,彰化縣政府
TW,台灣省,彰化縣,彰化市,介壽里,4,介壽新村,66號,,,彰化縣彰化市介壽里4鄰介壽新村66號,204452.36,2662863.32,170727,彰化縣政府
TW,台灣省,彰化縣,彰化市,介壽里,4,介壽新村,67號,,,彰化縣彰化市介壽里4鄰介壽新村67號,204446.05,2662862.79,170727,彰化縣政府
TW,台灣省,彰化縣,彰化市,介壽里,4,介壽新村,68號,,,彰化縣彰化市介壽里4鄰介壽新村68號,204438.95,2662862.53,170727,彰化縣政府
TW,台灣省,彰化縣,彰化市,介壽里,4,介壽新村,69號,,,彰化縣彰化市介壽里4鄰介壽新村69號,204432.85,2662862.36,170727,彰化縣政府
TW,台灣省,彰化縣,彰化市,介壽里,4,介壽新村,70號,,,彰化縣彰化市介壽里4鄰介壽新村70號,204425.53,2662861.48,170727,彰化縣政府
TW,台灣省,彰化縣,彰化市,介壽里,4,介壽新村,71號,,,彰化縣彰化市介壽里4鄰介壽新村71號,204418.17,2662860.43,170727,彰化縣政府
TW,台灣省,彰化縣,彰化市,介壽里,4,介壽新村,72號,,,彰化縣彰化市介壽里4鄰介壽新村72號,204411.6,2662859.9,170727,彰化縣政府
TW,台灣省,彰化縣,彰化市,介壽里,4,介壽新村,73號,,,彰化縣彰化市介壽里4鄰介壽新村73號,204405.55,2662859.37,170727,彰化縣政府
TW,台灣省,彰化縣,彰化市,介壽里,4,介壽新村,74號,,,彰化縣彰化市介壽里4鄰介壽新村74號,204399.5,2662858.85,170727,彰化縣政府
TW,台灣省,彰化縣,彰化市,介壽里,4,介壽新村,75號,,,彰化縣彰化市介壽里4鄰介壽新村75號,204392.92,2662858.59,170727,彰化縣政府
TW,台灣省,彰化縣,彰化市,介壽里,4,介壽新村,76號,,,彰化縣彰化市介壽里4鄰介壽新村76號,204386.09,2662857.8,170727,彰化縣政府
TW,台灣省,彰化縣,彰化市,介壽里,4,介壽新村,77號,,,彰化縣彰化市介壽里4鄰介壽新村77號,204379.46,2662857.1,170727,彰化縣政府
TW,台灣省,彰化縣,彰化市,介壽里,4,介壽新村,78號,,,彰化縣彰化市介壽里4鄰介壽新村78號,204372.41,2662856.48,170727,彰化縣政府
TW,台灣省,彰化縣,彰化市,介壽里,4,介壽新村,79號,,,彰化縣彰化市介壽里4鄰介壽新村79號,204472.08,2662845.7,170727,彰化縣政府
TW,台灣省,彰化縣,彰化市,介壽里,4,介壽新村,80號,,,彰化縣彰化市介壽里4鄰介壽新村80號,204467.08,2662845.44,170727,彰化縣政府
TW,台灣省,彰化縣,彰化市,介壽里,4,介壽新村,81號,,,彰化縣彰化市介壽里4鄰介壽新村81號,204460.77,2662844.91,170727,彰化縣政府
TW,台灣省,彰化縣,彰化市,介壽里,4,介壽新村,82號,,,彰化縣彰化市介壽里4鄰介壽新村82號,204454.46,2662844.38,170727,彰化縣政府
TW,台灣省,彰化縣,彰化市,介壽里,4,介壽新村,83號,,,彰化縣彰化市介壽里4鄰介壽新村83號,204447.36,2662843.86,170727,彰化縣政府
TW,台灣省,彰化縣,彰化市,介壽里,4,介壽新村,84號,,,彰化縣彰化市介壽里4鄰介壽新村84號,204440.52,2662842.81,170727,彰化縣政府
TW,台灣省,彰化縣,彰化市,介壽里,4,介壽新村,85號,,,彰化縣彰化市介壽里4鄰介壽新村85號,204434.21,2662842.28,170727,彰化縣政府
TW,台灣省,彰化縣,彰化市,介壽里,4,介壽新村,86號,,,彰化縣彰化市介壽里4鄰介壽新村86號,204427.11,2662842.02,170727,彰化縣政府
TW,台灣省,彰化縣,彰化市,介壽里,4,介壽新村,95號,,,彰化縣彰化市介壽里4鄰介壽新村95號,204473.66,2662824.4,170727,彰化縣政府
TW,台灣省,彰化縣,彰化市,介壽里,4,介壽新村,96號,,,彰化縣彰化市介壽里4鄰介壽新村96號,204466.77,2662823.7,170727,彰化縣政府
TW,台灣省,彰化縣,彰化市,介壽里,4,介壽新村,97號,,,彰化縣彰化市介壽里4鄰介壽新村97號,204460.51,2662823.08,170727,彰化縣政府
TW,台灣省,彰化縣,彰化市,介壽里,4,介壽新村,98號,,,彰化縣彰化市介壽里4鄰介壽新村98號,204454.72,2662822.82,170727,彰化縣政府
TW,台灣省,彰化縣,彰化市,介壽里,4,介壽新村,99號,,,彰化縣彰化市介壽里4鄰介壽新村99號,204448.94,2662822.82,170727,彰化縣政府
TW,台灣省,彰化縣,彰化市,介壽里,4,介壽新村,100號,,,彰化縣彰化市介壽里4鄰介壽新村100號,204442.63,2662822.03,170727,彰化縣政府
TW,台灣省,彰化縣,彰化市,介壽里,4,介壽新村,101號,,,彰化縣彰化市介壽里4鄰介壽新村101號,204436.32,2662821.51,170727,彰化縣政府
TW,台灣省,彰化縣,彰化市,介壽里,4,介壽新村,102號,,,彰化縣彰化市介壽里4鄰介壽新村102號,204428.69,2662820.72,170727,彰化縣政府
TW,台灣省,彰化縣,彰化市,介壽里,4,介壽新村,103號,,,彰化縣彰化市介壽里4鄰介壽新村103號,204384.46,2662821.33,170727,彰化縣政府
TW,台灣省,彰化縣,彰化市,介壽里,4,介壽新村,104號,,,彰化縣彰化市介壽里4鄰介壽新村104號,204475.97,2662804.21,170727,彰化縣政府
TW,台灣省,彰化縣,彰化市,介壽里,4,介壽新村,105號,,,彰化縣彰化市介壽里4鄰介壽新村105號,204477.29,2662790.36,170727,彰化縣政府
TW,台灣省,彰化縣,彰化市,介壽里,4,介壽新村,106號,,,彰化縣彰化市介壽里4鄰介壽新村106號,204471.64,2662803.85,170727,彰化縣政府
TW,台灣省,彰化縣,彰化市,介壽里,4,介壽新村,107號,,,彰化縣彰化市介壽里4鄰介壽新村107號,204473.07,2662789.96,170727,彰化縣政府
TW,台灣省,彰化縣,彰化市,介壽里,4,介壽新村,108號,,,彰化縣彰化市介壽里4鄰介壽新村108號,204467.13,2662803.55,170727,彰化縣政府
TW,台灣省,彰化縣,彰化市,介壽里,4,介壽新村,109號,,,彰化縣彰化市介壽里4鄰介壽新村109號,204469.4,2662789.51,170727,彰化縣政府
TW,台灣省,彰化縣,彰化市,介壽里,4,介壽新村,110號,,,彰化縣彰化市介壽里4鄰介壽新村110號,204462.64,2662803.15,170727,彰化縣政府
TW,台灣省,彰化縣,彰化市,介壽里,4,介壽新村,111號,,,彰化縣彰化市介壽里4鄰介壽新村111號,204465.19,2662789.25,170727,彰化縣政府
TW,台灣省,彰化縣,彰化市,介壽里,4,介壽新村,112號,,,彰化縣彰化市介壽里4鄰介壽新村112號,204458.42,2662802.76,170727,彰化縣政府
TW,台灣省,彰化縣,彰化市,介壽里,4,介壽新村,113號,,,彰化縣彰化市介壽里4鄰介壽新村113號,204460.53,2662788.64,170727,彰化縣政府
TW,台灣省,彰化縣,彰化市,介壽里,4,介壽新村,114號,,,彰化縣彰化市介壽里4鄰介壽新村114號,204454.54,2662802.53,170727,彰化縣政府
TW,台灣省,彰化縣,彰化市,介壽里,4,介壽新村,115號,,,彰化縣彰化市介壽里4鄰介壽新村115號,204456.44,2662791.01,170727,彰化縣政府
TW,台灣省,彰化縣,彰化市,介壽里,4,介壽新村,116號,,,彰化縣彰化市介壽里4鄰介壽新村116號,204450.86,2662802.14,170727,彰化縣政府
TW,台灣省,彰化縣,彰化市,介壽里,4,介壽新村,117號,,,彰化縣彰化市介壽里4鄰介壽新村117號,204452.75,2662790.62,170727,彰化縣政府
TW,台灣省,彰化縣,彰化市,介壽里,4,介壽新村,118號,,,彰化縣彰化市介壽里4鄰介壽新村118號,204447.84,2662801.75,170727,彰化縣政府
TW,台灣省,彰化縣,彰化市,介壽里,4,介壽新村,119號,,,彰化縣彰化市介壽里4鄰介壽新村119號,204449.05,2662790.36,170727,彰化縣政府
TW,台灣省,彰化縣,彰化市,介壽里,4,介壽新村,120號,,,彰化縣彰化市介壽里4鄰介壽新村120號,204444.02,2662801.61,170727,彰化縣政府
TW,台灣省,彰化縣,彰化市,介壽里,4,介壽新村,121號,,,彰化縣彰化市介壽里4鄰介壽新村121號,204445.75,2662790.09,170727,彰化縣政府
TW,台灣省,彰化縣,彰化市,介壽里,4,介壽新村,122號,,,彰化縣彰化市介壽里4鄰介壽新村122號,204440.21,2662801.44,170727,彰化縣政府
TW,台灣省,彰化縣,彰化市,介壽里,4,介壽新村,123號,,,彰化縣彰化市介壽里4鄰介壽新村123號,204441.8,2662789.96,170727,彰化縣政府
TW,台灣省,彰化縣,彰化市,介壽里,4,介壽新村,124號,,,彰化縣彰化市介壽里4鄰介壽新村124號,204436.13,2662801.08,170727,彰化縣政府
TW,台灣省,彰化縣,彰化市,介壽里,4,介壽新村,125號,,,彰化縣彰化市介壽里4鄰介壽新村125號,204437.84,2662789.56,170727,彰化縣政府
TW,台灣省,彰化縣,彰化市,介壽里,4,介壽新村,126號,,,彰化縣彰化市介壽里4鄰介壽新村126號,204432.3,2662800.91,170727,彰化縣政府
TW,台灣省,彰化縣,彰化市,介壽里,4,介壽新村,127號,,,彰化縣彰化市介壽里4鄰介壽新村127號,204433.88,2662789.43,170727,彰化縣政府
TW,台灣省,彰化縣,彰化市,介壽里,4,介壽新村,128號,,,彰化縣彰化市介壽里4鄰介壽新村128號,204428.34,2662800.38,170727,彰化縣政府
TW,台灣省,彰化縣,彰化市,介壽里,4,介壽新村,129號,,,彰化縣彰化市介壽里4鄰介壽新村129號,204429.92,2662788.9,170727,彰化縣政府
TW,台灣省,彰化縣,彰化市,介壽里,4,介壽新村,130號,,,彰化縣彰化市介壽里4鄰介壽新村130號,204424.91,2662800.12,170727,彰化縣政府
TW,台灣省,彰化縣,彰化市,介壽里,4,介壽新村,131號,,,彰化縣彰化市介壽里4鄰介壽新村131號,204426.09,2662788.77,170727,彰化縣政府
TW,台灣省,彰化縣,彰化市,介壽里,4,介壽新村,132號,,,彰化縣彰化市介壽里4鄰介壽新村132號,204420.82,2662799.86,170727,彰化縣政府
TW,台灣省,彰化縣,彰化市,介壽里,4,介壽新村,133號,,,彰化縣彰化市介壽里4鄰介壽新村133號,204422,2662788.51,170727,彰化縣政府
TW,台灣省,彰化縣,彰化市,介壽里,4,介壽新村,134號,,,彰化縣彰化市介壽里4鄰介壽新村134號,204417.12,2662799.46,170727,彰化縣政府
TW,台灣省,彰化縣,彰化市,介壽里,4,介壽新村,135號,,,彰化縣彰化市介壽里4鄰介壽新村135號,204418.18,2662788.24,170727,彰化縣政府
TW,台灣省,彰化縣,彰化市,介壽里,4,介壽新村,136號,,,彰化縣彰化市介壽里4鄰介壽新村136號,204413.03,2662799.33,170727,彰化縣政府
TW,台灣省,彰化縣,彰化市,介壽里,4,介壽新村,137號,,,彰化縣彰化市介壽里4鄰介壽新村137號,204413.82,2662788.11,170727,彰化縣政府
TW,台灣省,彰化縣,彰化市,介壽里,4,介壽新村,138號,,,彰化縣彰化市介壽里4鄰介壽新村138號,204409.2,2662798.93,170727,彰化縣政府
TW,台灣省,彰化縣,彰化市,介壽里,4,介壽新村,139號,,,彰化縣彰化市介壽里4鄰介壽新村139號,204409.6,2662787.32,170727,彰化縣政府
TW,台灣省,彰化縣,彰化市,介壽里,4,介壽新村,140號,,,彰化縣彰化市介壽里4鄰介壽新村140號,204404.98,2662798.54,170727,彰化縣政府
TW,台灣省,彰化縣,彰化市,介壽里,4,介壽新村,141號,,,彰化縣彰化市介壽里4鄰介壽新村141號,204405.91,2662786.93,170727,彰化縣政府
TW,台灣省,彰化縣,彰化市,介壽里,4,介壽新村,142號,,,彰化縣彰化市介壽里4鄰介壽新村142號,204400.76,2662798.14,170727,彰化縣政府
TW,台灣省,彰化縣,彰化市,介壽里,4,介壽新村,臨143號,,,彰化縣彰化市介壽里4鄰介壽新村臨143號,204400.96,2662786.34,170727,彰化縣政府
TW,台灣省,彰化縣,彰化市,介壽里,4,介壽新村,144號,,1,彰化縣彰化市介壽里4鄰介壽新村144號之1,204396.44,2662794.87,170727,彰化縣政府
TW,台灣省,彰化縣,彰化市,介壽里,4,介壽新村,144號,,2,彰化縣彰化市介壽里4鄰介壽新村144號之2,204389.54,2662794.13,170727,彰化縣政府
TW,台灣省,彰化縣,彰化市,介壽里,4,介壽新村,144號,,3,彰化縣彰化市介壽里4鄰介壽新村144號之3,204382.88,2662793.63,170727,彰化縣政府
TW,台灣省,彰化縣,彰化市,介壽里,4,介壽新村,144號,,4,彰化縣彰化市介壽里4鄰介壽新村144號之4,204377.34,2662793.63,170727,彰化縣政府
TW,台灣省,彰化縣,彰化市,介壽里,6,介壽新村,146號,,,彰化縣彰化市介壽里6鄰介壽新村146號,204343.17,2662773.74,170727,彰化縣政府
TW,台灣省,彰化縣,彰化市,介壽里,6,介壽新村,146號,,1,彰化縣彰化市介壽里6鄰介壽新村146號之1,204348.37,2662774.39,170727,彰化縣政府
TW,台灣省,彰化縣,彰化市,介壽里,6,介壽新村,146號,,2,彰化縣彰化市介壽里6鄰介壽新村146號之2,204355.24,2662774.79,170727,彰化縣政府
TW,台灣省,彰化縣,彰化市,介壽里,6,介壽新村,146號,,3,彰化縣彰化市介壽里6鄰介壽新村146號之3,204361.17,2662775.58,170727,彰化縣政府
TW,台灣省,彰化縣,彰化市,介壽里,6,介壽新村,146號,,5,彰化縣彰化市介壽里6鄰介壽新村146號之5,204373.05,2662774.92,170727,彰化縣政府
TW,台灣省,彰化縣,彰化市,介壽里,6,介壽新村,146號,,6,彰化縣彰化市介壽里6鄰介壽新村146號之6,204377.67,2662774.65,170727,彰化縣政府
TW,台灣省,彰化縣,彰化市,介壽里,6,介壽新村,146號,,7,彰化縣彰化市介壽里6鄰介壽新村146號之7,204382.15,2662774.65,170727,彰化縣政府
TW,台灣省,彰化縣,彰化市,介壽里,6,介壽新村,146號,,8,彰化縣彰化市介壽里6鄰介壽新村146號之8,204386.64,2662774.52,170727,彰化縣政府
TW,台灣省,彰化縣,彰化市,介壽里,6,介壽新村,147號,,,彰化縣彰化市介壽里6鄰介壽新村147號,204338.21,2662773.47,170727,彰化縣政府
TW,台灣省,彰化縣,彰化市,介壽里,6,介壽新村,148號,,,彰化縣彰化市介壽里6鄰介壽新村148號,204327.92,2662772.81,170727,彰化縣政府
TW,台灣省,彰化縣,彰化市,介壽里,6,介壽新村,148號,,1,彰化縣彰化市介壽里6鄰介壽新村148號之1,204333.31,2662773.21,170727,彰化縣政府
TW,台灣省,彰化縣,彰化市,介壽里,6,介壽新村,149號,,,彰化縣彰化市介壽里6鄰介壽新村149號,204322.62,2662768.84,170727,彰化縣政府
TW,台灣省,彰化縣,彰化市,介壽里,6,介壽新村,150號,,,彰化縣彰化市介壽里6鄰介壽新村150號,204314.55,2662771,170727,彰化縣政府
TW,台灣省,彰化縣,彰化市,介壽里,6,介壽新村,151號,,,彰化縣彰化市介壽里6鄰介壽新村151號,204309.58,2662770.3,170727,彰化縣政府
TW,台灣省,彰化縣,彰化市,介壽里,6,介壽新村,152號,,,彰化縣彰化市介壽里6鄰介壽新村152號,204302.98,2662770.43,170727,彰化縣政府
TW,台灣省,彰化縣,彰化市,介壽里,6,介壽新村,153號,,,彰化縣彰化市介壽里6鄰介壽新村153號,204295.19,2662769.05,170727,彰化縣政府
TW,台灣省,彰化縣,彰化市,介壽里,6,介壽新村,154號,,,彰化縣彰化市介壽里6鄰介壽新村154號,204289.39,2662768.98,170727,彰化縣政府
TW,台灣省,彰化縣,彰化市,介壽里,6,介壽新村,155號,,,彰化縣彰化市介壽里6鄰介壽新村155號,204282.28,2662768.26,170727,彰化縣政府
TW,台灣省,彰化縣,彰化市,介壽里,6,介壽新村,156號,,,彰化縣彰化市介壽里6鄰介壽新村156號,204276.33,2662767.4,170727,彰化縣政府
TW,台灣省,彰化縣,彰化市,介壽里,6,介壽新村,157號,,,彰化縣彰化市介壽里6鄰介壽新村157號,204270.08,2662765.73,170727,彰化縣政府
TW,台灣省,彰化縣,彰化市,介壽里,6,介壽新村,158號,,,彰化縣彰化市介壽里6鄰介壽新村158號,204262.87,2662776.02,170727,彰化縣政府
TW,台灣省,彰化縣,彰化市,介壽里,6,介壽新村,167號,,,彰化縣彰化市介壽里6鄰介壽新村167號,204306.9,2662793.87,170727,彰化縣政府
TW,台灣省,彰化縣,彰化市,介壽里,6,介壽新村,168號,,,彰化縣彰化市介壽里6鄰介壽新村168號,204299.71,2662793.45,170727,彰化縣政府
TW,台灣省,彰化縣,彰化市,介壽里,6,介壽新村,169號,,,彰化縣彰化市介壽里6鄰介壽新村169號,204292.93,2662792.6,170727,彰化縣政府
TW,台灣省,彰化縣,彰化市,介壽里,6,介壽新村,170號,,,彰化縣彰化市介壽里6鄰介壽新村170號,204285.74,2662792.6,170727,彰化縣政府
TW,台灣省,彰化縣,彰化市,介壽里,6,介壽新村,171號,,,彰化縣彰化市介壽里6鄰介壽新村171號,204279.81,2662791.97,170727,彰化縣政府
TW,台灣省,彰化縣,彰化市,介壽里,6,介壽新村,172號,,,彰化縣彰化市介壽里6鄰介壽新村172號,204274.1,2662791.54,170727,彰化縣政府
TW,台灣省,彰化縣,彰化市,介壽里,6,介壽新村,173號,,,彰化縣彰化市介壽里6鄰介壽新村173號,204267.96,2662790.27,170727,彰化縣政府
TW,台灣省,彰化縣,彰化市,介壽里,6,介壽新村,173號,2,,彰化縣彰化市介壽里6鄰介壽新村173號二樓,204267.96,2662790.27,170727,彰化縣政府
TW,台灣省,彰化縣,彰化市,介壽里,6,介壽新村,173號,3,,彰化縣彰化市介壽里6鄰介壽新村173號三樓,204267.96,2662790.27,170727,彰化縣政府
TW,台灣省,彰化縣,彰化市,介壽里,6,介壽新村,173號,4,,彰化縣彰化市介壽里6鄰介壽新村173號四樓,204267.96,2662790.27,170727,彰化縣政府
TW,台灣省,彰化縣,彰化市,介壽里,6,介壽新村,174號,,,彰化縣彰化市介壽里6鄰介壽新村174號,204261.18,2662796.83,170727,彰化縣政府
TW,台灣省,彰化縣,彰化市,介壽里,6,介壽新村,175號,,,彰化縣彰化市介壽里6鄰介壽新村175號,204358.13,2662815.25,170727,彰化縣政府
TW,台灣省,彰化縣,彰化市,介壽里,6,介壽新村,176號,,,彰化縣彰化市介壽里6鄰介壽新村176號,204351.14,2662814.4,170727,彰化縣政府
TW,台灣省,彰化縣,彰化市,介壽里,6,介壽新村,177號,,,彰化縣彰化市介壽里6鄰介壽新村177號,204345,2662816.73,170727,彰化縣政府
TW,台灣省,彰化縣,彰化市,介壽里,6,介壽新村,178號,,,彰化縣彰化市介壽里6鄰介壽新村178號,204338.23,2662816.73,170727,彰化縣政府
TW,台灣省,彰化縣,彰化市,介壽里,7,介壽新村,179號,,,彰化縣彰化市介壽里7鄰介壽新村179號,204332.09,2662815.67,170727,彰化縣政府
TW,台灣省,彰化縣,彰化市,介壽里,7,介壽新村,180號,,,彰化縣彰化市介壽里7鄰介壽新村180號,204325.53,2662817.15,170727,彰化縣政府
TW,台灣省,彰化縣,彰化市,介壽里,7,介壽新村,181號,,,彰化縣彰化市介壽里7鄰介壽新村181號,204319.24,2662816.6,170727,彰化縣政府
TW,台灣省,彰化縣,彰化市,介壽里,7,介壽新村,182號,,,彰化縣彰化市介壽里7鄰介壽新村182號,204312.41,2662814.4,170727,彰化縣政府
TW,台灣省,彰化縣,彰化市,介壽里,7,介壽新村,183號,,,彰化縣彰化市介壽里7鄰介壽新村183號,204305.63,2662813.13,170727,彰化縣政府
TW,台灣省,彰化縣,彰化市,介壽里,7,介壽新村,184號,,,彰化縣彰化市介壽里7鄰介壽新村184號,204299.07,2662812.92,170727,彰化縣政府
TW,台灣省,彰化縣,彰化市,介壽里,7,介壽新村,185號,,,彰化縣彰化市介壽里7鄰介壽新村185號,204291.87,2662810.87,170727,彰化縣政府
TW,台灣省,彰化縣,彰化市,介壽里,7,介壽新村,186號,,,彰化縣彰化市介壽里7鄰介壽新村186號,204285.84,2662812.13,170727,彰化縣政府
TW,台灣省,彰化縣,彰化市,介壽里,7,介壽新村,187號,,,彰化縣彰化市介壽里7鄰介壽新村187號,204278.96,2662811.65,170727,彰化縣政府
TW,台灣省,彰化縣,彰化市,介壽里,7,介壽新村,188號,,,彰化縣彰化市介壽里7鄰介壽新村188號,204272.83,2662811.02,170727,彰化縣政府
TW,台灣省,彰化縣,彰化市,介壽里,7,介壽新村,189號,,,彰化縣彰化市介壽里7鄰介壽新村189號,204266.48,2662811.86,170727,彰化縣政府
TW,台灣省,彰化縣,彰化市,介壽里,7,介壽新村,190號,,,彰化縣彰化市介壽里7鄰介壽新村190號,204260.34,2662810.59,170727,彰化縣政府
TW,台灣省,彰化縣,彰化市,介壽里,7,介壽新村,191號,,,彰化縣彰化市介壽里7鄰介壽新村191號,204356.43,2662836.42,170727,彰化縣政府
TW,台灣省,彰化縣,彰化市,介壽里,7,介壽新村,192號,,,彰化縣彰化市介壽里7鄰介壽新村192號,204350.08,2662836.2,170727,彰化縣政府
TW,台灣省,彰化縣,彰化市,介壽里,7,介壽新村,193號,,,彰化縣彰化市介壽里7鄰介壽新村193號,204343.31,2662835.57,170727,彰化縣政府
TW,台灣省,彰化縣,彰化市,介壽里,7,介壽新村,194號,,,彰化縣彰化市介壽里7鄰介壽新村194號,204336.96,2662834.93,170727,彰化縣政府
TW,台灣省,彰化縣,彰化市,介壽里,7,介壽新村,195號,,,彰化縣彰化市介壽里7鄰介壽新村195號,204330.4,2662834.51,170727,彰化縣政府
TW,台灣省,彰化縣,彰化市,介壽里,7,介壽新村,196號,,,彰化縣彰化市介壽里7鄰介壽新村196號,204324.5,2662834.22,170727,彰化縣政府
TW,台灣省,彰化縣,彰化市,介壽里,7,介壽新村,197號,,,彰化縣彰化市介壽里7鄰介壽新村197號,204318.12,2662833.45,170727,彰化縣政府
TW,台灣省,彰化縣,彰化市,介壽里,7,介壽新村,198號,,,彰化縣彰化市介壽里7鄰介壽新村198號,204311.98,2662832.82,170727,彰化縣政府
TW,台灣省,彰化縣,彰化市,介壽里,7,介壽新村,199號,,,彰化縣彰化市介壽里7鄰介壽新村199號,204303.31,2662832.61,170727,彰化縣政府
TW,台灣省,彰化縣,彰化市,介壽里,7,介壽新村,200號,,,彰化縣彰化市介壽里7鄰介壽新村200號,204296.96,2662831.97,170727,彰化縣政府
TW,台灣省,彰化縣,彰化市,介壽里,7,介壽新村,201號,,,彰化縣彰化市介壽里7鄰介壽新村201號,204291.03,2662831.34,170727,彰化縣政府
TW,台灣省,彰化縣,彰化市,介壽里,7,介壽新村,202號,,,彰化縣彰化市介壽里7鄰介壽新村202號,204284.26,2662831.12,170727,彰化縣政府
TW,台灣省,彰化縣,彰化市,介壽里,7,介壽新村,203號,,,彰化縣彰化市介壽里7鄰介壽新村203號,204277.91,2662831.34,170727,彰化縣政府
TW,台灣省,彰化縣,彰化市,介壽里,7,介壽新村,205號,,,彰化縣彰化市介壽里7鄰介壽新村205號,204265.42,2662829.85,170727,彰化縣政府
TW,台灣省,彰化縣,彰化市,介壽里,7,介壽新村,206號,,,彰化縣彰化市介壽里7鄰介壽新村206號,204258.22,2662828.8,170727,彰化縣政府
TW,台灣省,彰化縣,彰化市,介壽里,8,介壽新村,207號,,,彰化縣彰化市介壽里8鄰介壽新村207號,204354.32,2662855.47,170727,彰化縣政府
TW,台灣省,彰化縣,彰化市,介壽里,8,介壽新村,208號,,,彰化縣彰化市介壽里8鄰介壽新村208號,204349.02,2662855.25,170727,彰化縣政府
TW,台灣省,彰化縣,彰化市,介壽里,8,介壽新村,209號,,,彰化縣彰化市介壽里8鄰介壽新村209號,204341.83,2662854.62,170727,彰化縣政府
TW,台灣省,彰化縣,彰化市,介壽里,8,介壽新村,210號,,,彰化縣彰化市介壽里8鄰介壽新村210號,204335.48,2662853.35,170727,彰化縣政府
TW,台灣省,彰化縣,彰化市,介壽里,8,介壽新村,211號,,,彰化縣彰化市介壽里8鄰介壽新村211號,204329.55,2662853.14,170727,彰化縣政府
TW,台灣省,彰化縣,彰化市,介壽里,8,介壽新村,212號,,,彰化縣彰化市介壽里8鄰介壽新村212號,204323.2,2662853.14,170727,彰化縣政府
TW,台灣省,彰化縣,彰化市,介壽里,8,介壽新村,213號,,,彰化縣彰化市介壽里8鄰介壽新村213號,204316.85,2662851.87,170727,彰化縣政府
TW,台灣省,彰化縣,彰化市,介壽里,8,介壽新村,214號,,,彰化縣彰化市介壽里8鄰介壽新村214號,204310.5,2662851.23,170727,彰化縣政府
TW,台灣省,彰化縣,彰化市,介壽里,8,介壽新村,215號,,,彰化縣彰化市介壽里8鄰介壽新村215號,204302.25,2662853.14,170727,彰化縣政府
TW,台灣省,彰化縣,彰化市,介壽里,8,介壽新村,216號,,,彰化縣彰化市介壽里8鄰介壽新村216號,204296.11,2662849.75,170727,彰化縣政府
TW,台灣省,彰化縣,彰化市,介壽里,8,介壽新村,217號,,,彰化縣彰化市介壽里8鄰介壽新村217號,204289.76,2662848.69,170727,彰化縣政府
TW,台灣省,彰化縣,彰化市,介壽里,8,介壽新村,218號,,,彰化縣彰化市介壽里8鄰介壽新村218號,204283.93,2662848.16,170727,彰化縣政府
TW,台灣省,彰化縣,彰化市,介壽里,8,介壽新村,219號,,,彰化縣彰化市介壽里8鄰介壽新村219號,204277.27,2662847,170727,彰化縣政府
TW,台灣省,彰化縣,彰化市,介壽里,8,介壽新村,220號,,,彰化縣彰化市介壽里8鄰介壽新村220號,204271.13,2662846.58,170727,彰化縣政府
TW,台灣省,彰化縣,彰化市,介壽里,8,介壽新村,221號,,,彰化縣彰化市介壽里8鄰介壽新村221號,204266.12,2662846.32,170727,彰化縣政府
TW,台灣省,彰化縣,彰化市,介壽里,8,介壽新村,221號,,1,彰化縣彰化市介壽里8鄰介壽新村221號之1,204261.18,2662845.94,170727,彰化縣政府
TW,台灣省,彰化縣,彰化市,介壽里,8,介壽新村,222號,,,彰化縣彰化市介壽里8鄰介壽新村222號,204256.74,2662845.94,170727,彰化縣政府
TW,台灣省,彰化縣,彰化市,介壽里,8,介壽新村,223號,,,彰化縣彰化市介壽里8鄰介壽新村223號,204354.1,2662876,170727,彰化縣政府
TW,台灣省,彰化縣,彰化市,介壽里,8,介壽新村,224號,,,彰化縣彰化市介壽里8鄰介壽新村224號,204348.81,2662875.79,170727,彰化縣政府
TW,台灣省,彰化縣,彰化市,介壽里,8,介壽新村,225號,,,彰化縣彰化市介壽里8鄰介壽新村225號,204342.89,2662874.73,170727,彰化縣政府
TW,台灣省,彰化縣,彰化市,介壽里,8,介壽新村,226號,,,彰化縣彰化市介壽里8鄰介壽新村226號,204334,2662875.57,170727,彰化縣政府
TW,台灣省,彰化縣,彰化市,介壽里,8,介壽新村,227號,,,彰化縣彰化市介壽里8鄰介壽新村227號,204327.86,2662874.94,170727,彰化縣政府
TW,台灣省,彰化縣,彰化市,介壽里,8,介壽新村,228號,,,彰化縣彰化市介壽里8鄰介壽新村228號,204321.72,2662874.52,170727,彰化縣政府
TW,台灣省,彰化縣,彰化市,介壽里,8,介壽新村,229號,,,彰化縣彰化市介壽里8鄰介壽新村229號,204314.95,2662873.25,170727,彰化縣政府
TW,台灣省,彰化縣,彰化市,介壽里,8,介壽新村,230號,,,彰化縣彰化市介壽里8鄰介壽新村230號,204308.6,2662873.88,170727,彰化縣政府
TW,台灣省,彰化縣,彰化市,介壽里,8,介壽新村,231號,,,彰化縣彰化市介壽里8鄰介壽新村231號,204300.77,2662870.07,170727,彰化縣政府
TW,台灣省,彰化縣,彰化市,介壽里,8,介壽新村,232號,,,彰化縣彰化市介壽里8鄰介壽新村232號,204294.2,2662872.61,170727,彰化縣政府
TW,台灣省,彰化縣,彰化市,介壽里,8,介壽新村,233號,,,彰化縣彰化市介壽里8鄰介壽新村233號,204288.7,2662872.19,170727,彰化縣政府
TW,台灣省,彰化縣,彰化市,介壽里,8,介壽新村,234號,,,彰化縣彰化市介壽里8鄰介壽新村234號,204282.42,2662871.83,170727,彰化縣政府
TW,台灣省,彰化縣,彰化市,介壽里,8,介壽新村,235號,,,彰化縣彰化市介壽里8鄰介壽新村235號,204275.15,2662871.98,170727,彰化縣政府
TW,台灣省,彰化縣,彰化市,介壽里,8,介壽新村,236號,,,彰化縣彰化市介壽里8鄰介壽新村236號,204269.02,2662869.65,170727,彰化縣政府
TW,台灣省,彰化縣,彰化市,介壽里,8,介壽新村,237號,,,彰化縣彰化市介壽里8鄰介壽新村237號,204262.67,2662868.8,170727,彰化縣政府
TW,台灣省,彰化縣,彰化市,介壽里,8,介壽新村,238號,,,彰化縣彰化市介壽里8鄰介壽新村238號,204255.89,2662867.95,170727,彰化縣政府
TW,台灣省,彰化縣,彰化市,介壽里,8,介壽新村,臨238之2號,,,彰化縣彰化市介壽里8鄰介壽新村臨238之2號,204259.56,2662893.81,170727,彰化縣政府
TW,台灣省,彰化縣,彰化市,介壽里,8,介壽新村,238號,,1,彰化縣彰化市介壽里8鄰介壽新村238號之1,204253.43,2662884.2,170727,彰化縣政府
TW,台灣省,彰化縣,彰化市,介壽里,9,介壽新村,241號,,,彰化縣彰化市介壽里9鄰介壽新村241號,204238.96,2662767.2,170727,彰化縣政府
TW,台灣省,彰化縣,彰化市,介壽里,9,介壽新村,241號,2,,彰化縣彰化市介壽里9鄰介壽新村241號二樓,204238.96,2662767.2,170727,彰化縣政府
TW,台灣省,彰化縣,彰化市,介壽里,9,介壽新村,244號,,,彰化縣彰化市介壽里9鄰介壽新村244號,204236.4,2662787.15,170727,彰化縣政府
TW,台灣省,彰化縣,彰化市,介壽里,9,介壽新村,245號,,,彰化縣彰化市介壽里9鄰介壽新村245號,204236.42,2662790.7,170727,彰化縣政府
TW,台灣省,彰化縣,彰化市,介壽里,9,介壽新村,246號,,,彰化縣彰化市介壽里9鄰介壽新村246號,204236.63,2662793.87,170727,彰化縣政府
TW,台灣省,彰化縣,彰化市,介壽里,9,介壽新村,247號,,,彰化縣彰化市介壽里9鄰介壽新村247號,204236.14,2662798.19,170727,彰化縣政府
TW,台灣省,彰化縣,彰化市,介壽里,9,介壽新村,248號,,,彰化縣彰化市介壽里9鄰介壽新村248號,204235.61,2662801.87,170727,彰化縣政府
TW,台灣省,彰化縣,彰化市,介壽里,9,介壽新村,249號,,,彰化縣彰化市介壽里9鄰介壽新村249號,204235.35,2662805.56,170727,彰化縣政府
TW,台灣省,彰化縣,彰化市,介壽里,9,介壽新村,250號,,,彰化縣彰化市介壽里9鄰介壽新村250號,204235.09,2662808.98,170727,彰化縣政府
TW,台灣省,彰化縣,彰化市,介壽里,9,介壽新村,251號,,,彰化縣彰化市介壽里9鄰介壽新村251號,204234.82,2662813.18,170727,彰化縣政府
TW,台灣省,彰化縣,彰化市,介壽里,9,介壽新村,252號,,,彰化縣彰化市介壽里9鄰介壽新村252號,204234.3,2662816.6,170727,彰化縣政府
TW,台灣省,彰化縣,彰化市,介壽里,9,介壽新村,253號,,,彰化縣彰化市介壽里9鄰介壽新村253號,204234.3,2662820.55,170727,彰化縣政府
TW,台灣省,彰化縣,彰化市,介壽里,9,介壽新村,254號,,,彰化縣彰化市介壽里9鄰介壽新村254號,204234.09,2662824.14,170727,彰化縣政府
TW,台灣省,彰化縣,彰化市,介壽里,9,介壽新村,255號,,,彰化縣彰化市介壽里9鄰介壽新村255號,204233.67,2662828.8,170727,彰化縣政府
TW,台灣省,彰化縣,彰化市,介壽里,9,介壽新村,256號,,,彰化縣彰化市介壽里9鄰介壽新村256號,204233.67,2662832.18,170727,彰化縣政府
TW,台灣省,彰化縣,彰化市,介壽里,9,介壽新村,257號,,,彰化縣彰化市介壽里9鄰介壽新村257號,204233.25,2662836.59,170727,彰化縣政府
TW,台灣省,彰化縣,彰化市,介壽里,9,介壽新村,258號,,,彰化縣彰化市介壽里9鄰介壽新村258號,204232.82,2662840.23,170727,彰化縣政府
TW,台灣省,彰化縣,彰化市,介壽里,9,介壽新村,259號,,,彰化縣彰化市介壽里9鄰介壽新村259號,204232.82,2662843.82,170727,彰化縣政府
TW,台灣省,彰化縣,彰化市,介壽里,9,介壽新村,260號,,,彰化縣彰化市介壽里9鄰介壽新村260號,204232.4,2662847.21,170727,彰化縣政府
TW,台灣省,彰化縣,彰化市,介壽里,9,介壽新村,261號,,,彰化縣彰化市介壽里9鄰介壽新村261號,204231.97,2662850.6,170727,彰化縣政府
TW,台灣省,彰化縣,彰化市,介壽里,9,介壽新村,262號,,,彰化縣彰化市介壽里9鄰介壽新村262號,204231.67,2662854.73,170727,彰化縣政府
TW,台灣省,彰化縣,彰化市,介壽里,9,介壽新村,263號,,,彰化縣彰化市介壽里9鄰介壽新村263號,204231.41,2662858.15,170727,彰化縣政府
TW,台灣省,彰化縣,彰化市,介壽里,9,介壽新村,264號,,,彰化縣彰化市介壽里9鄰介壽新村264號,204231.13,2662861.6,170727,彰化縣政府
TW,台灣省,彰化縣,彰化市,介壽里,9,介壽新村,265號,,,彰化縣彰化市介壽里9鄰介壽新村265號,204230.92,2662864.99,170727,彰化縣政府
TW,台灣省,彰化縣,彰化市,介壽里,9,介壽新村,266號,,,彰化縣彰化市介壽里9鄰介壽新村266號,204230.49,2662868.38,170727,彰化縣政府
TW,台灣省,彰化縣,彰化市,介壽里,9,介壽新村,267號,,,彰化縣彰化市介壽里9鄰介壽新村267號,204230.28,2662873.46,170727,彰化縣政府
TW,台灣省,彰化縣,彰化市,介壽里,9,介壽新村,268號,,,彰化縣彰化市介壽里9鄰介壽新村268號,204229.65,2662876.84,170727,彰化縣政府
TW,台灣省,彰化縣,彰化市,介壽里,9,介壽新村,269號,,,彰化縣彰化市介壽里9鄰介壽新村269號,204229.01,2662880.87,170727,彰化縣政府
TW,台灣省,彰化縣,彰化市,介壽里,9,介壽新村,270號,,,彰化縣彰化市介壽里9鄰介壽新村270號,204228.8,2662884.68,170727,彰化縣政府
TW,台灣省,彰化縣,彰化市,介壽里,10,介壽新村,272號,,,彰化縣彰化市介壽里10鄰介壽新村272號,204227.53,2662774.4,170727,彰化縣政府
TW,台灣省,彰化縣,彰化市,介壽里,10,介壽新村,273號,,,彰化縣彰化市介壽里10鄰介壽新村273號,204226.68,2662778.42,170727,彰化縣政府
TW,台灣省,彰化縣,彰化市,介壽里,10,介壽新村,274號,,,彰化縣彰化市介壽里10鄰介壽新村274號,204226.68,2662782.23,170727,彰化縣政府
TW,台灣省,彰化縣,彰化市,介壽里,10,介壽新村,275號,,,彰化縣彰化市介壽里10鄰介壽新村275號,204226.05,2662786.46,170727,彰化縣政府
TW,台灣省,彰化縣,彰化市,介壽里,10,介壽新村,276號,,,彰化縣彰化市介壽里10鄰介壽新村276號,204226.26,2662789.85,170727,彰化縣政府
TW,台灣省,彰化縣,彰化市,介壽里,10,介壽新村,277號,,,彰化縣彰化市介壽里10鄰介壽新村277號,204225.62,2662793.24,170727,彰化縣政府
TW,台灣省,彰化縣,彰化市,介壽里,10,介壽新村,278號,,,彰化縣彰化市介壽里10鄰介壽新村278號,204225.84,2662797.26,170727,彰化縣政府
TW,台灣省,彰化縣,彰化市,介壽里,10,介壽新村,279號,,,彰化縣彰化市介壽里10鄰介壽新村279號,204225.2,2662800.86,170727,彰化縣政府
TW,台灣省,彰化縣,彰化市,介壽里,10,介壽新村,280號,,,彰化縣彰化市介壽里10鄰介壽新村280號,204224.78,2662804.45,170727,彰化縣政府
TW,台灣省,彰化縣,彰化市,介壽里,10,介壽新村,281號,,,彰化縣彰化市介壽里10鄰介壽新村281號,204224.14,2662808.27,170727,彰化縣政府
TW,台灣省,彰化縣,彰化市,介壽里,10,介壽新村,282號,,,彰化縣彰化市介壽里10鄰介壽新村282號,204223.93,2662811.86,170727,彰化縣政府
TW,台灣省,彰化縣,彰化市,介壽里,10,介壽新村,283號,,,彰化縣彰化市介壽里10鄰介壽新村283號,204223.93,2662815.46,170727,彰化縣政府
TW,台灣省,彰化縣,彰化市,介壽里,10,介壽新村,284號,,,彰化縣彰化市介壽里10鄰介壽新村284號,204223.51,2662819.27,170727,彰化縣政府
TW,台灣省,彰化縣,彰化市,介壽里,10,介壽新村,285號,,,彰化縣彰化市介壽里10鄰介壽新村285號,204222.66,2662823.29,170727,彰化縣政府
TW,台灣省,彰化縣,彰化市,介壽里,10,介壽新村,286號,,,彰化縣彰化市介壽里10鄰介壽新村286號,204222.66,2662828.16,170727,彰化縣政府
TW,台灣省,彰化縣,彰化市,介壽里,10,介壽新村,287號,,,彰化縣彰化市介壽里10鄰介壽新村287號,204222.45,2662831.13,170727,彰化縣政府
TW,台灣省,彰化縣,彰化市,介壽里,10,介壽新村,288號,,,彰化縣彰化市介壽里10鄰介壽新村288號,204222.24,2662834.94,170727,彰化縣政府
TW,台灣省,彰化縣,彰化市,介壽里,10,介壽新村,289號,,,彰化縣彰化市介壽里10鄰介壽新村289號,204222.24,2662839.17,170727,彰化縣政府
TW,台灣省,彰化縣,彰化市,介壽里,10,介壽新村,290號,,,彰化縣彰化市介壽里10鄰介壽新村290號,204221.81,2662843.4,170727,彰化縣政府
TW,台灣省,彰化縣,彰化市,介壽里,10,介壽新村,291號,,,彰化縣彰化市介壽里10鄰介壽新村291號,204221.6,2662847,170727,彰化縣政府
TW,台灣省,彰化縣,彰化市,介壽里,10,介壽新村,292號,,,彰化縣彰化市介壽里10鄰介壽新村292號,204220.97,2662850.81,170727,彰化縣政府
TW,台灣省,彰化縣,彰化市,介壽里,10,介壽新村,293號,,,彰化縣彰化市介壽里10鄰介壽新村293號,204220.97,2662853.98,170727,彰化縣政府
TW,台灣省,彰化縣,彰化市,介壽里,10,介壽新村,294號,,,彰化縣彰化市介壽里10鄰介壽新村294號,204220.54,2662858.01,170727,彰化縣政府
TW,台灣省,彰化縣,彰化市,介壽里,10,介壽新村,295號,,,彰化縣彰化市介壽里10鄰介壽新村295號,204220.33,2662861.18,170727,彰化縣政府
TW,台灣省,彰化縣,彰化市,介壽里,10,介壽新村,296號,,,彰化縣彰化市介壽里10鄰介壽新村296號,204220.36,2662864.73,170727,彰化縣政府
TW,台灣省,彰化縣,彰化市,介壽里,10,介壽新村,297號,,,彰化縣彰化市介壽里10鄰介壽新村297號,204220.12,2662867.74,170727,彰化縣政府
TW,台灣省,彰化縣,彰化市,介壽里,10,介壽新村,299號,,,彰化縣彰化市介壽里10鄰介壽新村299號,204219.79,2662876.2,170727,彰化縣政府
TW,台灣省,彰化縣,彰化市,介壽里,10,介壽新村,300號,,,彰化縣彰化市介壽里10鄰介壽新村300號,204219.27,2662880.44,170727,彰化縣政府
TW,台灣省,彰化縣,彰化市,介壽里,10,介壽新村,301號,,,彰化縣彰化市介壽里10鄰介壽新村301號,204219.31,2662883.4,170727,彰化縣政府
TW,台灣省,彰化縣,彰化市,介壽里,11,介壽新村,303號,,,彰化縣彰化市介壽里11鄰介壽新村303號,204200.17,2662775.13,170727,彰化縣政府
TW,台灣省,彰化縣,彰化市,介壽里,11,介壽新村,304號,,,彰化縣彰化市介壽里11鄰介壽新村304號,204199.9,2662780.42,170727,彰化縣政府
TW,台灣省,彰化縣,彰化市,介壽里,11,介壽新村,305號,,,彰化縣彰化市介壽里11鄰介壽新村305號,204197.68,2662783.92,170727,彰化縣政府
TW,台灣省,彰化縣,彰化市,介壽里,11,介壽新村,306號,,,彰化縣彰化市介壽里11鄰介壽新村306號,204198.95,2662788.16,170727,彰化縣政府
TW,台灣省,彰化縣,彰化市,介壽里,11,介壽新村,307號,,,彰化縣彰化市介壽里11鄰介壽新村307號,204198.53,2662791.76,170727,彰化縣政府
TW,台灣省,彰化縣,彰化市,介壽里,11,介壽新村,308號,,,彰化縣彰化市介壽里11鄰介壽新村308號,204198.8,2662795.56,170727,彰化縣政府
TW,台灣省,彰化縣,彰化市,介壽里,11,介壽新村,309號,,,彰化縣彰化市介壽里11鄰介壽新村309號,204198.32,2662798.95,170727,彰化縣政府
TW,台灣省,彰化縣,彰化市,介壽里,11,介壽新村,310號,,,彰化縣彰化市介壽里11鄰介壽新村310號,204198.27,2662802.93,170727,彰化縣政府
TW,台灣省,彰化縣,彰化市,介壽里,11,介壽新村,311號,,,彰化縣彰化市介壽里11鄰介壽新村311號,204196.96,2662806.34,170727,彰化縣政府
TW,台灣省,彰化縣,彰化市,介壽里,11,介壽新村,312號,,,彰化縣彰化市介壽里11鄰介壽新村312號,204196.43,2662810.29,170727,彰化縣政府
TW,台灣省,彰化縣,彰化市,介壽里,11,介壽新村,313號,,,彰化縣彰化市介壽里11鄰介壽新村313號,204196.2,2662813.77,170727,彰化縣政府
TW,台灣省,彰化縣,彰化市,介壽里,11,介壽新村,314號,,,彰化縣彰化市介壽里11鄰介壽新村314號,204197.26,2662817.58,170727,彰化縣政府
TW,台灣省,彰化縣,彰化市,介壽里,11,介壽新村,315號,,,彰化縣彰化市介壽里11鄰介壽新村315號,204196.63,2662821.18,170727,彰化縣政府
TW,台灣省,彰化縣,彰化市,介壽里,11,介壽新村,316號,,,彰化縣彰化市介壽里11鄰介壽新村316號,204196.51,2662825.91,170727,彰化縣政府
TW,台灣省,彰化縣,彰化市,介壽里,11,介壽新村,317號,,,彰化縣彰化市介壽里11鄰介壽新村317號,204196.17,2662828.7,170727,彰化縣政府
TW,台灣省,彰化縣,彰化市,介壽里,11,介壽新村,318號,,,彰化縣彰化市介壽里11鄰介壽新村318號,204195.98,2662832.22,170727,彰化縣政府
TW,台灣省,彰化縣,彰化市,介壽里,11,介壽新村,319號,,,彰化縣彰化市介壽里11鄰介壽新村319號,204196.17,2662836.06,170727,彰化縣政府
TW,台灣省,彰化縣,彰化市,介壽里,11,介壽新村,320號,,,彰化縣彰化市介壽里11鄰介壽新村320號,204195.46,2662839.85,170727,彰化縣政府
TW,台灣省,彰化縣,彰化市,介壽里,11,介壽新村,321號,,,彰化縣彰化市介壽里11鄰介壽新村321號,204195.19,2662844.06,170727,彰化縣政府
TW,台灣省,彰化縣,彰化市,介壽里,11,介壽新村,322號,,,彰化縣彰化市介壽里11鄰介壽新村322號,204194.67,2662847.48,170727,彰化縣政府
TW,台灣省,彰化縣,彰化市,介壽里,11,介壽新村,323號,,,彰化縣彰化市介壽里11鄰介壽新村323號,204194.85,2662851.58,170727,彰化縣政府
TW,台灣省,彰化縣,彰化市,介壽里,11,介壽新村,324號,,,彰化縣彰化市介壽里11鄰介壽新村324號,204194.41,2662856.15,170727,彰化縣政府
TW,台灣省,彰化縣,彰化市,介壽里,11,介壽新村,325號,,,彰化縣彰化市介壽里11鄰介壽新村325號,204193.88,2662859.31,170727,彰化縣政府
TW,台灣省,彰化縣,彰化市,介壽里,11,介壽新村,326號,,,彰化縣彰化市介壽里11鄰介壽新村326號,204193.62,2662862.99,170727,彰化縣政府
TW,台灣省,彰化縣,彰化市,介壽里,11,介壽新村,327號,,,彰化縣彰化市介壽里11鄰介壽新村327號,204193.35,2662866.93,170727,彰化縣政府
TW,台灣省,彰化縣,彰化市,介壽里,11,介壽新村,328號,,,彰化縣彰化市介壽里11鄰介壽新村328號,204193.09,2662870.88,170727,彰化縣政府
TW,台灣省,彰化縣,彰化市,介壽里,11,介壽新村,329號,,,彰化縣彰化市介壽里11鄰介壽新村329號,204192.75,2662875.51,170727,彰化縣政府
TW,台灣省,彰化縣,彰化市,介壽里,11,介壽新村,330號,,,彰化縣彰化市介壽里11鄰介壽新村330號,204192.83,2662879.03,170727,彰化縣政府
TW,台灣省,彰化縣,彰化市,介壽里,12,介壽新村,332號,,,彰化縣彰化市介壽里12鄰介壽新村332號,204188.62,2662779.1,170727,彰化縣政府
TW,台灣省,彰化縣,彰化市,介壽里,12,介壽新村,333號,,,彰化縣彰化市介壽里12鄰介壽新村333號,204188.8,2662783.2,170727,彰化縣政府
TW,台灣省,彰化縣,彰化市,介壽里,12,介壽新村,334號,,,彰化縣彰化市介壽里12鄰介壽新村334號,204188.01,2662787.41,170727,彰化縣政府
TW,台灣省,彰化縣,彰化市,介壽里,12,介壽新村,335號,,,彰化縣彰化市介壽里12鄰介壽新村335號,204187.49,2662790.83,170727,彰化縣政府
TW,台灣省,彰化縣,彰化市,介壽里,12,介壽新村,336號,,,彰化縣彰化市介壽里12鄰介壽新村336號,204187.31,2662794.09,170727,彰化縣政府
TW,台灣省,彰化縣,彰化市,介壽里,12,介壽新村,337號,,,彰化縣彰化市介壽里12鄰介壽新村337號,204186.25,2662798.83,170727,彰化縣政府
TW,台灣省,彰化縣,彰化市,介壽里,12,介壽新村,338號,,,彰化縣彰化市介壽里12鄰介壽新村338號,204185.99,2662801.98,170727,彰化縣政府
TW,台灣省,彰化縣,彰化市,介壽里,12,介壽新村,339號,,,彰化縣彰化市介壽里12鄰介壽新村339號,204186.17,2662806.87,170727,彰化縣政府
TW,台灣省,彰化縣,彰化市,介壽里,12,介壽新村,340號,,,彰化縣彰化市介壽里12鄰介壽新村340號,204185.73,2662810.66,170727,彰化縣政府
TW,台灣省,彰化縣,彰化市,介壽里,12,介壽新村,341號,,,彰化縣彰化市介壽里12鄰介壽新村341號,204185.46,2662814.34,170727,彰化縣政府
TW,台灣省,彰化縣,彰化市,介壽里,12,介壽新村,342號,,,彰化縣彰化市介壽里12鄰介壽新村342號,204185.46,2662818.02,170727,彰化縣政府
TW,台灣省,彰化縣,彰化市,介壽里,12,介壽新村,343號,,,彰化縣彰化市介壽里12鄰介壽新村343號,204185.46,2662821.18,170727,彰化縣政府
TW,台灣省,彰化縣,彰化市,介壽里,12,介壽新村,344號,,,彰化縣彰化市介壽里12鄰介壽新村344號,204185.38,2662825.81,170727,彰化縣政府
TW,台灣省,彰化縣,彰化市,介壽里,12,介壽新村,345號,,,彰化縣彰化市介壽里12鄰介壽新村345號,204184.94,2662829.33,170727,彰化縣政府
TW,台灣省,彰化縣,彰化市,介壽里,12,介壽新村,346號,,,彰化縣彰化市介壽里12鄰介壽新村346號,204184.68,2662833.27,170727,彰化縣政府
TW,台灣省,彰化縣,彰化市,介壽里,12,介壽新村,347號,,,彰化縣彰化市介壽里12鄰介壽新村347號,204184.41,2662836.43,170727,彰化縣政府
TW,台灣省,彰化縣,彰化市,介壽里,12,介壽新村,348號,,,彰化縣彰化市介壽里12鄰介壽新村348號,204182.31,2662840.37,170727,彰化縣政府
TW,台灣省,彰化縣,彰化市,介壽里,12,介壽新村,349號,,,彰化縣彰化市介壽里12鄰介壽新村349號,204182.31,2662843.79,170727,彰化縣政府
TW,台灣省,彰化縣,彰化市,介壽里,12,介壽新村,350號,,,彰化縣彰化市介壽里12鄰介壽新村350號,204182.57,2662846.95,170727,彰化縣政府
TW,台灣省,彰化縣,彰化市,介壽里,12,介壽新村,351號,,,彰化縣彰化市介壽里12鄰介壽新村351號,204182.31,2662850.89,170727,彰化縣政府
TW,台灣省,彰化縣,彰化市,介壽里,12,介壽新村,352號,,,彰化縣彰化市介壽里12鄰介壽新村352號,204182.05,2662855.1,170727,彰化縣政府
TW,台灣省,彰化縣,彰化市,介壽里,12,介壽新村,353號,,,彰化縣彰化市介壽里12鄰介壽新村353號,204182.05,2662858.78,170727,彰化縣政府
TW,台灣省,彰化縣,彰化市,介壽里,12,介壽新村,354號,,,彰化縣彰化市介壽里12鄰介壽新村354號,204182.05,2662861.68,170727,彰化縣政府
TW,台灣省,彰化縣,彰化市,介壽里,12,介壽新村,355號,,,彰化縣彰化市介壽里12鄰介壽新村355號,204181.52,2662865.09,170727,彰化縣政府
TW,台灣省,彰化縣,彰化市,介壽里,12,介壽新村,356號,,,彰化縣彰化市介壽里12鄰介壽新村356號,204171.26,2662871.93,170727,彰化縣政府
TW,台灣省,彰化縣,彰化市,介壽里,12,介壽新村,357號,,,彰化縣彰化市介壽里12鄰介壽新村357號,204179.42,2662872.98,170727,彰化縣政府
TW,台灣省,彰化縣,彰化市,介壽里,12,介壽新村,358號,,,彰化縣彰化市介壽里12鄰介壽新村358號,204163.9,2662870.35,170727,彰化縣政府
TW,台灣省,彰化縣,彰化市,介壽里,12,介壽新村,359號,,,彰化縣彰化市介壽里12鄰介壽新村359號,204158.38,2662866.41,170727,彰化縣政府
TW,台灣省,彰化縣,彰化市,介壽里,12,介壽新村,360號,,,彰化縣彰化市介壽里12鄰介壽新村360號,204153.12,2662866.15,170727,彰化縣政府
TW,台灣省,彰化縣,彰化市,介壽里,13,介壽新村,361號,,,彰化縣彰化市介壽里13鄰介壽新村361號,204153.64,2662857.47,170727,彰化縣政府
TW,台灣省,彰化縣,彰化市,介壽里,13,介壽新村,362號,,,彰化縣彰化市介壽里13鄰介壽新村362號,204153.83,2662853.42,170727,彰化縣政府
TW,台灣省,彰化縣,彰化市,介壽里,13,介壽新村,363號,,,彰化縣彰化市介壽里13鄰介壽新村363號,204154.96,2662848.79,170727,彰化縣政府
TW,台灣省,彰化縣,彰化市,介壽里,13,介壽新村,364號,,,彰化縣彰化市介壽里13鄰介壽新村364號,204154.43,2662845.9,170727,彰化縣政府
TW,台灣省,彰化縣,彰化市,介壽里,13,介壽新村,365號,,,彰化縣彰化市介壽里13鄰介壽新村365號,204155.22,2662841.16,170727,彰化縣政府
TW,台灣省,彰化縣,彰化市,介壽里,13,介壽新村,366號,,,彰化縣彰化市介壽里13鄰介壽新村366號,204155.22,2662836.96,170727,彰化縣政府
TW,台灣省,彰化縣,彰化市,介壽里,13,介壽新村,367號,,,彰化縣彰化市介壽里13鄰介壽新村367號,204155.49,2662833.27,170727,彰化縣政府
TW,台灣省,彰化縣,彰化市,介壽里,13,介壽新村,368號,,,彰化縣彰化市介壽里13鄰介壽新村368號,204155.93,2662829.22,170727,彰化縣政府
TW,台灣省,彰化縣,彰化市,介壽里,13,介壽新村,369號,,,彰化縣彰化市介壽里13鄰介壽新村369號,204156.72,2662823.18,170727,彰化縣政府
TW,台灣省,彰化縣,彰化市,介壽里,13,介壽新村,370號,,,彰化縣彰化市介壽里13鄰介壽新村370號,204157.06,2662818.81,170727,彰化縣政府
TW,台灣省,彰化縣,彰化市,介壽里,13,介壽新村,371號,,,彰化縣彰化市介壽里13鄰介壽新村371號,204157.06,2662814.87,170727,彰化縣政府
TW,台灣省,彰化縣,彰化市,介壽里,13,介壽新村,372號,,,彰化縣彰化市介壽里13鄰介壽新村372號,204157.06,2662810.92,170727,彰化縣政府
TW,台灣省,彰化縣,彰化市,介壽里,13,介壽新村,373號,,,彰化縣彰化市介壽里13鄰介壽新村373號,204157.25,2662807.13,170727,彰化縣政府
TW,台灣省,彰化縣,彰化市,介壽里,13,介壽新村,374號,,,彰化縣彰化市介壽里13鄰介壽新村374號,204158.38,2662803.3,170727,彰化縣政府
TW,台灣省,彰化縣,彰化市,介壽里,13,介壽新村,375號,,,彰化縣彰化市介壽里13鄰介壽新村375號,204158.9,2662799.35,170727,彰化縣政府
TW,台灣省,彰化縣,彰化市,介壽里,13,介壽新村,376號,,,彰化縣彰化市介壽里13鄰介壽新村376號,204158.38,2662795.67,170727,彰化縣政府
TW,台灣省,彰化縣,彰化市,介壽里,13,介壽新村,377號,,,彰化縣彰化市介壽里13鄰介壽新村377號,204158.38,2662791.73,170727,彰化縣政府
TW,台灣省,彰化縣,彰化市,介壽里,13,介壽新村,378號,,,彰化縣彰化市介壽里13鄰介壽新村378號,204159.17,2662787.52,170727,彰化縣政府
TW,台灣省,彰化縣,彰化市,介壽里,14,介壽新村,379號,,,彰化縣彰化市介壽里14鄰介壽新村379號,204147.86,2662786.99,170727,彰化縣政府
TW,台灣省,彰化縣,彰化市,介壽里,14,介壽新村,380號,,,彰化縣彰化市介壽里14鄰介壽新村380號,204147.84,2662791.08,170727,彰化縣政府
TW,台灣省,彰化縣,彰化市,介壽里,14,介壽新村,381號,,,彰化縣彰化市介壽里14鄰介壽新村381號,204147.84,2662795.03,170727,彰化縣政府
TW,台灣省,彰化縣,彰化市,介壽里,14,介壽新村,382號,,,彰化縣彰化市介壽里14鄰介壽新村382號,204147.57,2662798.97,170727,彰化縣政府
TW,台灣省,彰化縣,彰化市,介壽里,14,介壽新村,383號,,,彰化縣彰化市介壽里14鄰介壽新村383號,204147.05,2662802.66,170727,彰化縣政府
TW,台灣省,彰化縣,彰化市,介壽里,14,介壽新村,384號,,,彰化縣彰化市介壽里14鄰介壽新村384號,204147.52,2662806.34,170727,彰化縣政府
TW,台灣省,彰化縣,彰化市,介壽里,14,介壽新村,385號,,,彰化縣彰化市介壽里14鄰介壽新村385號,204147.05,2662810.54,170727,彰化縣政府
TW,台灣省,彰化縣,彰化市,介壽里,14,介壽新村,386號,,,彰化縣彰化市介壽里14鄰介壽新村386號,204146.78,2662813.96,170727,彰化縣政府
TW,台灣省,彰化縣,彰化市,介壽里,14,介壽新村,387號,,,彰化縣彰化市介壽里14鄰介壽新村387號,204146.26,2662817.91,170727,彰化縣政府
TW,台灣省,彰化縣,彰化市,介壽里,14,介壽新村,388號,,,彰化縣彰化市介壽里14鄰介壽新村388號,204145.73,2662821.85,170727,彰化縣政府
TW,台灣省,彰化縣,彰化市,介壽里,14,介壽新村,389號,,,彰化縣彰化市介壽里14鄰介壽新村389號,204144.94,2662828.43,170727,彰化縣政府
TW,台灣省,彰化縣,彰化市,介壽里,14,介壽新村,390號,,,彰化縣彰化市介壽里14鄰介壽新村390號,204144.36,2662832.12,170727,彰化縣政府
TW,台灣省,彰化縣,彰化市,介壽里,14,介壽新村,391號,,,彰化縣彰化市介壽里14鄰介壽新村391號,204143.63,2662836.58,170727,彰化縣政府
TW,台灣省,彰化縣,彰化市,介壽里,14,介壽新村,392號,,,彰化縣彰化市介壽里14鄰介壽新村392號,204143.1,2662840.26,170727,彰化縣政府
TW,台灣省,彰化縣,彰化市,介壽里,14,介壽新村,393號,,,彰化縣彰化市介壽里14鄰介壽新村393號,204143.1,2662844.2,170727,彰化縣政府
TW,台灣省,彰化縣,彰化市,介壽里,14,介壽新村,394號,,,彰化縣彰化市介壽里14鄰介壽新村394號,204142.84,2662847.89,170727,彰化縣政府
TW,台灣省,彰化縣,彰化市,介壽里,14,介壽新村,395號,,,彰化縣彰化市介壽里14鄰介壽新村395號,204144.15,2662857.62,170727,彰化縣政府
TW,台灣省,彰化縣,彰化市,介壽里,14,介壽新村,396號,,,彰化縣彰化市介壽里14鄰介壽新村396號,204141.79,2662865.24,170727,彰化縣政府
TW,台灣省,彰化縣,彰化市,介壽里,14,介壽新村,397號,,,彰化縣彰化市介壽里14鄰介壽新村397號,204137.05,2662863.14,170727,彰化縣政府
TW,台灣省,彰化縣,彰化市,介壽里,14,介壽新村,398號,,,彰化縣彰化市介壽里14鄰介壽新村398號,204133.17,2662862.22,170727,彰化縣政府
TW,台灣省,彰化縣,彰化市,介壽里,14,介壽新村,399號,,,彰化縣彰化市介壽里14鄰介壽新村399號,204129.49,2662860.64,170727,彰化縣政府
TW,台灣省,彰化縣,彰化市,介壽里,14,介壽新村,400號,,,彰化縣彰化市介壽里14鄰介壽新村400號,204125.81,2662858.8,170727,彰化縣政府
TW,台灣省,彰化縣,彰化市,介壽里,17,太極新村,1號,,,彰化縣彰化市介壽里17鄰太極新村1號,204271.49,2662715.63,170727,彰化縣政府
TW,台灣省,彰化縣,彰化市,介壽里,17,太極新村,1號,2,,彰化縣彰化市介壽里17鄰太極新村1號二樓,204271.49,2662715.63,170727,彰化縣政府
TW,台灣省,彰化縣,彰化市,介壽里,17,太極新村,1號,3,,彰化縣彰化市介壽里17鄰太極新村1號三樓,204271.49,2662715.63,170727,彰化縣政府
TW,台灣省,彰化縣,彰化市,介壽里,17,太極新村,1號,4,,彰化縣彰化市介壽里17鄰太極新村1號四樓,204271.49,2662715.63,170727,彰化縣政府
TW,台灣省,彰化縣,彰化市,介壽里,17,太極新村,1號,5,,彰化縣彰化市介壽里17鄰太極新村1號五樓,204271.49,2662715.63,170727,彰化縣政府
TW,台灣省,彰化縣,彰化市,介壽里,17,太極新村,1號,6,,彰化縣彰化市介壽里17鄰太極新村1號六樓,204271.49,2662715.63,170727,彰化縣政府
TW,台灣省,彰化縣,彰化市,介壽里,17,太極新村,1號,7,,彰化縣彰化市介壽里17鄰太極新村1號七樓,204271.49,2662715.63,170727,彰化縣政府
TW,台灣省,彰化縣,彰化市,介壽里,17,太極新村,2號,2,,彰化縣彰化市介壽里17鄰太極新村2號二樓,204271.36,2662725,170727,彰化縣政府
TW,台灣省,彰化縣,彰化市,介壽里,17,太極新村,2號,3,,彰化縣彰化市介壽里17鄰太極新村2號三樓,204271.36,2662725,170727,彰化縣政府
TW,台灣省,彰化縣,彰化市,介壽里,17,太極新村,2號,4,,彰化縣彰化市介壽里17鄰太極新村2號四樓,204271.36,2662725,170727,彰化縣政府
TW,台灣省,彰化縣,彰化市,介壽里,17,太極新村,2號,5,,彰化縣彰化市介壽里17鄰太極新村2號五樓,204271.36,2662725,170727,彰化縣政府
TW,台灣省,彰化縣,彰化市,介壽里,17,太極新村,2號,6,,彰化縣彰化市介壽里17鄰太極新村2號六樓,204271.36,2662725,170727,彰化縣政府
TW,台灣省,彰化縣,彰化市,介壽里,17,太極新村,2號,7,,彰化縣彰化市介壽里17鄰太極新村2號七樓,204271.36,2662725,170727,彰化縣政府
TW,台灣省,彰化縣,彰化市,介壽里,17,太極新村,3號,,,彰化縣彰化市介壽里17鄰太極新村3號,204281.46,2662726.31,170727,彰化縣政府
TW,台灣省,彰化縣,彰化市,介壽里,17,太極新村,3號,2,,彰化縣彰化市介壽里17鄰太極新村3號二樓,204281.46,2662726.31,170727,彰化縣政府
TW,台灣省,彰化縣,彰化市,介壽里,17,太極新村,3號,3,,彰化縣彰化市介壽里17鄰太極新村3號三樓,204281.46,2662726.31,170727,彰化縣政府
TW,台灣省,彰化縣,彰化市,介壽里,17,太極新村,3號,4,,彰化縣彰化市介壽里17鄰太極新村3號四樓,204281.46,2662726.31,170727,彰化縣政府
TW,台灣省,彰化縣,彰化市,介壽里,17,太極新村,3號,5,,彰化縣彰化市介壽里17鄰太極新村3號五樓,204281.46,2662726.31,170727,彰化縣政府
TW,台灣省,彰化縣,彰化市,介壽里,17,太極新村,3號,6,,彰化縣彰化市介壽里17鄰太極新村3號六樓,204281.46,2662726.31,170727,彰化縣政府
TW,台灣省,彰化縣,彰化市,介壽里,17,太極新村,3號,7,,彰化縣彰化市介壽里17鄰太極新村3號七樓,204281.46,2662726.31,170727,彰化縣政府
TW,台灣省,彰化縣,彰化市,介壽里,17,太極新村,5號,,,彰化縣彰化市介壽里17鄰太極新村5號,204282.24,2662716.62,170727,彰化縣政府
TW,台灣省,彰化縣,彰化市,介壽里,17,太極新村,5號,2,,彰化縣彰化市介壽里17鄰太極新村5號二樓,204282.24,2662716.62,170727,彰化縣政府
TW,台灣省,彰化縣,彰化市,介壽里,17,太極新村,5號,3,,彰化縣彰化市介壽里17鄰太極新村5號三樓,204282.24,2662716.62,170727,彰化縣政府
TW,台灣省,彰化縣,彰化市,介壽里,17,太極新村,5號,4,,彰化縣彰化市介壽里17鄰太極新村5號四樓,204282.24,2662716.62,170727,彰化縣政府
TW,台灣省,彰化縣,彰化市,介壽里,17,太極新村,5號,5,,彰化縣彰化市介壽里17鄰太極新村5號五樓,204282.24,2662716.62,170727,彰化縣政府
TW,台灣省,彰化縣,彰化市,介壽里,17,太極新村,5號,6,,彰化縣彰化市介壽里17鄰太極新村5號六樓,204282.24,2662716.62,170727,彰化縣政府
TW,台灣省,彰化縣,彰化市,介壽里,17,太極新村,5號,7,,彰化縣彰化市介壽里17鄰太極新村5號七樓,204282.24,2662716.62,170727,彰化縣政府
TW,台灣省,彰化縣,彰化市,介壽里,17,太極新村,6號,2,,彰化縣彰化市介壽里17鄰太極新村6號二樓,204293.05,2662727.65,170727,彰化縣政府
TW,台灣省,彰化縣,彰化市,介壽里,17,太極新村,6號,3,,彰化縣彰化市介壽里17鄰太極新村6號三樓,204293.05,2662727.65,170727,彰化縣政府
TW,台灣省,彰化縣,彰化市,介壽里,17,太極新村,6號,4,,彰化縣彰化市介壽里17鄰太極新村6號四樓,204293.05,2662727.65,170727,彰化縣政府
TW,台灣省,彰化縣,彰化市,介壽里,17,太極新村,6號,5,,彰化縣彰化市介壽里17鄰太極新村6號五樓,204293.05,2662727.65,170727,彰化縣政府
TW,台灣省,彰化縣,彰化市,介壽里,17,太極新村,6號,6,,彰化縣彰化市介壽里17鄰太極新村6號六樓,204293.05,2662727.65,170727,彰化縣政府
TW,台灣省,彰化縣,彰化市,介壽里,17,太極新村,6號,7,,彰化縣彰化市介壽里17鄰太極新村6號七樓,204293.05,2662727.65,170727,彰化縣政府
TW,台灣省,彰化縣,彰化市,介壽里,17,太極新村,7號,,,彰化縣彰化市介壽里17鄰太極新村7號,204292.27,2662738.03,170727,彰化縣政府
TW,台灣省,彰化縣,彰化市,介壽里,17,太極新村,7號,2,,彰化縣彰化市介壽里17鄰太極新村7號二樓,204292.27,2662738.03,170727,彰化縣政府
TW,台灣省,彰化縣,彰化市,介壽里,17,太極新村,7號,3,,彰化縣彰化市介壽里17鄰太極新村7號三樓,204292.27,2662738.03,170727,彰化縣政府
TW,台灣省,彰化縣,彰化市,介壽里,17,太極新村,7號,4,,彰化縣彰化市介壽里17鄰太極新村7號四樓,204292.27,2662738.03,170727,彰化縣政府
TW,台灣省,彰化縣,彰化市,介壽里,17,太極新村,7號,5,,彰化縣彰化市介壽里17鄰太極新村7號五樓,204292.27,2662738.03,170727,彰化縣政府
TW,台灣省,彰化縣,彰化市,介壽里,17,太極新村,7號,6,,彰化縣彰化市介壽里17鄰太極新村7號六樓,204292.27,2662738.03,170727,彰化縣政府
TW,台灣省,彰化縣,彰化市,介壽里,17,太極新村,7號,7,,彰化縣彰化市介壽里17鄰太極新村7號七樓,204292.27,2662738.03,170727,彰化縣政府
TW,台灣省,彰化縣,彰化市,介壽里,17,太極新村,8號,2,,彰化縣彰化市介壽里17鄰太極新村8號二樓,204309.19,2662739.03,170727,彰化縣政府
TW,台灣省,彰化縣,彰化市,介壽里,17,太極新村,8號,3,,彰化縣彰化市介壽里17鄰太極新村8號三樓,204309.19,2662739.03,170727,彰化縣政府
TW,台灣省,彰化縣,彰化市,介壽里,17,太極新村,8號,4,,彰化縣彰化市介壽里17鄰太極新村8號四樓,204309.19,2662739.03,170727,彰化縣政府
TW,台灣省,彰化縣,彰化市,介壽里,17,太極新村,8號,5,,彰化縣彰化市介壽里17鄰太極新村8號五樓,204309.19,2662739.03,170727,彰化縣政府
TW,台灣省,彰化縣,彰化市,介壽里,17,太極新村,8號,6,,彰化縣彰化市介壽里17鄰太極新村8號六樓,204309.19,2662739.03,170727,彰化縣政府
TW,台灣省,彰化縣,彰化市,介壽里,17,太極新村,8號,7,,彰化縣彰化市介壽里17鄰太極新村8號七樓,204309.19,2662739.03,170727,彰化縣政府
TW,台灣省,彰化縣,彰化市,介壽里,17,太極新村,9號,2,,彰化縣彰化市介壽里17鄰太極新村9號二樓,204309.46,2662728.97,170727,彰化縣政府
TW,台灣省,彰化縣,彰化市,介壽里,17,太極新村,9號,3,,彰化縣彰化市介壽里17鄰太極新村9號三樓,204309.46,2662728.97,170727,彰化縣政府
TW,台灣省,彰化縣,彰化市,介壽里,17,太極新村,9號,4,,彰化縣彰化市介壽里17鄰太極新村9號四樓,204309.46,2662728.97,170727,彰化縣政府
TW,台灣省,彰化縣,彰化市,介壽里,17,太極新村,9號,5,,彰化縣彰化市介壽里17鄰太極新村9號五樓,204309.46,2662728.97,170727,彰化縣政府
TW,台灣省,彰化縣,彰化市,介壽里,17,太極新村,9號,6,,彰化縣彰化市介壽里17鄰太極新村9號六樓,204309.46,2662728.97,170727,彰化縣政府
TW,台灣省,彰化縣,彰化市,介壽里,17,太極新村,9號,7,,彰化縣彰化市介壽里17鄰太極新村9號七樓,204309.46,2662728.97,170727,彰化縣政府
TW,台灣省,彰化縣,彰化市,介壽里,17,太極新村,10號,2,,彰化縣彰化市介壽里17鄰太極新村10號二樓,204326.92,2662729.77,170727,彰化縣政府
TW,台灣省,彰化縣,彰化市,介壽里,17,太極新村,10號,3,,彰化縣彰化市介壽里17鄰太極新村10號三樓,204326.92,2662729.77,170727,彰化縣政府
TW,台灣省,彰化縣,彰化市,介壽里,17,太極新村,10號,4,,彰化縣彰化市介壽里17鄰太極新村10號四樓,204326.92,2662729.77,170727,彰化縣政府
TW,台灣省,彰化縣,彰化市,介壽里,17,太極新村,10號,5,,彰化縣彰化市介壽里17鄰太極新村10號五樓,204326.92,2662729.77,170727,彰化縣政府
TW,台灣省,彰化縣,彰化市,介壽里,17,太極新村,10號,6,,彰化縣彰化市介壽里17鄰太極新村10號六樓,204326.92,2662729.77,170727,彰化縣政府
TW,台灣省,彰化縣,彰化市,介壽里,17,太極新村,10號,7,,彰化縣彰化市介壽里17鄰太極新村10號七樓,204326.92,2662729.77,170727,彰化縣政府
TW,台灣省,彰化縣,彰化市,介壽里,17,太極新村,11號,2,,彰化縣彰化市介壽里17鄰太極新村11號二樓,204326.65,2662739.82,170727,彰化縣政府
TW,台灣省,彰化縣,彰化市,介壽里,17,太極新村,11號,3,,彰化縣彰化市介壽里17鄰太極新村11號三樓,204326.65,2662739.82,170727,彰化縣政府
TW,台灣省,彰化縣,彰化市,介壽里,17,太極新村,11號,4,,彰化縣彰化市介壽里17鄰太極新村11號四樓,204326.65,2662739.82,170727,彰化縣政府
TW,台灣省,彰化縣,彰化市,介壽里,17,太極新村,11號,5,,彰化縣彰化市介壽里17鄰太極新村11號五樓,204326.65,2662739.82,170727,彰化縣政府
TW,台灣省,彰化縣,彰化市,介壽里,17,太極新村,11號,6,,彰化縣彰化市介壽里17鄰太極新村11號六樓,204326.65,2662739.82,170727,彰化縣政府
TW,台灣省,彰化縣,彰化市,介壽里,17,太極新村,11號,7,,彰化縣彰化市介壽里17鄰太極新村11號七樓,204326.65,2662739.82,170727,彰化縣政府
TW,台灣省,彰化縣,彰化市,介壽里,17,太極新村,12號,,,彰化縣彰化市介壽里17鄰太極新村12號,204341.47,2662743.95,170727,彰化縣政府
TW,台灣省,彰化縣,彰化市,介壽里,17,太極新村,12號,2,,彰化縣彰化市介壽里17鄰太極新村12號二樓,204341.47,2662743.95,170727,彰化縣政府
TW,台灣省,彰化縣,彰化市,介壽里,17,太極新村,12號,3,,彰化縣彰化市介壽里17鄰太極新村12號三樓,204341.47,2662743.95,170727,彰化縣政府
TW,台灣省,彰化縣,彰化市,介壽里,17,太極新村,12號,4,,彰化縣彰化市介壽里17鄰太極新村12號四樓,204341.47,2662743.95,170727,彰化縣政府
TW,台灣省,彰化縣,彰化市,介壽里,17,太極新村,12號,5,,彰化縣彰化市介壽里17鄰太極新村12號五樓,204341.47,2662743.95,170727,彰化縣政府
TW,台灣省,彰化縣,彰化市,介壽里,17,太極新村,12號,6,,彰化縣彰化市介壽里17鄰太極新村12號六樓,204341.47,2662743.95,170727,彰化縣政府
TW,台灣省,彰化縣,彰化市,介壽里,17,太極新村,12號,7,,彰化縣彰化市介壽里17鄰太極新村12號七樓,204341.47,2662743.95,170727,彰化縣政府
TW,台灣省,彰化縣,彰化市,介壽里,17,太極新村,13號,2,,彰化縣彰化市介壽里17鄰太極新村13號二樓,204342.53,2662734.53,170727,彰化縣政府
TW,台灣省,彰化縣,彰化市,介壽里,17,太極新村,13號,3,,彰化縣彰化市介壽里17鄰太極新村13號三樓,204342.53,2662734.53,170727,彰化縣政府
TW,台灣省,彰化縣,彰化市,介壽里,17,太極新村,13號,4,,彰化縣彰化市介壽里17鄰太極新村13號四樓,204342.53,2662734.53,170727,彰化縣政府
TW,台灣省,彰化縣,彰化市,介壽里,17,太極新村,13號,5,,彰化縣彰化市介壽里17鄰太極新村13號五樓,204342.53,2662734.53,170727,彰化縣政府
TW,台灣省,彰化縣,彰化市,介壽里,17,太極新村,13號,6,,彰化縣彰化市介壽里17鄰太極新村13號六樓,204342.53,2662734.53,170727,彰化縣政府
TW,台灣省,彰化縣,彰化市,介壽里,17,太極新村,13號,7,,彰化縣彰化市介壽里17鄰太極新村13號七樓,204342.53,2662734.53,170727,彰化縣政府
TW,台灣省,彰化縣,彰化市,介壽里,17,太極新村,15號,,,彰化縣彰化市介壽里17鄰太極新村15號,204361.06,2662729.6,170727,彰化縣政府
TW,台灣省,彰化縣,彰化市,介壽里,17,太極新村,15號,2,,彰化縣彰化市介壽里17鄰太極新村15號二樓,204361.06,2662729.6,170727,彰化縣政府
TW,台灣省,彰化縣,彰化市,介壽里,17,太極新村,15號,3,,彰化縣彰化市介壽里17鄰太極新村15號三樓,204361.06,2662729.6,170727,彰化縣政府
TW,台灣省,彰化縣,彰化市,介壽里,17,太極新村,15號,4,,彰化縣彰化市介壽里17鄰太極新村15號四樓,204361.06,2662729.6,170727,彰化縣政府
TW,台灣省,彰化縣,彰化市,介壽里,17,太極新村,15號,5,,彰化縣彰化市介壽里17鄰太極新村15號五樓,204361.06,2662729.6,170727,彰化縣政府
TW,台灣省,彰化縣,彰化市,介壽里,17,太極新村,15號,6,,彰化縣彰化市介壽里17鄰太極新村15號六樓,204361.06,2662729.6,170727,彰化縣政府
TW,台灣省,彰化縣,彰化市,介壽里,17,太極新村,15號,7,,彰化縣彰化市介壽里17鄰太極新村15號七樓,204361.06,2662729.6,170727,彰化縣政府
TW,台灣省,彰化縣,彰化市,介壽里,17,太極新村,16號,,,彰化縣彰化市介壽里17鄰太極新村16號,204358.79,2662736.89,170727,彰化縣政府
TW,台灣省,彰化縣,彰化市,介壽里,17,太極新村,16號,2,,彰化縣彰化市介壽里17鄰太極新村16號二樓,204358.79,2662736.89,170727,彰化縣政府
TW,台灣省,彰化縣,彰化市,介壽里,17,太極新村,16號,3,,彰化縣彰化市介壽里17鄰太極新村16號三樓,204358.79,2662736.89,170727,彰化縣政府
TW,台灣省,彰化縣,彰化市,介壽里,17,太極新村,16號,4,,彰化縣彰化市介壽里17鄰太極新村16號四樓,204358.79,2662736.89,170727,彰化縣政府
TW,台灣省,彰化縣,彰化市,介壽里,17,太極新村,16號,5,,彰化縣彰化市介壽里17鄰太極新村16號五樓,204358.79,2662736.89,170727,彰化縣政府
TW,台灣省,彰化縣,彰化市,介壽里,17,太極新村,16號,6,,彰化縣彰化市介壽里17鄰太極新村16號六樓,204358.79,2662736.89,170727,彰化縣政府
TW,台灣省,彰化縣,彰化市,介壽里,17,太極新村,16號,7,,彰化縣彰化市介壽里17鄰太極新村16號七樓,204358.79,2662736.89,170727,彰化縣政府
TW,台灣省,彰化縣,彰化市,介壽里,17,太極新村,17號,2,,彰化縣彰化市介壽里17鄰太極新村17號二樓,204378.78,2662742.47,170727,彰化縣政府
TW,台灣省,彰化縣,彰化市,介壽里,17,太極新村,17號,3,,彰化縣彰化市介壽里17鄰太極新村17號三樓,204378.78,2662742.47,170727,彰化縣政府
TW,台灣省,彰化縣,彰化市,介壽里,17,太極新村,17號,4,,彰化縣彰化市介壽里17鄰太極新村17號四樓,204378.78,2662742.47,170727,彰化縣政府
TW,台灣省,彰化縣,彰化市,介壽里,17,太極新村,17號,5,,彰化縣彰化市介壽里17鄰太極新村17號五樓,204378.78,2662742.47,170727,彰化縣政府
TW,台灣省,彰化縣,彰化市,介壽里,17,太極新村,17號,6,,彰化縣彰化市介壽里17鄰太極新村17號六樓,204378.78,2662742.47,170727,彰化縣政府
TW,台灣省,彰化縣,彰化市,介壽里,17,太極新村,17號,7,,彰化縣彰化市介壽里17鄰太極新村17號七樓,204378.78,2662742.47,170727,彰化縣政府
TW,台灣省,彰化縣,彰化市,介壽里,17,太極新村,18號,,,彰化縣彰化市介壽里17鄰太極新村18號,204378.99,2662731.3,170727,彰化縣政府
TW,台灣省,彰化縣,彰化市,介壽里,17,太極新村,18號,2,,彰化縣彰化市介壽里17鄰太極新村18號二樓,204378.99,2662731.3,170727,彰化縣政府
TW,台灣省,彰化縣,彰化市,介壽里,17,太極新村,18號,3,,彰化縣彰化市介壽里17鄰太極新村18號三樓,204378.99,2662731.3,170727,彰化縣政府
TW,台灣省,彰化縣,彰化市,介壽里,17,太極新村,18號,4,,彰化縣彰化市介壽里17鄰太極新村18號四樓,204378.99,2662731.3,170727,彰化縣政府
TW,台灣省,彰化縣,彰化市,介壽里,17,太極新村,18號,5,,彰化縣彰化市介壽里17鄰太極新村18號五樓,204378.99,2662731.3,170727,彰化縣政府
TW,台灣省,彰化縣,彰化市,介壽里,17,太極新村,18號,6,,彰化縣彰化市介壽里17鄰太極新村18號六樓,204378.99,2662731.3,170727,彰化縣政府
TW,台灣省,彰化縣,彰化市,介壽里,17,太極新村,18號,7,,彰化縣彰化市介壽里17鄰太極新村18號七樓,204378.99,2662731.3,170727,彰化縣政府
TW,台灣省,彰化縣,彰化市,介壽里,17,太極新村,19號,2,,彰化縣彰化市介壽里17鄰太極新村19號二樓,204278.76,2662689.01,170727,彰化縣政府
TW,台灣省,彰化縣,彰化市,介壽里,17,太極新村,19號,3,,彰化縣彰化市介壽里17鄰太極新村19號三樓,204278.76,2662689.01,170727,彰化縣政府
TW,台灣省,彰化縣,彰化市,介壽里,17,太極新村,19號,4,,彰化縣彰化市介壽里17鄰太極新村19號四樓,204278.76,2662689.01,170727,彰化縣政府
TW,台灣省,彰化縣,彰化市,介壽里,17,太極新村,19號,5,,彰化縣彰化市介壽里17鄰太極新村19號五樓,204278.76,2662689.01,170727,彰化縣政府
TW,台灣省,彰化縣,彰化市,介壽里,17,太極新村,19號,6,,彰化縣彰化市介壽里17鄰太極新村19號六樓,204278.76,2662689.01,170727,彰化縣政府
TW,台灣省,彰化縣,彰化市,介壽里,17,太極新村,19號,7,,彰化縣彰化市介壽里17鄰太極新村19號七樓,204278.76,2662689.01,170727,彰化縣政府
TW,台灣省,彰化縣,彰化市,介壽里,17,太極新村,20號,2,,彰化縣彰化市介壽里17鄰太極新村20號二樓,204277.97,2662697.74,170727,彰化縣政府
TW,台灣省,彰化縣,彰化市,介壽里,17,太極新村,20號,3,,彰化縣彰化市介壽里17鄰太極新村20號三樓,204277.97,2662697.74,170727,彰化縣政府
TW,台灣省,彰化縣,彰化市,介壽里,17,太極新村,20號,4,,彰化縣彰化市介壽里17鄰太極新村20號四樓,204277.97,2662697.74,170727,彰化縣政府
TW,台灣省,彰化縣,彰化市,介壽里,17,太極新村,20號,5,,彰化縣彰化市介壽里17鄰太極新村20號五樓,204277.97,2662697.74,170727,彰化縣政府
TW,台灣省,彰化縣,彰化市,介壽里,17,太極新村,20號,6,,彰化縣彰化市介壽里17鄰太極新村20號六樓,204277.97,2662697.74,170727,彰化縣政府
TW,台灣省,彰化縣,彰化市,介壽里,17,太極新村,20號,7,,彰化縣彰化市介壽里17鄰太極新村20號七樓,204277.97,2662697.74,170727,彰化縣政府
TW,台灣省,彰化縣,彰化市,介壽里,17,太極新村,21號,2,,彰化縣彰化市介壽里17鄰太極新村21號二樓,204288.55,2662700.4,170727,彰化縣政府
TW,台灣省,彰化縣,彰化市,介壽里,17,太極新村,21號,3,,彰化縣彰化市介壽里17鄰太極新村21號三樓,204288.55,2662700.4,170727,彰化縣政府
TW,台灣省,彰化縣,彰化市,介壽里,17,太極新村,21號,4,,彰化縣彰化市介壽里17鄰太極新村21號四樓,204288.55,2662700.4,170727,彰化縣政府
TW,台灣省,彰化縣,彰化市,介壽里,17,太極新村,21號,5,,彰化縣彰化市介壽里17鄰太極新村21號五樓,204288.55,2662700.4,170727,彰化縣政府
TW,台灣省,彰化縣,彰化市,介壽里,17,太極新村,21號,6,,彰化縣彰化市介壽里17鄰太極新村21號六樓,204288.55,2662700.4,170727,彰化縣政府
TW,台灣省,彰化縣,彰化市,介壽里,17,太極新村,21號,7,,彰化縣彰化市介壽里17鄰太極新村21號七樓,204288.55,2662700.4,170727,彰化縣政府
TW,台灣省,彰化縣,彰化市,介壽里,17,太極新村,22號,2,,彰化縣彰化市介壽里17鄰太極新村22號二樓,204289.08,2662691.4,170727,彰化縣政府
TW,台灣省,彰化縣,彰化市,介壽里,17,太極新村,22號,3,,彰化縣彰化市介壽里17鄰太極新村22號三樓,204289.08,2662691.4,170727,彰化縣政府
TW,台灣省,彰化縣,彰化市,介壽里,17,太極新村,22號,4,,彰化縣彰化市介壽里17鄰太極新村22號四樓,204289.08,2662691.4,170727,彰化縣政府
TW,台灣省,彰化縣,彰化市,介壽里,17,太極新村,22號,5,,彰化縣彰化市介壽里17鄰太極新村22號五樓,204289.08,2662691.4,170727,彰化縣政府
TW,台灣省,彰化縣,彰化市,介壽里,17,太極新村,22號,6,,彰化縣彰化市介壽里17鄰太極新村22號六樓,204289.08,2662691.4,170727,彰化縣政府
TW,台灣省,彰化縣,彰化市,介壽里,17,太極新村,22號,7,,彰化縣彰化市介壽里17鄰太極新村22號七樓,204289.08,2662691.4,170727,彰化縣政府
TW,台灣省,彰化縣,彰化市,介壽里,18,太極新村,23號,,,彰化縣彰化市介壽里18鄰太極新村23號,204275.05,2662670.68,170727,彰化縣政府
TW,台灣省,彰化縣,彰化市,介壽里,18,太極新村,23號,2,,彰化縣彰化市介壽里18鄰太極新村23號二樓,204275.05,2662670.68,170727,彰化縣政府
TW,台灣省,彰化縣,彰化市,介壽里,18,太極新村,23號,3,,彰化縣彰化市介壽里18鄰太極新村23號三樓,204275.05,2662670.68,170727,彰化縣政府
TW,台灣省,彰化縣,彰化市,介壽里,18,太極新村,23號,4,,彰化縣彰化市介壽里18鄰太極新村23號四樓,204275.05,2662670.68,170727,彰化縣政府
TW,台灣省,彰化縣,彰化市,介壽里,18,太極新村,23號,5,,彰化縣彰化市介壽里18鄰太極新村23號五樓,204275.05,2662670.68,170727,彰化縣政府
TW,台灣省,彰化縣,彰化市,介壽里,18,太極新村,23號,6,,彰化縣彰化市介壽里18鄰太極新村23號六樓,204275.05,2662670.68,170727,彰化縣政府
TW,台灣省,彰化縣,彰化市,介壽里,18,太極新村,23號,7,,彰化縣彰化市介壽里18鄰太極新村23號七樓,204275.05,2662670.68,170727,彰化縣政府
TW,台灣省,彰化縣,彰化市,介壽里,18,太極新村,25號,,,彰化縣彰化市介壽里18鄰太極新村25號,204276.13,2662662.86,170727,彰化縣政府
TW,台灣省,彰化縣,彰化市,介壽里,18,太極新村,25號,2,,彰化縣彰化市介壽里18鄰太極新村25號二樓,204276.13,2662662.86,170727,彰化縣政府
TW,台灣省,彰化縣,彰化市,介壽里,18,太極新村,25號,3,,彰化縣彰化市介壽里18鄰太極新村25號三樓,204276.13,2662662.86,170727,彰化縣政府
TW,台灣省,彰化縣,彰化市,介壽里,18,太極新村,25號,4,,彰化縣彰化市介壽里18鄰太極新村25號四樓,204276.13,2662662.86,170727,彰化縣政府
TW,台灣省,彰化縣,彰化市,介壽里,18,太極新村,25號,5,,彰化縣彰化市介壽里18鄰太極新村25號五樓,204276.13,2662662.86,170727,彰化縣政府
TW,台灣省,彰化縣,彰化市,介壽里,18,太極新村,25號,6,,彰化縣彰化市介壽里18鄰太極新村25號六樓,204276.13,2662662.86,170727,彰化縣政府
TW,台灣省,彰化縣,彰化市,介壽里,18,太極新村,25號,7,,彰化縣彰化市介壽里18鄰太極新村25號七樓,204276.13,2662662.86,170727,彰化縣政府
TW,台灣省,彰化縣,彰化市,介壽里,18,太極新村,26號,,,彰化縣彰化市介壽里18鄰太極新村26號,204289.34,2662664.75,170727,彰化縣政府
TW,台灣省,彰化縣,彰化市,介壽里,18,太極新村,26號,2,,彰化縣彰化市介壽里18鄰太極新村26號二樓,204289.34,2662664.75,170727,彰化縣政府
TW,台灣省,彰化縣,彰化市,介壽里,18,太極新村,26號,3,,彰化縣彰化市介壽里18鄰太極新村26號三樓,204289.34,2662664.75,170727,彰化縣政府
TW,台灣省,彰化縣,彰化市,介壽里,18,太極新村,26號,4,,彰化縣彰化市介壽里18鄰太極新村26號四樓,204289.34,2662664.75,170727,彰化縣政府
TW,台灣省,彰化縣,彰化市,介壽里,18,太極新村,26號,5,,彰化縣彰化市介壽里18鄰太極新村26號五樓,204289.34,2662664.75,170727,彰化縣政府
TW,台灣省,彰化縣,彰化市,介壽里,18,太極新村,26號,6,,彰化縣彰化市介壽里18鄰太極新村26號六樓,204289.34,2662664.75,170727,彰化縣政府
TW,台灣省,彰化縣,彰化市,介壽里,18,太極新村,26號,7,,彰化縣彰化市介壽里18鄰太極新村26號七樓,204289.34,2662664.75,170727,彰化縣政府
TW,台灣省,彰化縣,彰化市,介壽里,18,太極新村,27號,2,,彰化縣彰化市介壽里18鄰太極新村27號二樓,204289.35,2662671.82,170727,彰化縣政府
TW,台灣省,彰化縣,彰化市,介壽里,18,太極新村,27號,3,,彰化縣彰化市介壽里18鄰太極新村27號三樓,204289.35,2662671.82,170727,彰化縣政府
TW,台灣省,彰化縣,彰化市,介壽里,18,太極新村,27號,4,,彰化縣彰化市介壽里18鄰太極新村27號四樓,204289.35,2662671.82,170727,彰化縣政府
TW,台灣省,彰化縣,彰化市,介壽里,18,太極新村,27號,5,,彰化縣彰化市介壽里18鄰太極新村27號五樓,204289.35,2662671.82,170727,彰化縣政府
TW,台灣省,彰化縣,彰化市,介壽里,18,太極新村,27號,6,,彰化縣彰化市介壽里18鄰太極新村27號六樓,204289.35,2662671.82,170727,彰化縣政府
TW,台灣省,彰化縣,彰化市,介壽里,18,太極新村,27號,7,,彰化縣彰化市介壽里18鄰太極新村27號七樓,204289.35,2662671.82,170727,彰化縣政府
TW,台灣省,彰化縣,彰化市,介壽里,18,太極新村,28號,2,,彰化縣彰化市介壽里18鄰太極新村28號二樓,204307.6,2662666.79,170727,彰化縣政府
TW,台灣省,彰化縣,彰化市,介壽里,18,太極新村,28號,3,,彰化縣彰化市介壽里18鄰太極新村28號三樓,204307.6,2662666.79,170727,彰化縣政府
TW,台灣省,彰化縣,彰化市,介壽里,18,太極新村,28號,4,,彰化縣彰化市介壽里18鄰太極新村28號四樓,204307.6,2662666.79,170727,彰化縣政府
TW,台灣省,彰化縣,彰化市,介壽里,18,太極新村,28號,5,,彰化縣彰化市介壽里18鄰太極新村28號五樓,204307.6,2662666.79,170727,彰化縣政府
TW,台灣省,彰化縣,彰化市,介壽里,18,太極新村,28號,6,,彰化縣彰化市介壽里18鄰太極新村28號六樓,204307.6,2662666.79,170727,彰化縣政府
TW,台灣省,彰化縣,彰化市,介壽里,18,太極新村,28號,7,,彰化縣彰化市介壽里18鄰太極新村28號七樓,204307.6,2662666.79,170727,彰化縣政府
TW,台灣省,彰化縣,彰化市,介壽里,18,太極新村,29號,2,,彰化縣彰化市介壽里18鄰太極新村29號二樓,204316.07,2662668.91,170727,彰化縣政府
TW,台灣省,彰化縣,彰化市,介壽里,18,太極新村,29號,3,,彰化縣彰化市介壽里18鄰太極新村29號三樓,204316.07,2662668.91,170727,彰化縣政府
TW,台灣省,彰化縣,彰化市,介壽里,18,太極新村,29號,4,,彰化縣彰化市介壽里18鄰太極新村29號四樓,204316.07,2662668.91,170727,彰化縣政府
TW,台灣省,彰化縣,彰化市,介壽里,18,太極新村,29號,5,,彰化縣彰化市介壽里18鄰太極新村29號五樓,204316.07,2662668.91,170727,彰化縣政府
TW,台灣省,彰化縣,彰化市,介壽里,18,太極新村,29號,6,,彰化縣彰化市介壽里18鄰太極新村29號六樓,204316.07,2662668.91,170727,彰化縣政府
TW,台灣省,彰化縣,彰化市,介壽里,18,太極新村,29號,7,,彰化縣彰化市介壽里18鄰太極新村29號七樓,204316.07,2662668.91,170727,彰化縣政府
TW,台灣省,彰化縣,彰化市,介壽里,18,太極新村,30號,2,,彰化縣彰化市介壽里18鄰太極新村30號二樓,204327.98,2662671.29,170727,彰化縣政府
TW,台灣省,彰化縣,彰化市,介壽里,18,太極新村,30號,3,,彰化縣彰化市介壽里18鄰太極新村30號三樓,204327.98,2662671.29,170727,彰化縣政府
TW,台灣省,彰化縣,彰化市,介壽里,18,太極新村,30號,4,,彰化縣彰化市介壽里18鄰太極新村30號四樓,204327.98,2662671.29,170727,彰化縣政府
TW,台灣省,彰化縣,彰化市,介壽里,18,太極新村,30號,5,,彰化縣彰化市介壽里18鄰太極新村30號五樓,204327.98,2662671.29,170727,彰化縣政府
TW,台灣省,彰化縣,彰化市,介壽里,18,太極新村,30號,6,,彰化縣彰化市介壽里18鄰太極新村30號六樓,204327.98,2662671.29,170727,彰化縣政府
TW,台灣省,彰化縣,彰化市,介壽里,18,太極新村,30號,7,,彰化縣彰化市介壽里18鄰太極新村30號七樓,204327.98,2662671.29,170727,彰化縣政府
TW,台灣省,彰化縣,彰化市,介壽里,18,太極新村,31號,2,,彰化縣彰化市介壽里18鄰太極新村31號二樓,204338.03,2662674.73,170727,彰化縣政府
TW,台灣省,彰化縣,彰化市,介壽里,18,太極新村,31號,3,,彰化縣彰化市介壽里18鄰太極新村31號三樓,204338.03,2662674.73,170727,彰化縣政府
TW,台灣省,彰化縣,彰化市,介壽里,18,太極新村,31號,4,,彰化縣彰化市介壽里18鄰太極新村31號四樓,204338.03,2662674.73,170727,彰化縣政府
TW,台灣省,彰化縣,彰化市,介壽里,18,太極新村,31號,5,,彰化縣彰化市介壽里18鄰太極新村31號五樓,204338.03,2662674.73,170727,彰化縣政府
TW,台灣省,彰化縣,彰化市,介壽里,18,太極新村,31號,6,,彰化縣彰化市介壽里18鄰太極新村31號六樓,204338.03,2662674.73,170727,彰化縣政府
TW,台灣省,彰化縣,彰化市,介壽里,18,太極新村,31號,7,,彰化縣彰化市介壽里18鄰太極新村31號七樓,204338.03,2662674.73,170727,彰化縣政府
TW,台灣省,彰化縣,彰化市,介壽里,18,太極新村,32號,2,,彰化縣彰化市介壽里18鄰太極新村32號二樓,204347.03,2662684.52,170727,彰化縣政府
TW,台灣省,彰化縣,彰化市,介壽里,18,太極新村,32號,3,,彰化縣彰化市介壽里18鄰太極新村32號三樓,204347.03,2662684.52,170727,彰化縣政府
TW,台灣省,彰化縣,彰化市,介壽里,18,太極新村,32號,4,,彰化縣彰化市介壽里18鄰太極新村32號四樓,204347.03,2662684.52,170727,彰化縣政府
TW,台灣省,彰化縣,彰化市,介壽里,18,太極新村,32號,5,,彰化縣彰化市介壽里18鄰太極新村32號五樓,204347.03,2662684.52,170727,彰化縣政府
TW,台灣省,彰化縣,彰化市,介壽里,18,太極新村,32號,6,,彰化縣彰化市介壽里18鄰太極新村32號六樓,204347.03,2662684.52,170727,彰化縣政府
TW,台灣省,彰化縣,彰化市,介壽里,18,太極新村,32號,7,,彰化縣彰化市介壽里18鄰太極新村32號七樓,204347.03,2662684.52,170727,彰化縣政府
TW,台灣省,彰化縣,彰化市,介壽里,18,太極新村,33號,,,彰化縣彰化市介壽里18鄰太極新村33號,204347.05,2662677.69,170727,彰化縣政府
TW,台灣省,彰化縣,彰化市,介壽里,18,太極新村,33號,2,,彰化縣彰化市介壽里18鄰太極新村33號二樓,204347.05,2662677.69,170727,彰化縣政府
TW,台灣省,彰化縣,彰化市,介壽里,18,太極新村,33號,3,,彰化縣彰化市介壽里18鄰太極新村33號三樓,204347.05,2662677.69,170727,彰化縣政府
TW,台灣省,彰化縣,彰化市,介壽里,18,太極新村,33號,4,,彰化縣彰化市介壽里18鄰太極新村33號四樓,204347.05,2662677.69,170727,彰化縣政府
TW,台灣省,彰化縣,彰化市,介壽里,18,太極新村,33號,5,,彰化縣彰化市介壽里18鄰太極新村33號五樓,204347.05,2662677.69,170727,彰化縣政府
TW,台灣省,彰化縣,彰化市,介壽里,18,太極新村,33號,6,,彰化縣彰化市介壽里18鄰太極新村33號六樓,204347.05,2662677.69,170727,彰化縣政府
TW,台灣省,彰化縣,彰化市,介壽里,18,太極新村,33號,7,,彰化縣彰化市介壽里18鄰太極新村33號七樓,204347.05,2662677.69,170727,彰化縣政府
TW,台灣省,彰化縣,彰化市,介壽里,18,太極新村,35號,,,彰化縣彰化市介壽里18鄰太極新村35號,204367.55,2662680.12,170727,彰化縣政府
TW,台灣省,彰化縣,彰化市,介壽里,18,太極新村,35號,2,,彰化縣彰化市介壽里18鄰太極新村35號二樓,204367.55,2662680.12,170727,彰化縣政府
TW,台灣省,彰化縣,彰化市,介壽里,18,太極新村,35號,3,,彰化縣彰化市介壽里18鄰太極新村35號三樓,204367.55,2662680.12,170727,彰化縣政府
TW,台灣省,彰化縣,彰化市,介壽里,18,太極新村,35號,4,,彰化縣彰化市介壽里18鄰太極新村35號四樓,204367.55,2662680.12,170727,彰化縣政府
TW,台灣省,彰化縣,彰化市,介壽里,18,太極新村,35號,5,,彰化縣彰化市介壽里18鄰太極新村35號五樓,204367.55,2662680.12,170727,彰化縣政府
TW,台灣省,彰化縣,彰化市,介壽里,18,太極新村,35號,6,,彰化縣彰化市介壽里18鄰太極新村35號六樓,204367.55,2662680.12,170727,彰化縣政府
TW,台灣省,彰化縣,彰化市,介壽里,18,太極新村,35號,7,,彰化縣彰化市介壽里18鄰太極新村35號七樓,204367.55,2662680.12,170727,彰化縣政府
TW,台灣省,彰化縣,彰化市,介壽里,18,太極新村,36號,,,彰化縣彰化市介壽里18鄰太極新村36號,204368.09,2662687.67,170727,彰化縣政府
TW,台灣省,彰化縣,彰化市,介壽里,18,太極新村,36號,2,,彰化縣彰化市介壽里18鄰太極新村36號二樓,204368.09,2662687.67,170727,彰化縣政府
TW,台灣省,彰化縣,彰化市,介壽里,18,太極新村,36號,3,,彰化縣彰化市介壽里18鄰太極新村36號三樓,204368.09,2662687.67,170727,彰化縣政府
TW,台灣省,彰化縣,彰化市,介壽里,18,太極新村,36號,4,,彰化縣彰化市介壽里18鄰太極新村36號四樓,204368.09,2662687.67,170727,彰化縣政府
TW,台灣省,彰化縣,彰化市,介壽里,18,太極新村,36號,5,,彰化縣彰化市介壽里18鄰太極新村36號五樓,204368.09,2662687.67,170727,彰化縣政府
TW,台灣省,彰化縣,彰化市,介壽里,18,太極新村,36號,6,,彰化縣彰化市介壽里18鄰太極新村36號六樓,204368.09,2662687.67,170727,彰化縣政府
TW,台灣省,彰化縣,彰化市,介壽里,18,太極新村,36號,7,,彰化縣彰化市介壽里18鄰太極新村36號七樓,204368.09,2662687.67,170727,彰化縣政府
TW,台灣省,彰化縣,彰化市,介壽里,18,太極新村,37號,2,,彰化縣彰化市介壽里18鄰太極新村37號二樓,204341.74,2662721.03,170727,彰化縣政府
TW,台灣省,彰化縣,彰化市,介壽里,18,太極新村,37號,3,,彰化縣彰化市介壽里18鄰太極新村37號三樓,204341.74,2662721.03,170727,彰化縣政府
TW,台灣省,彰化縣,彰化市,介壽里,18,太極新村,37號,4,,彰化縣彰化市介壽里18鄰太極新村37號四樓,204341.74,2662721.03,170727,彰化縣政府
TW,台灣省,彰化縣,彰化市,介壽里,18,太極新村,37號,5,,彰化縣彰化市介壽里18鄰太極新村37號五樓,204341.74,2662721.03,170727,彰化縣政府
TW,台灣省,彰化縣,彰化市,介壽里,18,太極新村,37號,6,,彰化縣彰化市介壽里18鄰太極新村37號六樓,204341.74,2662721.03,170727,彰化縣政府
TW,台灣省,彰化縣,彰化市,介壽里,18,太極新村,37號,7,,彰化縣彰化市介壽里18鄰太極新村37號七樓,204341.74,2662721.03,170727,彰化縣政府
TW,台灣省,彰化縣,彰化市,介壽里,18,太極新村,38號,2,,彰化縣彰化市介壽里18鄰太極新村38號二樓,204356.82,2662721.56,170727,彰化縣政府
TW,台灣省,彰化縣,彰化市,介壽里,18,太極新村,38號,3,,彰化縣彰化市介壽里18鄰太極新村38號三樓,204356.82,2662721.56,170727,彰化縣政府
TW,台灣省,彰化縣,彰化市,介壽里,18,太極新村,38號,4,,彰化縣彰化市介壽里18鄰太極新村38號四樓,204356.82,2662721.56,170727,彰化縣政府
TW,台灣省,彰化縣,彰化市,介壽里,18,太極新村,38號,5,,彰化縣彰化市介壽里18鄰太極新村38號五樓,204356.82,2662721.56,170727,彰化縣政府
TW,台灣省,彰化縣,彰化市,介壽里,18,太極新村,38號,6,,彰化縣彰化市介壽里18鄰太極新村38號六樓,204356.82,2662721.56,170727,彰化縣政府
TW,台灣省,彰化縣,彰化市,介壽里,18,太極新村,38號,7,,彰化縣彰化市介壽里18鄰太極新村38號七樓,204356.82,2662721.56,170727,彰化縣政府
TW,台灣省,彰化縣,彰化市,介壽里,18,太極新村,39號,,,彰化縣彰化市介壽里18鄰太極新村39號,204371.59,2662713.02,170727,彰化縣政府
TW,台灣省,彰化縣,彰化市,介壽里,18,太極新村,39號,2,,彰化縣彰化市介壽里18鄰太極新村39號二樓,204371.59,2662713.02,170727,彰化縣政府
TW,台灣省,彰化縣,彰化市,介壽里,18,太極新村,39號,3,,彰化縣彰化市介壽里18鄰太極新村39號三樓,204371.59,2662713.02,170727,彰化縣政府
TW,台灣省,彰化縣,彰化市,介壽里,18,太極新村,39號,4,,彰化縣彰化市介壽里18鄰太極新村39號四樓,204371.59,2662713.02,170727,彰化縣政府
TW,台灣省,彰化縣,彰化市,介壽里,18,太極新村,39號,5,,彰化縣彰化市介壽里18鄰太極新村39號五樓,204371.59,2662713.02,170727,彰化縣政府
TW,台灣省,彰化縣,彰化市,介壽里,18,太極新村,39號,6,,彰化縣彰化市介壽里18鄰太極新村39號六樓,204371.59,2662713.02,170727,彰化縣政府
TW,台灣省,彰化縣,彰化市,介壽里,18,太極新村,39號,7,,彰化縣彰化市介壽里18鄰太極新村39號七樓,204371.59,2662713.02,170727,彰化縣政府
TW,台灣省,彰化縣,彰化市,介壽里,18,太極新村,40號,2,,彰化縣彰化市介壽里18鄰太極新村40號二樓,204371.1,2662721.56,170727,彰化縣政府
TW,台灣省,彰化縣,彰化市,介壽里,18,太極新村,40號,3,,彰化縣彰化市介壽里18鄰太極新村40號三樓,204371.1,2662721.56,170727,彰化縣政府
TW,台灣省,彰化縣,彰化市,介壽里,18,太極新村,40號,4,,彰化縣彰化市介壽里18鄰太極新村40號四樓,204371.1,2662721.56,170727,彰化縣政府
TW,台灣省,彰化縣,彰化市,介壽里,18,太極新村,40號,5,,彰化縣彰化市介壽里18鄰太極新村40號五樓,204371.1,2662721.56,170727,彰化縣政府
TW,台灣省,彰化縣,彰化市,介壽里,18,太極新村,40號,6,,彰化縣彰化市介壽里18鄰太極新村40號六樓,204371.1,2662721.56,170727,彰化縣政府
TW,台灣省,彰化縣,彰化市,介壽里,18,太極新村,40號,7,,彰化縣彰化市介壽里18鄰太極新村40號七樓,204371.1,2662721.56,170727,彰化縣政府
TW,台灣省,彰化縣,彰化市,介壽里,18,太極新村,41號,2,,彰化縣彰化市介壽里18鄰太極新村41號二樓,204389.1,2662723.68,170727,彰化縣政府
TW,台灣省,彰化縣,彰化市,介壽里,18,太極新村,41號,3,,彰化縣彰化市介壽里18鄰太極新村41號三樓,204389.1,2662723.68,170727,彰化縣政府
TW,台灣省,彰化縣,彰化市,介壽里,18,太極新村,41號,4,,彰化縣彰化市介壽里18鄰太極新村41號四樓,204389.1,2662723.68,170727,彰化縣政府
TW,台灣省,彰化縣,彰化市,介壽里,18,太極新村,41號,5,,彰化縣彰化市介壽里18鄰太極新村41號五樓,204389.1,2662723.68,170727,彰化縣政府
TW,台灣省,彰化縣,彰化市,介壽里,18,太極新村,41號,6,,彰化縣彰化市介壽里18鄰太極新村41號六樓,204389.1,2662723.68,170727,彰化縣政府
TW,台灣省,彰化縣,彰化市,介壽里,18,太極新村,41號,7,,彰化縣彰化市介壽里18鄰太極新村41號七樓,204389.1,2662723.68,170727,彰化縣政府
TW,台灣省,彰化縣,彰化市,介壽里,18,太極新村,42號,,,彰化縣彰化市介壽里18鄰太極新村42號,204389.39,2662716.26,170727,彰化縣政府
TW,台灣省,彰化縣,彰化市,介壽里,18,太極新村,42號,2,,彰化縣彰化市介壽里18鄰太極新村42號二樓,204389.39,2662716.26,170727,彰化縣政府
TW,台灣省,彰化縣,彰化市,介壽里,18,太極新村,42號,3,,彰化縣彰化市介壽里18鄰太極新村42號三樓,204389.39,2662716.26,170727,彰化縣政府
TW,台灣省,彰化縣,彰化市,介壽里,18,太極新村,42號,4,,彰化縣彰化市介壽里18鄰太極新村42號四樓,204389.39,2662716.26,170727,彰化縣政府
TW,台灣省,彰化縣,彰化市,介壽里,18,太極新村,42號,5,,彰化縣彰化市介壽里18鄰太極新村42號五樓,204389.39,2662716.26,170727,彰化縣政府
TW,台灣省,彰化縣,彰化市,介壽里,18,太極新村,42號,6,,彰化縣彰化市介壽里18鄰太極新村42號六樓,204389.39,2662716.26,170727,彰化縣政府
TW,台灣省,彰化縣,彰化市,介壽里,18,太極新村,42號,7,,彰化縣彰化市介壽里18鄰太極新村42號七樓,204389.39,2662716.26,170727,彰化縣政府
TW,台灣省,彰化縣,彰化市,介壽里,18,太極新村,86號,,,彰化縣彰化市介壽里18鄰太極新村86號,204410.03,2662741.01,170727,彰化縣政府
TW,台灣省,彰化縣,彰化市,介壽里,18,太極新村,86號,,1,彰化縣彰化市介壽里18鄰太極新村86號之1,204409.51,2662746.71,170727,彰化縣政府
TW,台灣省,彰化縣,彰化市,介壽里,18,太極新村,87號,,,彰化縣彰化市介壽里18鄰太極新村87號,204412.1,2662732.21,170727,彰化縣政府
TW,台灣省,彰化縣,彰化市,介壽里,18,太極新村,87號,,2,彰化縣彰化市介壽里18鄰太極新村87號之2,204443.17,2662731.43,170727,彰化縣政府
TW,台灣省,彰化縣,彰化市,介壽里,18,太極新村,87號,,3,彰化縣彰化市介壽里18鄰太極新村87號之3,204424.27,2662724.96,170727,彰化縣政府
TW,台灣省,彰化縣,彰化市,介壽里,18,太極新村,88號,,,彰化縣彰化市介壽里18鄰太極新村88號,204419.35,2662719.01,170727,彰化縣政府
TW,台灣省,彰化縣,彰化市,介壽里,18,太極新村,88號,,2,彰化縣彰化市介壽里18鄰太極新村88號之2,204429.19,2662695.19,170727,彰化縣政府
TW,台灣省,彰化縣,彰化市,介壽里,18,太極新村,88號,,5,彰化縣彰化市介壽里18鄰太極新村88號之5,204446.53,2662717.71,170727,彰化縣政府
TW,台灣省,彰化縣,彰化市,介壽里,18,太極新村,88號,,6,彰化縣彰化市介壽里18鄰太極新村88號之6,204426.34,2662703.22,170727,彰化縣政府
TW,台灣省,彰化縣,彰化市,忠孝里,13,惠民莊,臨54之1號,,,彰化縣彰化市忠孝里13鄰惠民莊臨54之1號,202858.09,2664321.45,170727,彰化縣政府
TW,台灣省,彰化縣,彰化市,忠孝里,12,惠民莊,1號,,,彰化縣彰化市忠孝里12鄰惠民莊1號,202933.7,2664449.49,170727,彰化縣政府
TW,台灣省,彰化縣,彰化市,忠孝里,11,惠民莊,1號,,4,彰化縣彰化市忠孝里11鄰惠民莊1號之4,202934.61,2664476.42,170727,彰化縣政府
TW,台灣省,彰化縣,彰化市,忠孝里,11,惠民莊,1號,,5,彰化縣彰化市忠孝里11鄰惠民莊1號之5,202943.72,2664495.2,170727,彰化縣政府
TW,台灣省,彰化縣,彰化市,忠孝里,11,惠民莊,1號,,6,彰化縣彰化市忠孝里11鄰惠民莊1號之6,202938.43,2664494.04,170727,彰化縣政府
TW,台灣省,彰化縣,彰化市,忠孝里,11,惠民莊,1號,,7,彰化縣彰化市忠孝里11鄰惠民莊1號之7,202934.62,2664493.55,170727,彰化縣政府
TW,台灣省,彰化縣,彰化市,忠孝里,11,惠民莊,1號,,8,彰化縣彰化市忠孝里11鄰惠民莊1號之8,202931.89,2664492.97,170727,彰化縣政府
TW,台灣省,彰化縣,彰化市,忠孝里,11,惠民莊,1號,,9,彰化縣彰化市忠孝里11鄰惠民莊1號之9,202928.58,2664492.39,170727,彰化縣政府
TW,台灣省,彰化縣,彰化市,忠孝里,11,惠民莊,1號,,10,彰化縣彰化市忠孝里11鄰惠民莊1號之10,202924.94,2664491.39,170727,彰化縣政府
TW,台灣省,彰化縣,彰化市,忠孝里,11,惠民莊,1號,,11,彰化縣彰化市忠孝里11鄰惠民莊1號之11,202921.13,2664490.49,170727,彰化縣政府
TW,台灣省,彰化縣,彰化市,忠孝里,11,惠民莊,1號,,12,彰化縣彰化市忠孝里11鄰惠民莊1號之12,202917.57,2664489.99,170727,彰化縣政府
TW,台灣省,彰化縣,彰化市,忠孝里,11,惠民莊,1號,,13,彰化縣彰化市忠孝里11鄰惠民莊1號之13,202914.34,2664489.49,170727,彰化縣政府
TW,台灣省,彰化縣,彰化市,忠孝里,11,惠民莊,1號,,14,彰化縣彰化市忠孝里11鄰惠民莊1號之14,202909.97,2664489.08,170727,彰化縣政府
TW,台灣省,彰化縣,彰化市,忠孝里,12,惠民莊,2號,,,彰化縣彰化市忠孝里12鄰惠民莊2號,202931.8,2664445.2,170727,彰化縣政府
TW,台灣省,彰化縣,彰化市,忠孝里,12,惠民莊,3號,,,彰化縣彰化市忠孝里12鄰惠民莊3號,202932.03,2664430.66,170727,彰化縣政府
TW,台灣省,彰化縣,彰化市,忠孝里,12,惠民莊,4號,,,彰化縣彰化市忠孝里12鄰惠民莊4號,202926.91,2664432.33,170727,彰化縣政府
TW,台灣省,彰化縣,彰化市,忠孝里,12,惠民莊,5號,,,彰化縣彰化市忠孝里12鄰惠民莊5號,202922.38,2664435.43,170727,彰化縣政府
TW,台灣省,彰化縣,彰化市,忠孝里,12,惠民莊,6號,,,彰化縣彰化市忠孝里12鄰惠民莊6號,202917.48,2664436.6,170727,彰化縣政府
TW,台灣省,彰化縣,彰化市,忠孝里,12,惠民莊,7號,,,彰化縣彰化市忠孝里12鄰惠民莊7號,202906.41,2664454.26,170727,彰化縣政府
TW,台灣省,彰化縣,彰化市,忠孝里,11,惠民莊,7號,,1,彰化縣彰化市忠孝里11鄰惠民莊7號之1,202910.41,2664460.18,170727,彰化縣政府
TW,台灣省,彰化縣,彰化市,忠孝里,11,惠民莊,7號,,2,彰化縣彰化市忠孝里11鄰惠民莊7號之2,202911.41,2664465.4,170727,彰化縣政府
TW,台灣省,彰化縣,彰化市,忠孝里,11,惠民莊,7號,,3,彰化縣彰化市忠孝里11鄰惠民莊7號之3,202912.85,2664469.5,170727,彰化縣政府
TW,台灣省,彰化縣,彰化市,忠孝里,11,惠民莊,7號,,4,彰化縣彰化市忠孝里11鄰惠民莊7號之4,202914.18,2664473.94,170727,彰化縣政府
TW,台灣省,彰化縣,彰化市,忠孝里,11,惠民莊,7號,,5,彰化縣彰化市忠孝里11鄰惠民莊7號之5,202915.74,2664478.83,170727,彰化縣政府
TW,台灣省,彰化縣,彰化市,忠孝里,12,惠民莊,8號,,,彰化縣彰化市忠孝里12鄰惠民莊8號,202904.52,2664449,170727,彰化縣政府
TW,台灣省,彰化縣,彰化市,忠孝里,12,惠民莊,9號,,,彰化縣彰化市忠孝里12鄰惠民莊9號,202903.19,2664444.96,170727,彰化縣政府
TW,台灣省,彰化縣,彰化市,忠孝里,12,惠民莊,10號,,,彰化縣彰化市忠孝里12鄰惠民莊10號,202902.24,2664438.89,170727,彰化縣政府
TW,台灣省,彰化縣,彰化市,忠孝里,12,惠民莊,11號,,,彰化縣彰化市忠孝里12鄰惠民莊11號,202925.04,2664412.58,170727,彰化縣政府
TW,台灣省,彰化縣,彰化市,忠孝里,12,惠民莊,12號,,,彰化縣彰化市忠孝里12鄰惠民莊12號,202920.77,2664413.52,170727,彰化縣政府
TW,台灣省,彰化縣,彰化市,忠孝里,12,惠民莊,13號,,,彰化縣彰化市忠孝里12鄰惠民莊13號,202914.63,2664415.05,170727,彰化縣政府
TW,台灣省,彰化縣,彰化市,忠孝里,12,惠民莊,14號,,,彰化縣彰化市忠孝里12鄰惠民莊14號,202909.96,2664416.32,170727,彰化縣政府
TW,台灣省,彰化縣,彰化市,忠孝里,12,惠民莊,15號,,,彰化縣彰化市忠孝里12鄰惠民莊15號,202905.43,2664416.99,170727,彰化縣政府
TW,台灣省,彰化縣,彰化市,忠孝里,12,惠民莊,16號,,,彰化縣彰化市忠孝里12鄰惠民莊16號,202899.42,2664418.85,170727,彰化縣政府
TW,台灣省,彰化縣,彰化市,忠孝里,12,惠民莊,17號,,,彰化縣彰化市忠孝里12鄰惠民莊17號,202920.71,2664396.58,170727,彰化縣政府
TW,台灣省,彰化縣,彰化市,忠孝里,12,惠民莊,18號,,,彰化縣彰化市忠孝里12鄰惠民莊18號,202915.6,2664397.4,170727,彰化縣政府
TW,台灣省,彰化縣,彰化市,忠孝里,12,惠民莊,19號,,,彰化縣彰化市忠孝里12鄰惠民莊19號,202911.18,2664398.13,170727,彰化縣政府
TW,台灣省,彰化縣,彰化市,忠孝里,12,惠民莊,20號,,,彰化縣彰化市忠孝里12鄰惠民莊20號,202906.17,2664399.56,170727,彰化縣政府
TW,台灣省,彰化縣,彰化市,忠孝里,12,惠民莊,21號,,,彰化縣彰化市忠孝里12鄰惠民莊21號,202900.69,2664399.08,170727,彰化縣政府
TW,台灣省,彰化縣,彰化市,忠孝里,12,惠民莊,22號,,,彰化縣彰化市忠孝里12鄰惠民莊22號,202897.23,2664401.58,170727,彰化縣政府
TW,台灣省,彰化縣,彰化市,忠孝里,12,惠民莊,23號,,,彰化縣彰化市忠孝里12鄰惠民莊23號,202916.3,2664374.17,170727,彰化縣政府
TW,台灣省,彰化縣,彰化市,忠孝里,12,惠民莊,24號,,,彰化縣彰化市忠孝里12鄰惠民莊24號,202911.42,2664375.12,170727,彰化縣政府
TW,台灣省,彰化縣,彰化市,忠孝里,12,惠民莊,25號,,,彰化縣彰化市忠孝里12鄰惠民莊25號,202906.29,2664377.27,170727,彰化縣政府
TW,台灣省,彰化縣,彰化市,忠孝里,12,惠民莊,26號,,,彰化縣彰化市忠孝里12鄰惠民莊26號,202901.64,2664379.06,170727,彰化縣政府
TW,台灣省,彰化縣,彰化市,忠孝里,12,惠民莊,27號,,,彰化縣彰化市忠孝里12鄰惠民莊27號,202897.35,2664380.84,170727,彰化縣政府
TW,台灣省,彰化縣,彰化市,忠孝里,12,惠民莊,28號,,,彰化縣彰化市忠孝里12鄰惠民莊28號,202891.75,2664382.51,170727,彰化縣政府
TW,台灣省,彰化縣,彰化市,忠孝里,13,惠民莊,29號,,,彰化縣彰化市忠孝里13鄰惠民莊29號,202909.99,2664343.54,170727,彰化縣政府
TW,台灣省,彰化縣,彰化市,忠孝里,13,惠民莊,30號,,,彰化縣彰化市忠孝里13鄰惠民莊30號,202904.3,2664345.02,170727,彰化縣政府
TW,台灣省,彰化縣,彰化市,忠孝里,13,惠民莊,31號,,,彰化縣彰化市忠孝里13鄰惠民莊31號,202899.62,2664346.52,170727,彰化縣政府
TW,台灣省,彰化縣,彰化市,忠孝里,13,惠民莊,32號,,,彰化縣彰化市忠孝里13鄰惠民莊32號,202894.37,2664348.91,170727,彰化縣政府
TW,台灣省,彰化縣,彰化市,忠孝里,13,惠民莊,33號,,,彰化縣彰化市忠孝里13鄰惠民莊33號,202889.9,2664350,170727,彰化縣政府
TW,台灣省,彰化縣,彰化市,忠孝里,13,惠民莊,34號,,,彰化縣彰化市忠孝里13鄰惠民莊34號,202885.43,2664351.29,170727,彰化縣政府
TW,台灣省,彰化縣,彰化市,忠孝里,13,惠民莊,35號,,,彰化縣彰化市忠孝里13鄰惠民莊35號,202879.95,2664352.24,170727,彰化縣政府
TW,台灣省,彰化縣,彰化市,忠孝里,13,惠民莊,35號,,1,彰化縣彰化市忠孝里13鄰惠民莊35號之1,202878.17,2664374.92,170727,彰化縣政府
TW,台灣省,彰化縣,彰化市,忠孝里,13,惠民莊,36號,,,彰化縣彰化市忠孝里13鄰惠民莊36號,202906.05,2664323.28,170727,彰化縣政府
TW,台灣省,彰化縣,彰化市,忠孝里,13,惠民莊,37號,,,彰化縣彰化市忠孝里13鄰惠民莊37號,202901.29,2664323.52,170727,彰化縣政府
TW,台灣省,彰化縣,彰化市,忠孝里,13,惠民莊,38號,,,彰化縣彰化市忠孝里13鄰惠民莊38號,202895.92,2664324.59,170727,彰化縣政府
TW,台灣省,彰化縣,彰化市,忠孝里,13,惠民莊,39號,,,彰化縣彰化市忠孝里13鄰惠民莊39號,202891.63,2664326.14,170727,彰化縣政府
TW,台灣省,彰化縣,彰化市,忠孝里,13,惠民莊,40號,,,彰化縣彰化市忠孝里13鄰惠民莊40號,202887.1,2664327.81,170727,彰化縣政府
TW,台灣省,彰化縣,彰化市,忠孝里,13,惠民莊,41號,,,彰化縣彰化市忠孝里13鄰惠民莊41號,202881.98,2664329.24,170727,彰化縣政府
TW,台灣省,彰化縣,彰化市,忠孝里,13,惠民莊,42號,,,彰化縣彰化市忠孝里13鄰惠民莊42號,202878.64,2664333.29,170727,彰化縣政府
TW,台灣省,彰化縣,彰化市,忠孝里,11,惠民莊,43號,,,彰化縣彰化市忠孝里11鄰惠民莊43號,202873.28,2664334.36,170727,彰化縣政府
TW,台灣省,彰化縣,彰化市,忠孝里,13,惠民莊,44號,,,彰化縣彰化市忠孝里13鄰惠民莊44號,202868.15,2664335.79,170727,彰化縣政府
TW,台灣省,彰化縣,彰化市,忠孝里,13,惠民莊,45號,,,彰化縣彰化市忠孝里13鄰惠民莊45號,202904.62,2664306.36,170727,彰化縣政府
TW,台灣省,彰化縣,彰化市,忠孝里,13,惠民莊,46號,,,彰化縣彰化市忠孝里13鄰惠民莊46號,202900.21,2664307.67,170727,彰化縣政府
TW,台灣省,彰化縣,彰化市,忠孝里,13,惠民莊,47號,,,彰化縣彰化市忠孝里13鄰惠民莊47號,202894.73,2664308.86,170727,彰化縣政府
TW,台灣省,彰化縣,彰化市,忠孝里,13,惠民莊,48號,,,彰化縣彰化市忠孝里13鄰惠民莊48號,202889.73,2664310.65,170727,彰化縣政府
TW,台灣省,彰化縣,彰化市,忠孝里,13,惠民莊,49號,,,彰化縣彰化市忠孝里13鄰惠民莊49號,202885.32,2664311.6,170727,彰化縣政府
TW,台灣省,彰化縣,彰化市,忠孝里,13,惠民莊,50號,,,彰化縣彰化市忠孝里13鄰惠民莊50號,202880.43,2664313.03,170727,彰化縣政府
TW,台灣省,彰化縣,彰化市,忠孝里,13,惠民莊,51號,,,彰化縣彰化市忠孝里13鄰惠民莊51號,202876.26,2664314.94,170727,彰化縣政府
TW,台灣省,彰化縣,彰化市,忠孝里,13,惠民莊,52號,,,彰化縣彰化市忠孝里13鄰惠民莊52號,202870.89,2664316.13,170727,彰化縣政府
TW,台灣省,彰化縣,彰化市,忠孝里,13,惠民莊,53號,,,彰化縣彰化市忠孝里13鄰惠民莊53號,202866.01,2664318.51,170727,彰化縣政府
TW,台灣省,彰化縣,彰化市,忠孝里,13,惠民莊,54號,,,彰化縣彰化市忠孝里13鄰惠民莊54號,202861.72,2664320.06,170727,彰化縣政府
TW,台灣省,彰化縣,彰化市,忠孝里,13,惠民莊,55號,,,彰化縣彰化市忠孝里13鄰惠民莊55號,202897.71,2664285.26,170727,彰化縣政府
TW,台灣省,彰化縣,彰化市,忠孝里,13,惠民莊,56號,,,彰化縣彰化市忠孝里13鄰惠民莊56號,202892.59,2664286.93,170727,彰化縣政府
TW,台灣省,彰化縣,彰化市,忠孝里,13,惠民莊,57號,,,彰化縣彰化市忠孝里13鄰惠民莊57號,202887.82,2664288,170727,彰化縣政府
TW,台灣省,彰化縣,彰化市,忠孝里,13,惠民莊,58號,,,彰化縣彰化市忠孝里13鄰惠民莊58號,202883.89,2664289.43,170727,彰化縣政府
TW,台灣省,彰化縣,彰化市,忠孝里,13,惠民莊,59號,,,彰化縣彰化市忠孝里13鄰惠民莊59號,202879.12,2664291.7,170727,彰化縣政府
TW,台灣省,彰化縣,彰化市,忠孝里,13,惠民莊,60號,,,彰化縣彰化市忠孝里13鄰惠民莊60號,202874.23,2664292.65,170727,彰化縣政府
TW,台灣省,彰化縣,彰化市,忠孝里,13,惠民莊,61號,,,彰化縣彰化市忠孝里13鄰惠民莊61號,202868.75,2664293.6,170727,彰化縣政府
TW,台灣省,彰化縣,彰化市,忠孝里,13,惠民莊,62號,,,彰化縣彰化市忠孝里13鄰惠民莊62號,202864.46,2664295.16,170727,彰化縣政府
TW,台灣省,彰化縣,彰化市,忠孝里,13,惠民莊,63號,,,彰化縣彰化市忠孝里13鄰惠民莊63號,202859.57,2664296.23,170727,彰化縣政府
TW,台灣省,彰化縣,彰化市,忠孝里,13,惠民莊,64號,,,彰化縣彰化市忠孝里13鄰惠民莊64號,202855.52,2664301.11,170727,彰化縣政府
TW,台灣省,彰化縣,彰化市,忠孝里,13,惠民莊,65號,,,彰化縣彰化市忠孝里13鄰惠民莊65號,202850.75,2664302.19,170727,彰化縣政府
TW,台灣省,彰化縣,彰化市,福山里,26,西南莊,51號,,,彰化縣彰化市福山里26鄰西南莊51號,206461.36,2663975.35,170727,彰化縣政府
TW,台灣省,彰化縣,彰化市,福山里,26,西南莊,臨33之2號,,,彰化縣彰化市福山里26鄰西南莊臨33之2號,206379.65,2663905.16,170727,彰化縣政府
TW,台灣省,彰化縣,彰化市,福山里,26,西南莊,1號,,,彰化縣彰化市福山里26鄰西南莊1號,206444.47,2664039.27,170727,彰化縣政府
TW,台灣省,彰化縣,彰化市,福山里,26,西南莊,2號,,,彰化縣彰化市福山里26鄰西南莊2號,206422.59,2664048.94,170727,彰化縣政府
TW,台灣省,彰化縣,彰化市,福山里,26,西南莊,2號,,1,彰化縣彰化市福山里26鄰西南莊2號之1,206434.04,2664056.32,170727,彰化縣政府
TW,台灣省,彰化縣,彰化市,福山里,26,西南莊,3號,,,彰化縣彰化市福山里26鄰西南莊3號,206442.94,2664035.45,170727,彰化縣政府
TW,台灣省,彰化縣,彰化市,福山里,26,西南莊,4號,,,彰化縣彰化市福山里26鄰西南莊4號,206421.06,2664044.87,170727,彰化縣政府
TW,台灣省,彰化縣,彰化市,福山里,26,西南莊,5號,,,彰化縣彰化市福山里26鄰西南莊5號,206440.91,2664031.89,170727,彰化縣政府
TW,台灣省,彰化縣,彰化市,福山里,26,西南莊,6號,,,彰化縣彰化市福山里26鄰西南莊6號,206418.77,2664041.56,170727,彰化縣政府
TW,台灣省,彰化縣,彰化市,福山里,26,西南莊,7號,,,彰化縣彰化市福山里26鄰西南莊7號,206439.13,2664027.56,170727,彰化縣政府
TW,台灣省,彰化縣,彰化市,福山里,26,西南莊,8號,,,彰化縣彰化市福山里26鄰西南莊8號,206417.5,2664038.25,170727,彰化縣政府
TW,台灣省,彰化縣,彰化市,福山里,26,西南莊,9號,,,彰化縣彰化市福山里26鄰西南莊9號,206437.09,2664024.25,170727,彰化縣政府
TW,台灣省,彰化縣,彰化市,福山里,26,西南莊,10號,,,彰化縣彰化市福山里26鄰西南莊10號,206415.97,2664034.94,170727,彰化縣政府
TW,台灣省,彰化縣,彰化市,福山里,26,西南莊,11號,,,彰化縣彰化市福山里26鄰西南莊11號,206435.56,2664020.44,170727,彰化縣政府
TW,台灣省,彰化縣,彰化市,福山里,26,西南莊,12號,,,彰化縣彰化市福山里26鄰西南莊12號,206414.19,2664030.87,170727,彰化縣政府
TW,台灣省,彰化縣,彰化市,福山里,26,西南莊,13號,,,彰化縣彰化市福山里26鄰西南莊13號,206433.78,2664017.13,170727,彰化縣政府
TW,台灣省,彰化縣,彰化市,福山里,26,西南莊,14號,,,彰化縣彰化市福山里26鄰西南莊14號,206412.15,2664026.54,170727,彰化縣政府
TW,台灣省,彰化縣,彰化市,福山里,26,西南莊,15號,,,彰化縣彰化市福山里26鄰西南莊15號,206432.26,2664013.57,170727,彰化縣政府
TW,台灣省,彰化縣,彰化市,福山里,26,西南莊,16號,,,彰化縣彰化市福山里26鄰西南莊16號,206410.37,2664023.24,170727,彰化縣政府
TW,台灣省,彰化縣,彰化市,福山里,26,西南莊,17號,,,彰化縣彰化市福山里26鄰西南莊17號,206429.97,2664009.75,170727,彰化縣政府
TW,台灣省,彰化縣,彰化市,福山里,26,西南莊,18號,,,彰化縣彰化市福山里26鄰西南莊18號,206408.34,2664020.44,170727,彰化縣政府
TW,台灣省,彰化縣,彰化市,福山里,26,西南莊,19號,,,彰化縣彰化市福山里26鄰西南莊19號,206428.18,2664006.44,170727,彰化縣政府
TW,台灣省,彰化縣,彰化市,福山里,26,西南莊,20號,,,彰化縣彰化市福山里26鄰西南莊20號,206406.81,2664016.87,170727,彰化縣政府
TW,台灣省,彰化縣,彰化市,福山里,26,西南莊,21號,,,彰化縣彰化市福山里26鄰西南莊21號,206426.4,2664002.88,170727,彰化縣政府
TW,台灣省,彰化縣,彰化市,福山里,26,西南莊,22號,,,彰化縣彰化市福山里26鄰西南莊22號,206405.03,2664013.31,170727,彰化縣政府
TW,台灣省,彰化縣,彰化市,福山里,26,西南莊,23號,,,彰化縣彰化市福山里26鄰西南莊23號,206425.13,2663999.31,170727,彰化縣政府
TW,台灣省,彰化縣,彰化市,福山里,26,西南莊,24號,,,彰化縣彰化市福山里26鄰西南莊24號,206403.75,2664010.26,170727,彰化縣政府
TW,台灣省,彰化縣,彰化市,福山里,26,西南莊,25號,,,彰化縣彰化市福山里26鄰西南莊25號,206423.35,2663995.75,170727,彰化縣政府
TW,台灣省,彰化縣,彰化市,福山里,26,西南莊,26號,,,彰化縣彰化市福山里26鄰西南莊26號,206402.48,2664005.68,170727,彰化縣政府
TW,台灣省,彰化縣,彰化市,福山里,26,西南莊,27號,,,彰化縣彰化市福山里26鄰西南莊27號,206421.31,2663992.44,170727,彰化縣政府
TW,台灣省,彰化縣,彰化市,福山里,26,西南莊,28號,,,彰化縣彰化市福山里26鄰西南莊28號,206399.68,2664000.59,170727,彰化縣政府
TW,台灣省,彰化縣,彰化市,福山里,26,西南莊,29號,,,彰化縣彰化市福山里26鄰西南莊29號,206419.79,2663988.63,170727,彰化縣政府
TW,台灣省,彰化縣,彰化市,福山里,26,西南莊,30號,,,彰化縣彰化市福山里26鄰西南莊30號,206396.88,2663996.01,170727,彰化縣政府
TW,台灣省,彰化縣,彰化市,福山里,26,西南莊,31號,,,彰化縣彰化市福山里26鄰西南莊31號,206417.75,2663985.32,170727,彰化縣政府
TW,台灣省,彰化縣,彰化市,福山里,26,西南莊,32號,,,彰化縣彰化市福山里26鄰西南莊32號,206386.45,2663990.79,170727,彰化縣政府
TW,台灣省,彰化縣,彰化市,福山里,26,西南莊,33號,,,彰化縣彰化市福山里26鄰西南莊33號,206401.52,2663953.35,170727,彰化縣政府
TW,台灣省,彰化縣,彰化市,福山里,26,西南莊,33號,,1,彰化縣彰化市福山里26鄰西南莊33號之1,206387.48,2663922.51,170727,彰化縣政府
TW,台灣省,彰化縣,彰化市,福山里,26,西南莊,34號,,,彰化縣彰化市福山里26鄰西南莊34號,206384.67,2663987.74,170727,彰化縣政府
TW,台灣省,彰化縣,彰化市,福山里,26,西南莊,35號,,,彰化縣彰化市福山里26鄰西南莊35號,206409.46,2663906.93,170727,彰化縣政府
TW,台灣省,彰化縣,彰化市,福山里,26,西南莊,36號,,,彰化縣彰化市福山里26鄰西南莊36號,206383.4,2663984.68,170727,彰化縣政府
TW,台灣省,彰化縣,彰化市,福山里,26,西南莊,37號,,,彰化縣彰化市福山里26鄰西南莊37號,206416.18,2663918.85,170727,彰化縣政府
TW,台灣省,彰化縣,彰化市,福山里,26,西南莊,38號,,,彰化縣彰化市福山里26鄰西南莊38號,206381.87,2663981.63,170727,彰化縣政府
TW,台灣省,彰化縣,彰化市,福山里,26,西南莊,39號,,,彰化縣彰化市福山里26鄰西南莊39號,206429.46,2663948.67,170727,彰化縣政府
TW,台灣省,彰化縣,彰化市,福山里,26,西南莊,40號,,,彰化縣彰化市福山里26鄰西南莊40號,206380.09,2663976.83,170727,彰化縣政府
TW,台灣省,彰化縣,彰化市,福山里,26,西南莊,41號,,,彰化縣彰化市福山里26鄰西南莊41號,206442.44,2663975.14,170727,彰化縣政府
TW,台灣省,彰化縣,彰化市,福山里,26,西南莊,42號,,,彰化縣彰化市福山里26鄰西南莊42號,206378.31,2663973.52,170727,彰化縣政府
TW,台灣省,彰化縣,彰化市,福山里,26,西南莊,44號,,,彰化縣彰化市福山里26鄰西南莊44號,206377.03,2663970.47,170727,彰化縣政府
TW,台灣省,彰化縣,彰化市,福山里,26,西南莊,46號,,,彰化縣彰化市福山里26鄰西南莊46號,206375.5,2663966.64,170727,彰化縣政府
TW,台灣省,彰化縣,彰化市,福山里,26,西南莊,47號,,,彰化縣彰化市福山里26鄰西南莊47號,206461.52,2664011.53,170727,彰化縣政府
TW,台灣省,彰化縣,彰化市,福山里,26,西南莊,48號,,,彰化縣彰化市福山里26鄰西南莊48號,206373.73,2663962.83,170727,彰化縣政府
TW,台灣省,彰化縣,彰化市,福山里,26,西南莊,49號,,,彰化縣彰化市福山里26鄰西南莊49號,206469.93,2663992.75,170727,彰化縣政府
TW,台灣省,彰化縣,彰化市,福山里,26,西南莊,50號,,,彰化縣彰化市福山里26鄰西南莊50號,206371.94,2663959.78,170727,彰化縣政府
TW,台灣省,彰化縣,彰化市,福山里,26,西南莊,52號,,,彰化縣彰化市福山里26鄰西南莊52號,206369.91,2663955.96,170727,彰化縣政府
TW,台灣省,彰化縣,彰化市,福山里,26,西南莊,53號,,,彰化縣彰化市福山里26鄰西南莊53號,206453.44,2663959.76,170727,彰化縣政府
TW,台灣省,彰化縣,彰化市,福山里,26,西南莊,53之2號,,,彰化縣彰化市福山里26鄰西南莊53之2號,206430.73,2663918.13,170727,彰化縣政府
TW,台灣省,彰化縣,彰化市,福山里,26,西南莊,54號,,,彰化縣彰化市福山里26鄰西南莊54號,206368.54,2663952.25,170727,彰化縣政府
TW,台灣省,彰化縣,彰化市,福山里,26,西南莊,55號,,,彰化縣彰化市福山里26鄰西南莊55號,206423.6,2663903.12,170727,彰化縣政府
TW,台灣省,彰化縣,彰化市,福山里,26,西南莊,56號,,,彰化縣彰化市福山里26鄰西南莊56號,206366.6,2663948.84,170727,彰化縣政府
TW,台灣省,彰化縣,彰化市,福山里,26,西南莊,57號,,,彰化縣彰化市福山里26鄰西南莊57號,206436.84,2663929.93,170727,彰化縣政府
TW,台灣省,彰化縣,彰化市,福山里,26,西南莊,57之1號,,,彰化縣彰化市福山里26鄰西南莊57之1號,206446.4,2663944.07,170727,彰化縣政府
TW,台灣省,彰化縣,彰化市,福山里,26,西南莊,58號,,,彰化縣彰化市福山里26鄰西南莊58號,206364.56,2663945.02,170727,彰化縣政府
TW,台灣省,彰化縣,彰化市,福山里,26,西南莊,59號,,,彰化縣彰化市福山里26鄰西南莊59號,206464.66,2663914.14,170727,彰化縣政府
TW,台灣省,彰化縣,彰化市,福山里,26,西南莊,60號,,,彰化縣彰化市福山里26鄰西南莊60號,206363.04,2663941.71,170727,彰化縣政府
TW,台灣省,彰化縣,彰化市,福山里,26,西南莊,62號,,,彰化縣彰化市福山里26鄰西南莊62號,206361.26,2663936.91,170727,彰化縣政府
TW,台灣省,彰化縣,彰化市,福山里,26,西南莊,64號,,,彰化縣彰化市福山里26鄰西南莊64號,206361.51,2663933.6,170727,彰化縣政府
TW,台灣省,彰化縣,彰化市,福山里,25,西南莊,66號,,,彰化縣彰化市福山里25鄰西南莊66號,206347.01,2663955.8,170727,彰化縣政府
TW,台灣省,彰化縣,彰化市,福山里,25,西南莊,68號,,,彰化縣彰化市福山里25鄰西南莊68號,206348.79,2663960.13,170727,彰化縣政府
TW,台灣省,彰化縣,彰化市,福山里,25,西南莊,70號,,,彰化縣彰化市福山里25鄰西南莊70號,206351.08,2663963.43,170727,彰化縣政府
TW,台灣省,彰化縣,彰化市,福山里,25,西南莊,72號,,,彰化縣彰化市福山里25鄰西南莊72號,206352.6,2663966.74,170727,彰化縣政府
TW,台灣省,彰化縣,彰化市,福山里,25,西南莊,74號,,,彰化縣彰化市福山里25鄰西南莊74號,206354.39,2663970.3,170727,彰化縣政府
TW,台灣省,彰化縣,彰化市,福山里,25,西南莊,76號,,,彰化縣彰化市福山里25鄰西南莊76號,206356.17,2663973.61,170727,彰化縣政府
TW,台灣省,彰化縣,彰化市,福山里,25,西南莊,78號,,,彰化縣彰化市福山里25鄰西南莊78號,206357.95,2663977.18,170727,彰化縣政府
TW,台灣省,彰化縣,彰化市,福山里,25,西南莊,80號,,,彰化縣彰化市福山里25鄰西南莊80號,206359.73,2663980.99,170727,彰化縣政府
TW,台灣省,彰化縣,彰化市,福山里,25,西南莊,82號,,,彰化縣彰化市福山里25鄰西南莊82號,206360.24,2663985.06,170727,彰化縣政府
TW,台灣省,彰化縣,彰化市,福山里,25,西南莊,84號,,,彰化縣彰化市福山里25鄰西南莊84號,206362.78,2663988.63,170727,彰化縣政府
TW,台灣省,彰化縣,彰化市,福山里,25,西南莊,86號,,,彰化縣彰化市福山里25鄰西南莊86號,206365.18,2663992.86,170727,彰化縣政府
TW,台灣省,彰化縣,彰化市,福山里,25,西南莊,88號,,,彰化縣彰化市福山里25鄰西南莊88號,206366.85,2663996.01,170727,彰化縣政府
TW,台灣省,彰化縣,彰化市,福山里,25,西南莊,90號,,,彰化縣彰化市福山里25鄰西南莊90號,206368.89,2663999.57,170727,彰化縣政府
TW,台灣省,彰化縣,彰化市,福山里,25,西南莊,92號,,,彰化縣彰化市福山里25鄰西南莊92號,206338.61,2663974.63,170727,彰化縣政府
TW,台灣省,彰化縣,彰化市,福山里,25,西南莊,94號,,,彰化縣彰化市福山里25鄰西南莊94號,206337.84,2663980.74,170727,彰化縣政府
TW,台灣省,彰化縣,彰化市,福山里,25,西南莊,96號,,,彰化縣彰化市福山里25鄰西南莊96號,206338.35,2663985.06,170727,彰化縣政府
TW,台灣省,彰化縣,彰化市,福山里,25,西南莊,98號,,,彰化縣彰化市福山里25鄰西南莊98號,206339.63,2663988.63,170727,彰化縣政府
TW,台灣省,彰化縣,彰化市,福山里,25,西南莊,100號,,,彰化縣彰化市福山里25鄰西南莊100號,206340.39,2663992.7,170727,彰化縣政府
TW,台灣省,彰化縣,彰化市,福山里,25,西南莊,102號,,,彰化縣彰化市福山里25鄰西南莊102號,206341.92,2663996.51,170727,彰化縣政府
TW,台灣省,彰化縣,彰化市,福山里,25,西南莊,104號,,,彰化縣彰化市福山里25鄰西南莊104號,206360.75,2664004.66,170727,彰化縣政府
TW,台灣省,彰化縣,彰化市,福山里,25,西南莊,106號,,,彰化縣彰化市福山里25鄰西南莊106號,206356.93,2664006.69,170727,彰化縣政府
TW,台灣省,彰化縣,彰化市,福山里,25,西南莊,108號,,,彰化縣彰化市福山里25鄰西南莊108號,206353.37,2664007.97,170727,彰化縣政府
TW,台灣省,彰化縣,彰化市,福山里,25,西南莊,110號,,,彰化縣彰化市福山里25鄰西南莊110號,206349.55,2664010,170727,彰化縣政府
TW,台灣省,彰化縣,彰化市,福山里,25,西南莊,臨110之1號,,,彰化縣彰化市福山里25鄰西南莊臨110之1號,206319.4,2664019.01,170727,彰化縣政府
TW,台灣省,彰化縣,彰化市,福山里,25,西南莊,114號,,,彰化縣彰化市福山里25鄰西南莊114號,206325.88,2664161.16,170727,彰化縣政府
TW,台灣省,彰化縣,彰化市,福山里,25,西南莊,116號,,,彰化縣彰化市福山里25鄰西南莊116號,206332.25,2664157.35,170727,彰化縣政府
TW,台灣省,彰化縣,彰化市,福山里,25,西南莊,118號,,,彰化縣彰化市福山里25鄰西南莊118號,206335.55,2664152.77,170727,彰化縣政府
TW,台灣省,彰化縣,彰化市,福山里,25,西南莊,120號,,,彰化縣彰化市福山里25鄰西南莊120號,206335.87,2664150.32,170727,彰化縣政府
TW,台灣省,彰化縣,彰化市,福山里,25,西南莊,122號,,,彰化縣彰化市福山里25鄰西南莊122號,206339.63,2664146.66,170727,彰化縣政府
TW,台灣省,彰化縣,彰化市,福山里,25,西南莊,124號,,,彰化縣彰化市福山里25鄰西南莊124號,206343.19,2664141.82,170727,彰化縣政府
TW,台灣省,彰化縣,彰化市,福山里,25,西南莊,126號,,,彰化縣彰化市福山里25鄰西南莊126號,206346.5,2664136.99,170727,彰化縣政府
TW,台灣省,彰化縣,彰化市,福山里,25,西南莊,128號,,,彰化縣彰化市福山里25鄰西南莊128號,206353.62,2664127.57,170727,彰化縣政府
TW,台灣省,彰化縣,彰化市,福山里,25,西南莊,130號,,,彰化縣彰化市福山里25鄰西南莊130號,206357.95,2664121.47,170727,彰化縣政府
TW,台灣省,彰化縣,彰化市,福山里,25,西南莊,132號,,,彰化縣彰化市福山里25鄰西南莊132號,206360.49,2664135.97,170727,彰化縣政府
TW,台灣省,彰化縣,彰化市,福山里,25,西南莊,134號,,,彰化縣彰化市福山里25鄰西南莊134號,206365.58,2664140.3,170727,彰化縣政府
TW,台灣省,彰化縣,彰化市,福山里,25,西南莊,136號,,,彰化縣彰化市福山里25鄰西南莊136號,206379.84,2664122.22,170727,彰化縣政府
TW,台灣省,彰化縣,彰化市,福山里,25,西南莊,138號,,,彰化縣彰化市福山里25鄰西南莊138號,206375,2664114.08,170727,彰化縣政府
TW,台灣省,彰化縣,彰化市,福山里,25,西南莊,140號,,,彰化縣彰化市福山里25鄰西南莊140號,206371.94,2664109.25,170727,彰化縣政府
TW,台灣省,彰化縣,彰化市,福山里,25,西南莊,142號,,,彰化縣彰化市福山里25鄰西南莊142號,206368.89,2664104.42,170727,彰化縣政府
TW,台灣省,彰化縣,彰化市,福山里,25,西南莊,144號,,,彰化縣彰化市福山里25鄰西南莊144號,206365.84,2664099.33,170727,彰化縣政府
TW,台灣省,彰化縣,彰化市,福山里,25,西南莊,146號,,,彰化縣彰化市福山里25鄰西南莊146號,206363.04,2664094.24,170727,彰化縣政府
TW,台灣省,彰化縣,彰化市,福山里,25,西南莊,148號,,,彰化縣彰化市福山里25鄰西南莊148號,206360.24,2664088.89,170727,彰化縣政府
TW,台灣省,彰化縣,彰化市,福山里,25,西南莊,150號,,,彰化縣彰化市福山里25鄰西南莊150號,206355.15,2664084.82,170727,彰化縣政府
TW,台灣省,彰化縣,彰化市,福山里,25,西南莊,152號,,,彰化縣彰化市福山里25鄰西南莊152號,206354.39,2664078.46,170727,彰化縣政府
TW,台灣省,彰化縣,彰化市,福山里,25,西南莊,154號,,,彰化縣彰化市福山里25鄰西南莊154號,206350.82,2664072.61,170727,彰化縣政府
TW,台灣省,彰化縣,彰化市,福山里,25,西南莊,156號,,,彰化縣彰化市福山里25鄰西南莊156號,206348.02,2664067.52,170727,彰化縣政府
TW,台灣省,彰化縣,彰化市,福山里,25,西南莊,158號,,,彰化縣彰化市福山里25鄰西南莊158號,206343.44,2664063.44,170727,彰化縣政府
TW,台灣省,彰化縣,彰化市,福山里,25,西南莊,160號,,,彰化縣彰化市福山里25鄰西南莊160號,206340.64,2664058.61,170727,彰化縣政府
TW,台灣省,彰化縣,彰化市,福山里,25,西南莊,162號,,,彰化縣彰化市福山里25鄰西南莊162號,206337.33,2664053.01,170727,彰化縣政府
TW,台灣省,彰化縣,彰化市,福山里,25,西南莊,164號,,,彰化縣彰化市福山里25鄰西南莊164號,206356.93,2664025.27,170727,彰化縣政府
TW,台灣省,彰化縣,彰化市,福山里,25,西南莊,166號,,,彰化縣彰化市福山里25鄰西南莊166號,206359.98,2664031.38,170727,彰化縣政府
TW,台灣省,彰化縣,彰化市,福山里,25,西南莊,166號,,1,彰化縣彰化市福山里25鄰西南莊166號之1,206361.77,2664035.71,170727,彰化縣政府
TW,台灣省,彰化縣,彰化市,福山里,25,西南莊,168號,,,彰化縣彰化市福山里25鄰西南莊168號,206365.58,2664043.85,170727,彰化縣政府
TW,台灣省,彰化縣,彰化市,福山里,25,西南莊,168號,,1,彰化縣彰化市福山里25鄰西南莊168號之1,206367.87,2664048.18,170727,彰化縣政府
TW,台灣省,彰化縣,彰化市,福山里,25,西南莊,170號,,,彰化縣彰化市福山里25鄰西南莊170號,206371.94,2664056.57,170727,彰化縣政府
TW,台灣省,彰化縣,彰化市,福山里,25,西南莊,170號,,1,彰化縣彰化市福山里25鄰西南莊170號之1,206373.98,2664060.65,170727,彰化縣政府
TW,台灣省,彰化縣,彰化市,福山里,25,西南莊,172號,1,,彰化縣彰化市福山里25鄰西南莊172號一樓,206372.71,2664074.13,170727,彰化縣政府
TW,台灣省,彰化縣,彰化市,福山里,25,西南莊,172號,2,,彰化縣彰化市福山里25鄰西南莊172號二樓,206372.71,2664074.13,170727,彰化縣政府
TW,台灣省,彰化縣,彰化市,福山里,25,西南莊,172號,3,,彰化縣彰化市福山里25鄰西南莊172號三樓,206372.71,2664074.13,170727,彰化縣政府
TW,台灣省,彰化縣,彰化市,福山里,25,西南莊,172號,4,,彰化縣彰化市福山里25鄰西南莊172號四樓,206372.71,2664074.13,170727,彰化縣政府
TW,台灣省,彰化縣,彰化市,福山里,25,西南莊,172號,5,,彰化縣彰化市福山里25鄰西南莊172號五樓,206372.71,2664074.13,170727,彰化縣政府
TW,台灣省,彰化縣,彰化市,福山里,25,西南莊,174號,1,,彰化縣彰化市福山里25鄰西南莊174號一樓,206376.18,2664082.52,170727,彰化縣政府
TW,台灣省,彰化縣,彰化市,福山里,25,西南莊,174號,,,彰化縣彰化市福山里25鄰西南莊174號,206376.18,2664082.52,170727,彰化縣政府
TW,台灣省,彰化縣,彰化市,福山里,25,西南莊,174號,2,,彰化縣彰化市福山里25鄰西南莊174號二樓,206376.18,2664082.52,170727,彰化縣政府
TW,台灣省,彰化縣,彰化市,福山里,25,西南莊,174號,3,,彰化縣彰化市福山里25鄰西南莊174號三樓,206376.18,2664082.52,170727,彰化縣政府
TW,台灣省,彰化縣,彰化市,福山里,25,西南莊,174號,4,,彰化縣彰化市福山里25鄰西南莊174號四樓,206376.18,2664082.52,170727,彰化縣政府
TW,台灣省,彰化縣,彰化市,福山里,25,西南莊,174號,5,,彰化縣彰化市福山里25鄰西南莊174號五樓,206376.18,2664082.52,170727,彰化縣政府
TW,台灣省,彰化縣,彰化市,福山里,25,西南莊,176號,1,,彰化縣彰化市福山里25鄰西南莊176號一樓,206384.42,2664106.04,170727,彰化縣政府
TW,台灣省,彰化縣,彰化市,福山里,25,西南莊,176號,2,,彰化縣彰化市福山里25鄰西南莊176號二樓,206384.42,2664106.04,170727,彰化縣政府
TW,台灣省,彰化縣,彰化市,福山里,25,西南莊,176號,3,,彰化縣彰化市福山里25鄰西南莊176號三樓,206384.42,2664106.04,170727,彰化縣政府
TW,台灣省,彰化縣,彰化市,福山里,25,西南莊,176號,4,,彰化縣彰化市福山里25鄰西南莊176號四樓,206384.42,2664106.04,170727,彰化縣政府
TW,台灣省,彰化縣,彰化市,福山里,25,西南莊,176號,5,,彰化縣彰化市福山里25鄰西南莊176號五樓,206384.42,2664106.04,170727,彰化縣政府
TW,台灣省,彰化縣,彰化市,福山里,25,西南莊,176號,6,,彰化縣彰化市福山里25鄰西南莊176號六樓,206384.42,2664106.04,170727,彰化縣政府
TW,台灣省,彰化縣,彰化市,福山里,25,西南莊,178號,1,,彰化縣彰化市福山里25鄰西南莊178號一樓,206391.75,2664097.49,170727,彰化縣政府
TW,台灣省,彰化縣,彰化市,福山里,25,西南莊,178號,2,,彰化縣彰化市福山里25鄰西南莊178號二樓,206391.75,2664097.49,170727,彰化縣政府
TW,台灣省,彰化縣,彰化市,福山里,25,西南莊,178號,3,,彰化縣彰化市福山里25鄰西南莊178號三樓,206391.75,2664097.49,170727,彰化縣政府
TW,台灣省,彰化縣,彰化市,福山里,25,西南莊,178號,4,,彰化縣彰化市福山里25鄰西南莊178號四樓,206391.75,2664097.49,170727,彰化縣政府
TW,台灣省,彰化縣,彰化市,福山里,25,西南莊,178號,5,,彰化縣彰化市福山里25鄰西南莊178號五樓,206391.75,2664097.49,170727,彰化縣政府
TW,台灣省,彰化縣,彰化市,福山里,25,西南莊,178號,6,,彰化縣彰化市福山里25鄰西南莊178號六樓,206391.75,2664097.49,170727,彰化縣政府
TW,台灣省,彰化縣,彰化市,福山里,25,西南莊,180號,1,,彰化縣彰化市福山里25鄰西南莊180號一樓,206396.37,2664088.38,170727,彰化縣政府
TW,台灣省,彰化縣,彰化市,福山里,25,西南莊,180號,2,,彰化縣彰化市福山里25鄰西南莊180號二樓,206396.37,2664088.38,170727,彰化縣政府
TW,台灣省,彰化縣,彰化市,福山里,25,西南莊,180號,3,,彰化縣彰化市福山里25鄰西南莊180號三樓,206396.37,2664088.38,170727,彰化縣政府
TW,台灣省,彰化縣,彰化市,福山里,25,西南莊,180號,4,,彰化縣彰化市福山里25鄰西南莊180號四樓,206396.37,2664088.38,170727,彰化縣政府
TW,台灣省,彰化縣,彰化市,福山里,25,西南莊,180號,5,,彰化縣彰化市福山里25鄰西南莊180號五樓,206396.37,2664088.38,170727,彰化縣政府
TW,台灣省,彰化縣,彰化市,福山里,25,西南莊,180號,6,,彰化縣彰化市福山里25鄰西南莊180號六樓,206396.37,2664088.38,170727,彰化縣政府
TW,台灣省,彰化縣,彰化市,福山里,25,西南莊,182號,1,,彰化縣彰化市福山里25鄰西南莊182號一樓,206403.36,2664080.39,170727,彰化縣政府
TW,台灣省,彰化縣,彰化市,福山里,25,西南莊,182號,2,,彰化縣彰化市福山里25鄰西南莊182號二樓,206403.36,2664080.39,170727,彰化縣政府
TW,台灣省,彰化縣,彰化市,福山里,25,西南莊,182號,3,,彰化縣彰化市福山里25鄰西南莊182號三樓,206403.36,2664080.39,170727,彰化縣政府
TW,台灣省,彰化縣,彰化市,福山里,25,西南莊,182號,4,,彰化縣彰化市福山里25鄰西南莊182號四樓,206403.36,2664080.39,170727,彰化縣政府
TW,台灣省,彰化縣,彰化市,福山里,25,西南莊,182號,5,,彰化縣彰化市福山里25鄰西南莊182號五樓,206403.36,2664080.39,170727,彰化縣政府
TW,台灣省,彰化縣,彰化市,福山里,25,西南莊,182號,6,,彰化縣彰化市福山里25鄰西南莊182號六樓,206403.36,2664080.39,170727,彰化縣政府
TW,台灣省,彰化縣,彰化市,福山里,25,西南莊,184號,1,,彰化縣彰化市福山里25鄰西南莊184號一樓,206407.33,2664068.17,170727,彰化縣政府
TW,台灣省,彰化縣,彰化市,福山里,25,西南莊,184號,2,,彰化縣彰化市福山里25鄰西南莊184號二樓,206407.33,2664068.17,170727,彰化縣政府
TW,台灣省,彰化縣,彰化市,福山里,25,西南莊,184號,3,,彰化縣彰化市福山里25鄰西南莊184號三樓,206407.33,2664068.17,170727,彰化縣政府
TW,台灣省,彰化縣,彰化市,福山里,25,西南莊,184號,4,,彰化縣彰化市福山里25鄰西南莊184號四樓,206407.33,2664068.17,170727,彰化縣政府
TW,台灣省,彰化縣,彰化市,福山里,25,西南莊,184號,5,,彰化縣彰化市福山里25鄰西南莊184號五樓,206407.33,2664068.17,170727,彰化縣政府
TW,台灣省,彰化縣,彰化市,福山里,25,西南莊,186號,1,,彰化縣彰化市福山里25鄰西南莊186號一樓,206403.25,2664060.65,170727,彰化縣政府
TW,台灣省,彰化縣,彰化市,福山里,25,西南莊,186號,2,,彰化縣彰化市福山里25鄰西南莊186號二樓,206403.25,2664060.65,170727,彰化縣政府
TW,台灣省,彰化縣,彰化市,福山里,25,西南莊,186號,3,,彰化縣彰化市福山里25鄰西南莊186號三樓,206403.25,2664060.65,170727,彰化縣政府
TW,台灣省,彰化縣,彰化市,福山里,25,西南莊,186號,4,,彰化縣彰化市福山里25鄰西南莊186號四樓,206403.25,2664060.65,170727,彰化縣政府
TW,台灣省,彰化縣,彰化市,福山里,25,西南莊,186號,5,,彰化縣彰化市福山里25鄰西南莊186號五樓,206403.25,2664060.65,170727,彰化縣政府
TW,台灣省,彰化縣,彰化市,福山里,25,西南莊,188號,,,彰化縣彰化市福山里25鄰西南莊188號,206394.08,2664050.97,170727,彰化縣政府
TW,台灣省,彰化縣,彰化市,福山里,25,西南莊,188號,,1,彰化縣彰化市福山里25鄰西南莊188號之1,206392.3,2664046.65,170727,彰化縣政府
TW,台灣省,彰化縣,彰化市,福山里,25,西南莊,190號,,,彰化縣彰化市福山里25鄰西南莊190號,206389.54,2664040.61,170727,彰化縣政府
TW,台灣省,彰化縣,彰化市,福山里,25,西南莊,190號,,1,彰化縣彰化市福山里25鄰西南莊190號之1,206385.94,2664034.18,170727,彰化縣政府
TW,台灣省,彰化縣,彰化市,福山里,25,西南莊,192號,,,彰化縣彰化市福山里25鄰西南莊192號,206381.87,2664025.53,170727,彰化縣政府
TW,台灣省,彰化縣,彰化市,福山里,25,西南莊,192號,,1,彰化縣彰化市福山里25鄰西南莊192號之1,206379.58,2664021.71,170727,彰化縣政府
TW,台灣省,彰化縣,彰化市,福山里,25,西南莊,194號,,,彰化縣彰化市福山里25鄰西南莊194號,206376.57,2664015.74,170727,彰化縣政府
TW,台灣省,彰化縣,彰化市,福山里,26,西南莊,202號,,,彰化縣彰化市福山里26鄰西南莊202號,206464.58,2664050.46,170727,彰化縣政府
TW,台灣省,彰化縣,彰化市,福山里,26,西南莊,204號,,,彰化縣彰化市福山里26鄰西南莊204號,206462.79,2664054.79,170727,彰化縣政府
TW,台灣省,彰化縣,彰化市,福山里,26,西南莊,206號,,,彰化縣彰化市福山里26鄰西南莊206號,206461.78,2664058.61,170727,彰化縣政府
TW,台灣省,彰化縣,彰化市,福山里,26,西南莊,208號,,,彰化縣彰化市福山里26鄰西南莊208號,206460.25,2664062.93,170727,彰化縣政府
TW,台灣省,彰化縣,彰化市,福山里,26,西南莊,210號,,,彰化縣彰化市福山里26鄰西南莊210號,206458.98,2664067.26,170727,彰化縣政府
TW,台灣省,彰化縣,彰化市,福山里,26,西南莊,212號,,,彰化縣彰化市福山里26鄰西南莊212號,206457.7,2664071.08,170727,彰化縣政府
TW,台灣省,彰化縣,彰化市,福山里,26,西南莊,214號,,,彰化縣彰化市福山里26鄰西南莊214號,206458.98,2664081.26,170727,彰化縣政府
TW,台灣省,彰化縣,彰化市,福山里,26,西南莊,216號,,,彰化縣彰化市福山里26鄰西南莊216號,206462.54,2664085.58,170727,彰化縣政府
TW,台灣省,彰化縣,彰化市,福山里,26,西南莊,218號,,,彰化縣彰化市福山里26鄰西南莊218號,206466.1,2664086.86,170727,彰化縣政府
TW,台灣省,彰化縣,彰化市,福山里,26,西南莊,220號,,,彰化縣彰化市福山里26鄰西南莊220號,206470.43,2664087.62,170727,彰化縣政府
TW,台灣省,彰化縣,彰化市,福山里,26,西南莊,222號,,,彰化縣彰化市福山里26鄰西南莊222號,206474.25,2664088.89,170727,彰化縣政府
TW,台灣省,彰化縣,彰化市,福山里,26,西南莊,224號,,,彰化縣彰化市福山里26鄰西南莊224號,206478.57,2664090.42,170727,彰化縣政府
TW,台灣省,彰化縣,彰化市,福山里,26,西南莊,226號,,,彰化縣彰化市福山里26鄰西南莊226號,206482.64,2664091.44,170727,彰化縣政府
TW,台灣省,彰化縣,彰化市,福山里,26,西南莊,228號,,,彰化縣彰化市福山里26鄰西南莊228號,206486.21,2664092.45,170727,彰化縣政府
TW,台灣省,彰化縣,彰化市,華陽里,5,一心新村,1號,,1,彰化縣彰化市華陽里5鄰一心新村1號之1,204807.28,2663041.16,170727,彰化縣政府
TW,台灣省,彰化縣,彰化市,華陽里,5,一心新村,1號,,2,彰化縣彰化市華陽里5鄰一心新村1號之2,204806.89,2663035.33,170727,彰化縣政府
TW,台灣省,彰化縣,彰化市,華陽里,5,一心新村,1號,,3,彰化縣彰化市華陽里5鄰一心新村1號之3,204806.53,2663028.74,170727,彰化縣政府
TW,台灣省,彰化縣,彰化市,華陽里,5,一心新村,1號,,4,彰化縣彰化市華陽里5鄰一心新村1號之4,204806.72,2663023.67,170727,彰化縣政府
TW,台灣省,彰化縣,彰化市,華陽里,5,一心新村,1號,,5,彰化縣彰化市華陽里5鄰一心新村1號之5,204806.89,2663017.43,170727,彰化縣政府
TW,台灣省,彰化縣,彰化市,華陽里,5,一心新村,1號,,6,彰化縣彰化市華陽里5鄰一心新村1號之6,204806.7,2663010.82,170727,彰化縣政府
TW,台灣省,彰化縣,彰化市,華陽里,5,一心新村,1號,,7,彰化縣彰化市華陽里5鄰一心新村1號之7,204781.03,2663004.79,170727,彰化縣政府
TW,台灣省,彰化縣,彰化市,華陽里,5,一心新村,2號,,4,彰化縣彰化市華陽里5鄰一心新村2號之4,204822.19,2663022.01,170727,彰化縣政府
TW,台灣省,彰化縣,彰化市,華陽里,5,一心新村,2號,,5,彰化縣彰化市華陽里5鄰一心新村2號之5,204821.96,2663017,170727,彰化縣政府
TW,台灣省,彰化縣,彰化市,華陽里,5,一心新村,2號,,6,彰化縣彰化市華陽里5鄰一心新村2號之6,204821.73,2663010.62,170727,彰化縣政府
TW,台灣省,彰化縣,彰化市,華陽里,5,一心新村,2號,,7,彰化縣彰化市華陽里5鄰一心新村2號之7,204819.45,2662989.21,170727,彰化縣政府
TW,台灣省,彰化縣,彰化市,華陽里,5,一心新村,2號,,9,彰化縣彰化市華陽里5鄰一心新村2號之9,204877.05,2663021.18,170727,彰化縣政府
TW,台灣省,彰化縣,彰化市,華陽里,5,一心新村,2號,,10,彰化縣彰化市華陽里5鄰一心新村2號之10,204881.86,2663015.41,170727,彰化縣政府
TW,台灣省,彰化縣,彰化市,華陽里,5,一心新村,2號,,11,彰化縣彰化市華陽里5鄰一心新村2號之11,204889.15,2663006.07,170727,彰化縣政府
TW,台灣省,彰化縣,彰化市,華陽里,5,一心新村,6號,,2,彰化縣彰化市華陽里5鄰一心新村6號之2,204901.69,2663023.06,170727,彰化縣政府
TW,台灣省,彰化縣,彰化市,華陽里,5,一心新村,6號,,3,彰化縣彰化市華陽里5鄰一心新村6號之3,204905.29,2663018.8,170727,彰化縣政府
TW,台灣省,彰化縣,彰化市,華陽里,5,一心新村,6號,,4,彰化縣彰化市華陽里5鄰一心新村6號之4,204908.08,2663014.54,170727,彰化縣政府
TW,台灣省,彰化縣,彰化市,華陽里,5,一心新村,6號,,5,彰化縣彰化市華陽里5鄰一心新村6號之5,204911.36,2663010.44,170727,彰化縣政府
TW,台灣省,彰化縣,彰化市,華陽里,5,一心新村,6號,,6,彰化縣彰化市華陽里5鄰一心新村6號之6,204914.42,2663006.24,170727,彰化縣政府
TW,台灣省,彰化縣,彰化市,華陽里,5,一心新村,6號,,7,彰化縣彰化市華陽里5鄰一心新村6號之7,204917.51,2663001.67,170727,彰化縣政府
TW,台灣省,彰化縣,彰化市,華陽里,5,一心新村,6號,,8,彰化縣彰化市華陽里5鄰一心新村6號之8,204920.19,2662996.56,170727,彰化縣政府
TW,台灣省,彰化縣,彰化市,華陽里,5,一心新村,6號,,9,彰化縣彰化市華陽里5鄰一心新村6號之9,204921.27,2662989.44,170727,彰化縣政府
TW,台灣省,彰化縣,彰化市,華陽里,5,一心新村,6號,,10,彰化縣彰化市華陽里5鄰一心新村6號之10,204923.95,2662985.14,170727,彰化縣政府
TW,台灣省,彰化縣,彰化市,華陽里,5,一心新村,7號,,1,彰化縣彰化市華陽里5鄰一心新村7號之1,204910.37,2663031.09,170727,彰化縣政府
TW,台灣省,彰化縣,彰化市,華陽里,5,一心新村,7號,,2,彰化縣彰化市華陽里5鄰一心新村7號之2,204912.8,2663026.52,170727,彰化縣政府
TW,台灣省,彰化縣,彰化市,華陽里,5,一心新村,7號,,3,彰化縣彰化市華陽里5鄰一心新村7號之3,204916.16,2663022.22,170727,彰化縣政府
TW,台灣省,彰化縣,彰化市,華陽里,5,一心新村,7號,,4,彰化縣彰化市華陽里5鄰一心新村7號之4,204919.65,2663017.25,170727,彰化縣政府
TW,台灣省,彰化縣,彰化市,華陽里,5,一心新村,7號,,5,彰化縣彰化市華陽里5鄰一心新村7號之5,204922.61,2663012.42,170727,彰化縣政府
TW,台灣省,彰化縣,彰化市,華陽里,5,一心新村,7號,,6,彰化縣彰化市華陽里5鄰一心新村7號之6,204925.83,2663008.92,170727,彰化縣政府
TW,台灣省,彰化縣,彰化市,華陽里,5,一心新村,7號,,7,彰化縣彰化市華陽里5鄰一心新村7號之7,204929.71,2663004.87,170727,彰化縣政府
TW,台灣省,彰化縣,彰化市,華陽里,5,一心新村,7號,,8,彰化縣彰化市華陽里5鄰一心新村7號之8,204932.69,2663000.06,170727,彰化縣政府
TW,台灣省,彰化縣,彰化市,華陽里,5,一心新村,7號,,9,彰化縣彰化市華陽里5鄰一心新村7號之9,204936.58,2662994.41,170727,彰化縣政府
TW,台灣省,彰化縣,彰化市,華陽里,5,一心新村,7號,,10,彰化縣彰化市華陽里5鄰一心新村7號之10,204939.81,2662990.25,170727,彰化縣政府
TW,台灣省,彰化縣,彰化市,華陽里,5,一心新村,8號,,1,彰化縣彰化市華陽里5鄰一心新村8號之1,204926.66,2663035.09,170727,彰化縣政府
TW,台灣省,彰化縣,彰化市,華陽里,5,一心新村,8號,,2,彰化縣彰化市華陽里5鄰一心新村8號之2,204928.6,2663029.87,170727,彰化縣政府
TW,台灣省,彰化縣,彰化市,華陽里,5,一心新村,8號,,3,彰化縣彰化市華陽里5鄰一心新村8號之3,204931.5,2663025.8,170727,彰化縣政府
TW,台灣省,彰化縣,彰化市,華陽里,5,一心新村,8號,,4,彰化縣彰化市華陽里5鄰一心新村8號之4,204935.37,2663021.35,170727,彰化縣政府
TW,台灣省,彰化縣,彰化市,華陽里,5,一心新村,8號,,5,彰化縣彰化市華陽里5鄰一心新村8號之5,204938.27,2663016.52,170727,彰化縣政府
TW,台灣省,彰化縣,彰化市,華陽里,5,一心新村,8號,,6,彰化縣彰化市華陽里5鄰一心新村8號之6,204941.56,2663012.45,170727,彰化縣政府
TW,台灣省,彰化縣,彰化市,華陽里,5,一心新村,8號,,7,彰化縣彰化市華陽里5鄰一心新村8號之7,204945.04,2663008.01,170727,彰化縣政府
TW,台灣省,彰化縣,彰化市,華陽里,5,一心新村,8號,,8,彰化縣彰化市華陽里5鄰一心新村8號之8,204949.88,2663003.17,170727,彰化縣政府
TW,台灣省,彰化縣,彰化市,華陽里,5,一心新村,8號,,9,彰化縣彰化市華陽里5鄰一心新村8號之9,204953.17,2662999.11,170727,彰化縣政府
TW,台灣省,彰化縣,彰化市,華陽里,5,一心新村,8號,,10,彰化縣彰化市華陽里5鄰一心新村8號之10,204956.45,2662994.85,170727,彰化縣政府
TW,台灣省,彰化縣,彰化市,華陽里,4,一心新村,9號,,1,彰化縣彰化市華陽里4鄰一心新村9號之1,204937.11,2662975.7,170727,彰化縣政府
TW,台灣省,彰化縣,彰化市,華陽里,4,一心新村,9號,,2,彰化縣彰化市華陽里4鄰一心新村9號之2,204944.46,2662965.44,170727,彰化縣政府
TW,台灣省,彰化縣,彰化市,華陽里,4,一心新村,9號,,5,彰化縣彰化市華陽里4鄰一心新村9號之5,204956.65,2662950.94,170727,彰化縣政府
TW,台灣省,彰化縣,彰化市,華陽里,4,一心新村,11號,,3,彰化縣彰化市華陽里4鄰一心新村11號之3,204962.98,2662970.69,170727,彰化縣政府
TW,台灣省,彰化縣,彰化市,華陽里,4,一心新村,12號,,1,彰化縣彰化市華陽里4鄰一心新村12號之1,204962.23,2662989.82,170727,彰化縣政府
TW,台灣省,彰化縣,彰化市,華陽里,4,一心新村,12號,,2,彰化縣彰化市華陽里4鄰一心新村12號之2,204965.02,2662984.85,170727,彰化縣政府
TW,台灣省,彰化縣,彰化市,華陽里,4,一心新村,12號,,3,彰化縣彰化市華陽里4鄰一心新村12號之3,204968.44,2662979.88,170727,彰化縣政府
TW,台灣省,彰化縣,彰化市,華陽里,4,一心新村,12號,,4,彰化縣彰化市華陽里4鄰一心新村12號之4,204972.31,2662974.3,170727,彰化縣政府
TW,台灣省,彰化縣,彰化市,華陽里,4,一心新村,12號,,5,彰化縣彰化市華陽里4鄰一心新村12號之5,204976.19,2662969.18,170727,彰化縣政府
TW,台灣省,彰化縣,彰化市,華陽里,4,一心新村,12號,,6,彰化縣彰化市華陽里4鄰一心新村12號之6,204979.92,2662964.67,170727,彰化縣政府
TW,台灣省,彰化縣,彰化市,華陽里,4,一心新村,12號,,8,彰化縣彰化市華陽里4鄰一心新村12號之8,204987.52,2662953.81,170727,彰化縣政府
TW,台灣省,彰化縣,彰化市,華陽里,4,一心新村,12號,,9,彰化縣彰化市華陽里4鄰一心新村12號之9,204991.87,2662948.07,170727,彰化縣政府
TW,台灣省,彰化縣,彰化市,華陽里,3,一心新村,13號,,1,彰化縣彰化市華陽里3鄰一心新村13號之1,204984.73,2662920.76,170727,彰化縣政府
TW,台灣省,彰化縣,彰化市,華陽里,3,一心新村,13號,,2,彰化縣彰化市華陽里3鄰一心新村13號之2,204988.29,2662915.46,170727,彰化縣政府
TW,台灣省,彰化縣,彰化市,華陽里,3,一心新村,13號,,3,彰化縣彰化市華陽里3鄰一心新村13號之3,204991.25,2662909.89,170727,彰化縣政府
TW,台灣省,彰化縣,彰化市,華陽里,3,一心新村,13號,,4,彰化縣彰化市華陽里3鄰一心新村13號之4,204995.59,2662903.84,170727,彰化縣政府
TW,台灣省,彰化縣,彰化市,華陽里,3,一心新村,13號,,5,彰化縣彰化市華陽里3鄰一心新村13號之5,204999.47,2662898.88,170727,彰化縣政府
TW,台灣省,彰化縣,彰化市,華陽里,3,一心新村,13號,,6,彰化縣彰化市華陽里3鄰一心新村13號之6,205002.73,2662893.13,170727,彰化縣政府
TW,台灣省,彰化縣,彰化市,華陽里,3,一心新村,13號,,7,彰化縣彰化市華陽里3鄰一心新村13號之7,205006.61,2662887.7,170727,彰化縣政府
TW,台灣省,彰化縣,彰化市,華陽里,3,一心新村,13號,,8,彰化縣彰化市華陽里3鄰一心新村13號之8,205011.27,2662881.65,170727,彰化縣政府
TW,台灣省,彰化縣,彰化市,華陽里,3,一心新村,13號,,9,彰化縣彰化市華陽里3鄰一心新村13號之9,205014.68,2662876.37,170727,彰化縣政府
TW,台灣省,彰化縣,彰化市,華陽里,3,一心新村,13號,,10,彰化縣彰化市華陽里3鄰一心新村13號之10,205017.63,2662871.41,170727,彰化縣政府
TW,台灣省,彰化縣,彰化市,華陽里,3,一心新村,14號,,1,彰化縣彰化市華陽里3鄰一心新村14號之1,204990.52,2662924.81,170727,彰化縣政府
TW,台灣省,彰化縣,彰化市,華陽里,3,一心新村,14號,,2,彰化縣彰化市華陽里3鄰一心新村14號之2,204994.6,2662919.49,170727,彰化縣政府
TW,台灣省,彰化縣,彰化市,華陽里,3,一心新村,14號,,3,彰化縣彰化市華陽里3鄰一心新村14號之3,204998.04,2662913.59,170727,彰化縣政府
TW,台灣省,彰化縣,彰化市,華陽里,3,一心新村,14號,,4,彰化縣彰化市華陽里3鄰一心新村14號之4,205001.49,2662908.35,170727,彰化縣政府
TW,台灣省,彰化縣,彰化市,華陽里,3,一心新村,14號,,5,彰化縣彰化市華陽里3鄰一心新村14號之5,205005.42,2662902.29,170727,彰化縣政府
TW,台灣省,彰化縣,彰化市,華陽里,3,一心新村,14號,,6,彰化縣彰化市華陽里3鄰一心新村14號之6,205009.35,2662896.88,170727,彰化縣政府
TW,台灣省,彰化縣,彰化市,華陽里,3,一心新村,14號,,7,彰化縣彰化市華陽里3鄰一心新村14號之7,205013.55,2662891.46,170727,彰化縣政府
TW,台灣省,彰化縣,彰化市,華陽里,3,一心新村,14號,,8,彰化縣彰化市華陽里3鄰一心新村14號之8,205017.87,2662885.88,170727,彰化縣政府
TW,台灣省,彰化縣,彰化市,華陽里,3,一心新村,14號,,9,彰化縣彰化市華陽里3鄰一心新村14號之9,205021.5,2662879.88,170727,彰化縣政府
TW,台灣省,彰化縣,彰化市,華陽里,3,一心新村,14號,,10,彰化縣彰化市華陽里3鄰一心新村14號之10,205023.77,2662875.74,170727,彰化縣政府
TW,台灣省,彰化縣,彰化市,華陽里,3,一心新村,15號,,1,彰化縣彰化市華陽里3鄰一心新村15號之1,204998.23,2662930.69,170727,彰化縣政府
TW,台灣省,彰化縣,彰化市,華陽里,3,一心新村,15號,,2,彰化縣彰化市華陽里3鄰一心新村15號之2,205002.42,2662925.1,170727,彰化縣政府
TW,台灣省,彰化縣,彰化市,華陽里,3,一心新村,15號,,3,彰化縣彰化市華陽里3鄰一心新村15號之3,205005.52,2662919.98,170727,彰化縣政府
TW,台灣省,彰化縣,彰化市,華陽里,3,一心新村,15號,,4,彰化縣彰化市華陽里3鄰一心新村15號之4,205009.36,2662914.21,170727,彰化縣政府
TW,台灣省,彰化縣,彰化市,華陽里,3,一心新村,15號,,5,彰化縣彰化市華陽里3鄰一心新村15號之5,205012.97,2662909.58,170727,彰化縣政府
TW,台灣省,彰化縣,彰化市,華陽里,3,一心新村,15號,,6,彰化縣彰化市華陽里3鄰一心新村15號之6,205017.16,2662904.62,170727,彰化縣政府
TW,台灣省,彰化縣,彰化市,華陽里,3,一心新村,15號,,7,彰化縣彰化市華陽里3鄰一心新村15號之7,205020.27,2662898.72,170727,彰化縣政府
TW,台灣省,彰化縣,彰化市,華陽里,3,一心新村,15號,,8,彰化縣彰化市華陽里3鄰一心新村15號之8,205023.68,2662892.82,170727,彰化縣政府
TW,台灣省,彰化縣,彰化市,華陽里,3,一心新村,15號,,9,彰化縣彰化市華陽里3鄰一心新村15號之9,205028.03,2662887.7,170727,彰化縣政府
TW,台灣省,彰化縣,彰化市,華陽里,3,一心新村,15號,,10,彰化縣彰化市華陽里3鄰一心新村15號之10,205032.68,2662882.58,170727,彰化縣政府
TW,台灣省,彰化縣,彰化市,華陽里,8,親仁新村,6號,,,彰化縣彰化市華陽里8鄰親仁新村6號,204665.91,2663259.08,170727,彰化縣政府
TW,台灣省,彰化縣,彰化市,華陽里,8,親仁新村,23號,,,彰化縣彰化市華陽里8鄰親仁新村23號,204657.57,2663276.88,170727,彰化縣政府
TW,台灣省,彰化縣,彰化市,西勢里,1,西勢莊,14號,,,彰化縣彰化市西勢里1鄰西勢莊14號,202660.51,2664312.43,170727,彰化縣政府
TW,台灣省,彰化縣,彰化市,龍山里,5,中興莊,83號,,,彰化縣彰化市龍山里5鄰中興莊83號,204192.07,2664244.88,170727,彰化縣政府
TW,台灣省,彰化縣,彰化市,龍山里,5,中興莊,11號,,1,彰化縣彰化市龍山里5鄰中興莊11號之1,204103.67,2664144.92,170727,彰化縣政府
TW,台灣省,彰化縣,彰化市,龍山里,5,中興莊,1號,,1,彰化縣彰化市龍山里5鄰中興莊1號之1,204111.02,2664140.72,170727,彰化縣政府
TW,台灣省,彰化縣,彰化市,龍山里,5,中興莊,5之3號,,,彰化縣彰化市龍山里5鄰中興莊5之3號,204098.14,2664168.98,170727,彰化縣政府
TW,台灣省,彰化縣,彰化市,龍山里,5,中興莊,12號,,,彰化縣彰化市龍山里5鄰中興莊12號,204101.36,2664196.55,170727,彰化縣政府
TW,台灣省,彰化縣,彰化市,龍山里,5,中興莊,21號,,,彰化縣彰化市龍山里5鄰中興莊21號,204102.37,2664206.91,170727,彰化縣政府
TW,台灣省,彰化縣,彰化市,龍山里,5,中興莊,21之1號,,,彰化縣彰化市龍山里5鄰中興莊21之1號,204103.41,2664209.69,170727,彰化縣政府
TW,台灣省,彰化縣,彰化市,龍山里,5,中興莊,30號,,,彰化縣彰化市龍山里5鄰中興莊30號,204106.44,2664221.1,170727,彰化縣政府
TW,台灣省,彰化縣,彰化市,龍山里,5,中興莊,38號,,,彰化縣彰化市龍山里5鄰中興莊38號,204146.65,2664212.55,170727,彰化縣政府
TW,台灣省,彰化縣,彰化市,龍山里,5,中興莊,39號,,,彰化縣彰化市龍山里5鄰中興莊39號,204109.54,2664230.96,170727,彰化縣政府
TW,台灣省,彰化縣,彰化市,龍山里,5,中興莊,39之1號,,,彰化縣彰化市龍山里5鄰中興莊39之1號,204108.7,2664227.97,170727,彰化縣政府