addr:country,addr:province,addr:city,addr:district,addr:hamlet,addr:neighbourhood,addr:street,addr:place,addr:housenumber,addr:floor,addr:unit,addr:full,x,y,addr:TW:dataset,source
TW,台灣省,彰化縣,北斗鎮,東光里,5,斗中路,七巧新村,1號,,,彰化縣北斗鎮東光里5鄰斗中路七巧新村1號,202561.037,2640722.695,170727,彰化縣政府
TW,台灣省,彰化縣,北斗鎮,東光里,5,斗中路,七巧新村,2號,,,彰化縣北斗鎮東光里5鄰斗中路七巧新村2號,202556.31,2640722.695,170727,彰化縣政府
TW,台灣省,彰化縣,北斗鎮,東光里,5,斗中路,七巧新村,3號,,,彰化縣北斗鎮東光里5鄰斗中路七巧新村3號,202551.731,2640722.096,170727,彰化縣政府
TW,台灣省,彰化縣,北斗鎮,東光里,5,斗中路,七巧新村,4號,,,彰化縣北斗鎮東光里5鄰斗中路七巧新村4號,202547.004,2640721.645,170727,彰化縣政府
TW,台灣省,彰化縣,北斗鎮,東光里,5,斗中路,七巧新村,5號,,,彰化縣北斗鎮東光里5鄰斗中路七巧新村5號,202542.426,2640721.044,170727,彰化縣政府
TW,台灣省,彰化縣,北斗鎮,東光里,5,斗中路,七巧新村,6號,,,彰化縣北斗鎮東光里5鄰斗中路七巧新村6號,202538.074,2640720.519,170727,彰化縣政府
TW,台灣省,彰化縣,北斗鎮,東光里,5,斗中路,七巧新村,7號,,,彰化縣北斗鎮東光里5鄰斗中路七巧新村7號,202533.27,2640720.219,170727,彰化縣政府
TW,台灣省,彰化縣,北斗鎮,東光里,5,斗中路,七巧新村,8號,,,彰化縣北斗鎮東光里5鄰斗中路七巧新村8號,202529.668,2640720.069,170727,彰化縣政府
TW,台灣省,彰化縣,北斗鎮,東光里,5,斗中路,七巧新村,9號,,,彰化縣北斗鎮東光里5鄰斗中路七巧新村9號,202525.166,2640719.544,170727,彰化縣政府
TW,台灣省,彰化縣,北斗鎮,東光里,5,斗中路,七巧新村,10號,,,彰化縣北斗鎮東光里5鄰斗中路七巧新村10號,202521.188,2640719.169,170727,彰化縣政府
TW,台灣省,彰化縣,北斗鎮,東光里,5,斗中路,七巧新村,11號,,,彰化縣北斗鎮東光里5鄰斗中路七巧新村11號,202516.685,2640718.569,170727,彰化縣政府
TW,台灣省,彰化縣,北斗鎮,東光里,5,斗中路,七巧新村,12號,,,彰化縣北斗鎮東光里5鄰斗中路七巧新村12號,202512.333,2640718.419,170727,彰化縣政府
TW,台灣省,彰化縣,北斗鎮,東光里,5,斗中路,七巧新村,13號,,,彰化縣北斗鎮東光里5鄰斗中路七巧新村13號,202508.206,2640717.818,170727,彰化縣政府
TW,台灣省,彰化縣,北斗鎮,東光里,5,斗中路,七巧新村,14號,,,彰化縣北斗鎮東光里5鄰斗中路七巧新村14號,202504.153,2640717.368,170727,彰化縣政府
TW,台灣省,彰化縣,北斗鎮,東光里,5,斗中路,七巧新村,15號,,,彰化縣北斗鎮東光里5鄰斗中路七巧新村15號,202500.176,2640716.917,170727,彰化縣政府
TW,台灣省,彰化縣,北斗鎮,東光里,5,斗中路,七巧新村,16號,,,彰化縣北斗鎮東光里5鄰斗中路七巧新村16號,202495.673,2640715.792,170727,彰化縣政府
TW,台灣省,彰化縣,北斗鎮,東光里,5,斗中路,七巧新村,17號,,,彰化縣北斗鎮東光里5鄰斗中路七巧新村17號,202490.795,2640715.342,170727,彰化縣政府
TW,台灣省,彰化縣,北斗鎮,東光里,5,斗中路,七巧新村,18號,,,彰化縣北斗鎮東光里5鄰斗中路七巧新村18號,202482.69,2640716.61,170727,彰化縣政府
TW,台灣省,彰化縣,北斗鎮,東光里,5,斗中路,七巧新村,18號,2,,彰化縣北斗鎮東光里5鄰斗中路七巧新村18號二樓,202482.69,2640716.61,170727,彰化縣政府
TW,台灣省,彰化縣,北斗鎮,東光里,5,斗中路,七巧新村,18號,3,,彰化縣北斗鎮東光里5鄰斗中路七巧新村18號三樓,202482.69,2640716.61,170727,彰化縣政府
TW,台灣省,彰化縣,北斗鎮,東光里,5,斗中路,七巧新村,18號,4,,彰化縣北斗鎮東光里5鄰斗中路七巧新村18號四樓,202482.69,2640716.61,170727,彰化縣政府
TW,台灣省,彰化縣,北斗鎮,東光里,5,斗中路,七巧新村,18號,5,,彰化縣北斗鎮東光里5鄰斗中路七巧新村18號五樓,202482.69,2640716.61,170727,彰化縣政府
TW,台灣省,彰化縣,北斗鎮,東光里,5,斗中路,七巧新村,19號,1,,彰化縣北斗鎮東光里5鄰斗中路七巧新村19號一樓,202470.9,2640716.24,170727,彰化縣政府
TW,台灣省,彰化縣,北斗鎮,東光里,5,斗中路,七巧新村,19號,,,彰化縣北斗鎮東光里5鄰斗中路七巧新村19號,202470.9,2640716.24,170727,彰化縣政府
TW,台灣省,彰化縣,北斗鎮,東光里,5,斗中路,七巧新村,19號,2,,彰化縣北斗鎮東光里5鄰斗中路七巧新村19號二樓,202470.9,2640716.24,170727,彰化縣政府
TW,台灣省,彰化縣,北斗鎮,東光里,5,斗中路,七巧新村,19號,3,,彰化縣北斗鎮東光里5鄰斗中路七巧新村19號三樓,202470.9,2640716.24,170727,彰化縣政府
TW,台灣省,彰化縣,北斗鎮,東光里,5,斗中路,七巧新村,19號,4,,彰化縣北斗鎮東光里5鄰斗中路七巧新村19號四樓,202470.9,2640716.24,170727,彰化縣政府
TW,台灣省,彰化縣,北斗鎮,東光里,5,斗中路,七巧新村,19號,5,,彰化縣北斗鎮東光里5鄰斗中路七巧新村19號五樓,202470.9,2640716.24,170727,彰化縣政府
TW,台灣省,彰化縣,北斗鎮,東光里,5,斗中路,七巧新村,21號,,,彰化縣北斗鎮東光里5鄰斗中路七巧新村21號,202466.397,2640730.033,170727,彰化縣政府
TW,台灣省,彰化縣,北斗鎮,東光里,5,斗中路,七巧新村,28號,,,彰化縣北斗鎮東光里5鄰斗中路七巧新村28號,202555.966,2640697.195,170727,彰化縣政府
TW,台灣省,彰化縣,北斗鎮,東光里,5,斗中路,七巧新村,29號,,,彰化縣北斗鎮東光里5鄰斗中路七巧新村29號,202548.057,2640696.997,170727,彰化縣政府
TW,台灣省,彰化縣,北斗鎮,東光里,5,斗中路,七巧新村,30號,,,彰化縣北斗鎮東光里5鄰斗中路七巧新村30號,202542.618,2640696.305,170727,彰化縣政府
TW,台灣省,彰化縣,北斗鎮,東光里,5,斗中路,七巧新村,31號,,,彰化縣北斗鎮東光里5鄰斗中路七巧新村31號,202535.5,2640695.415,170727,彰化縣政府
TW,台灣省,彰化縣,北斗鎮,東光里,5,斗中路,七巧新村,32號,,,彰化縣北斗鎮東光里5鄰斗中路七巧新村32號,202528.975,2640694.723,170727,彰化縣政府
TW,台灣省,彰化縣,北斗鎮,東光里,5,斗中路,七巧新村,33號,,,彰化縣北斗鎮東光里5鄰斗中路七巧新村33號,202521.757,2640694.624,170727,彰化縣政府
TW,台灣省,彰化縣,北斗鎮,東光里,5,斗中路,七巧新村,34號,,,彰化縣北斗鎮東光里5鄰斗中路七巧新村34號,202514.539,2640694.031,170727,彰化縣政府
TW,台灣省,彰化縣,北斗鎮,東光里,5,斗中路,七巧新村,35號,,,彰化縣北斗鎮東光里5鄰斗中路七巧新村35號,202507.915,2640693.141,170727,彰化縣政府
TW,台灣省,彰化縣,北斗鎮,東光里,5,斗中路,七巧新村,36號,,,彰化縣北斗鎮東光里5鄰斗中路七巧新村36號,202501.686,2640692.647,170727,彰化縣政府
TW,台灣省,彰化縣,北斗鎮,東光里,5,斗中路,七巧新村,37號,,,彰化縣北斗鎮東光里5鄰斗中路七巧新村37號,202494.666,2640692.35,170727,彰化縣政府
TW,台灣省,彰化縣,北斗鎮,東光里,5,斗中路,七巧新村,38號,,,彰化縣北斗鎮東光里5鄰斗中路七巧新村38號,202488.141,2640692.054,170727,彰化縣政府
TW,台灣省,彰化縣,北斗鎮,東光里,5,斗中路,七巧新村,39號,,,彰化縣北斗鎮東光里5鄰斗中路七巧新村39號,202482.01,2640691.559,170727,彰化縣政府
TW,台灣省,彰化縣,北斗鎮,東光里,5,斗中路,七巧新村,40號,,,彰化縣北斗鎮東光里5鄰斗中路七巧新村40號,202474.991,2640695.218,170727,彰化縣政府
TW,台灣省,彰化縣,北斗鎮,東光里,5,斗中路,七巧新村,41號,,,彰化縣北斗鎮東光里5鄰斗中路七巧新村41號,202467.278,2640694.822,170727,彰化縣政府
TW,台灣省,彰化縣,北斗鎮,東光里,12,斗中路,東青新村,1號,,,彰化縣北斗鎮東光里12鄰斗中路東青新村1號,202600.493,2640730.535,170727,彰化縣政府
TW,台灣省,彰化縣,北斗鎮,東光里,12,斗中路,東青新村,1之1號,,,彰化縣北斗鎮東光里12鄰斗中路東青新村1之1號,202591.668,2640728.775,170727,彰化縣政府
TW,台灣省,彰化縣,北斗鎮,東光里,12,斗中路,東青新村,2號,,,彰化縣北斗鎮東光里12鄰斗中路東青新村2號,202597.562,2640716.573,170727,彰化縣政府
TW,台灣省,彰化縣,北斗鎮,東光里,12,斗中路,東青新村,3號,,,彰化縣北斗鎮東光里12鄰斗中路東青新村3號,202607.48,2640731.508,170727,彰化縣政府
TW,台灣省,彰化縣,北斗鎮,東光里,12,斗中路,東青新村,4號,,,彰化縣北斗鎮東光里12鄰斗中路東青新村4號,202600.993,2640716.666,170727,彰化縣政府
TW,台灣省,彰化縣,北斗鎮,東光里,12,斗中路,東青新村,5號,,,彰化縣北斗鎮東光里12鄰斗中路東青新村5號,202614.292,2640731.419,170727,彰化縣政府
TW,台灣省,彰化縣,北斗鎮,東光里,12,斗中路,東青新村,6號,,,彰化縣北斗鎮東光里12鄰斗中路東青新村6號,202606.43,2640716.231,170727,彰化縣政府
TW,台灣省,彰化縣,北斗鎮,東光里,12,斗中路,東青新村,7號,,,彰化縣北斗鎮東光里12鄰斗中路東青新村7號,202622.81,2640730.71,170727,彰化縣政府
TW,台灣省,彰化縣,北斗鎮,東光里,12,斗中路,東青新村,8號,,,彰化縣北斗鎮東光里12鄰斗中路東青新村8號,202613.043,2640716.532,170727,彰化縣政府
TW,台灣省,彰化縣,北斗鎮,東光里,12,斗中路,東青新村,9號,,,彰化縣北斗鎮東光里12鄰斗中路東青新村9號,202627.826,2640730.358,170727,彰化縣政府
TW,台灣省,彰化縣,北斗鎮,東光里,12,斗中路,東青新村,10號,,,彰化縣北斗鎮東光里12鄰斗中路東青新村10號,202620.482,2640716.381,170727,彰化縣政府
TW,台灣省,彰化縣,北斗鎮,東光里,12,斗中路,東青新村,11號,,,彰化縣北斗鎮東光里12鄰斗中路東青新村11號,202633.786,2640730.326,170727,彰化縣政府
TW,台灣省,彰化縣,北斗鎮,東光里,12,斗中路,東青新村,12號,,,彰化縣北斗鎮東光里12鄰斗中路東青新村12號,202626.34,2640716.16,170727,彰化縣政府
TW,台灣省,彰化縣,北斗鎮,東光里,12,斗中路,東青新村,14號,,,彰化縣北斗鎮東光里12鄰斗中路東青新村14號,202633.105,2640716.08,170727,彰化縣政府
TW,台灣省,彰化縣,北斗鎮,東光里,12,斗中路,東青新村,15號,,,彰化縣北斗鎮東光里12鄰斗中路東青新村15號,202642.733,2640730.48,170727,彰化縣政府
TW,台灣省,彰化縣,北斗鎮,東光里,12,斗中路,東青新村,16號,,,彰化縣北斗鎮東光里12鄰斗中路東青新村16號,202637.538,2640715.78,170727,彰化縣政府
TW,台灣省,彰化縣,北斗鎮,東光里,12,斗中路,東青新村,17號,,,彰化縣北斗鎮東光里12鄰斗中路東青新村17號,202646.705,2640730.133,170727,彰化縣政府
TW,台灣省,彰化縣,北斗鎮,東光里,12,斗中路,東青新村,18號,,,彰化縣北斗鎮東光里12鄰斗中路東青新村18號,202641.746,2640716.006,170727,彰化縣政府
TW,台灣省,彰化縣,北斗鎮,東光里,12,斗中路,東青新村,19號,,,彰化縣北斗鎮東光里12鄰斗中路東青新村19號,202651.102,2640730.326,170727,彰化縣政府
TW,台灣省,彰化縣,北斗鎮,東光里,12,斗中路,東青新村,20號,,,彰化縣北斗鎮東光里12鄰斗中路東青新村20號,202646.479,2640715.78,170727,彰化縣政府
TW,台灣省,彰化縣,北斗鎮,東光里,12,斗中路,東青新村,21號,,,彰化縣北斗鎮東光里12鄰斗中路東青新村21號,202655.46,2640730.288,170727,彰化縣政府
TW,台灣省,彰化縣,北斗鎮,東光里,12,斗中路,東青新村,22號,,,彰化縣北斗鎮東光里12鄰斗中路東青新村22號,202650.461,2640715.705,170727,彰化縣政府
TW,台灣省,彰化縣,北斗鎮,東光里,12,斗中路,東青新村,23號,,,彰化縣北斗鎮東光里12鄰斗中路東青新村23號,202659.741,2640730.134,170727,彰化縣政府
TW,台灣省,彰化縣,北斗鎮,東光里,12,斗中路,東青新村,24號,,,彰化縣北斗鎮東光里12鄰斗中路東青新村24號,202654.921,2640715.43,170727,彰化縣政府
TW,台灣省,彰化縣,北斗鎮,東光里,12,斗中路,東青新村,25號,,,彰化縣北斗鎮東光里12鄰斗中路東青新村25號,202663.752,2640730.018,170727,彰化縣政府
TW,台灣省,彰化縣,北斗鎮,東光里,12,斗中路,東青新村,26號,,,彰化縣北斗鎮東光里12鄰斗中路東青新村26號,202659.408,2640715.618,170727,彰化縣政府
TW,台灣省,彰化縣,北斗鎮,東光里,12,斗中路,東青新村,27號,,,彰化縣北斗鎮東光里12鄰斗中路東青新村27號,202668.341,2640729.71,170727,彰化縣政府
TW,台灣省,彰化縣,北斗鎮,東光里,12,斗中路,東青新村,28號,,,彰化縣北斗鎮東光里12鄰斗中路東青新村28號,202663.802,2640715.056,170727,彰化縣政府
TW,台灣省,彰化縣,北斗鎮,東光里,12,斗中路,東青新村,29號,,,彰化縣北斗鎮東光里12鄰斗中路東青新村29號,202672.468,2640729.671,170727,彰化縣政府
TW,台灣省,彰化縣,北斗鎮,東光里,12,斗中路,東青新村,30號,,,彰化縣北斗鎮東光里12鄰斗中路東青新村30號,202667.957,2640715.063,170727,彰化縣政府
TW,台灣省,彰化縣,北斗鎮,東光里,12,斗中路,東青新村,31號,,,彰化縣北斗鎮東光里12鄰斗中路東青新村31號,202677.134,2640729.786,170727,彰化縣政府
TW,台灣省,彰化縣,北斗鎮,東光里,12,斗中路,東青新村,32號,,,彰化縣北斗鎮東光里12鄰斗中路東青新村32號,202672.026,2640715.158,170727,彰化縣政府
TW,台灣省,彰化縣,北斗鎮,東光里,12,斗中路,東青新村,33號,,,彰化縣北斗鎮東光里12鄰斗中路東青新村33號,202681.223,2640729.671,170727,彰化縣政府
TW,台灣省,彰化縣,北斗鎮,東光里,12,斗中路,東青新村,34號,,,彰化縣北斗鎮東光里12鄰斗中路東青新村34號,202676.191,2640715.014,170727,彰化縣政府
TW,台灣省,彰化縣,北斗鎮,東光里,12,斗中路,東青新村,35號,,,彰化縣北斗鎮東光里12鄰斗中路東青新村35號,202685.62,2640729.864,170727,彰化縣政府
TW,台灣省,彰化縣,北斗鎮,東光里,12,斗中路,東青新村,36號,,,彰化縣北斗鎮東光里12鄰斗中路東青新村36號,202680.355,2640714.967,170727,彰化縣政府
TW,台灣省,彰化縣,北斗鎮,東光里,12,斗中路,東青新村,37號,,,彰化縣北斗鎮東光里12鄰斗中路東青新村37號,202689.939,2640729.941,170727,彰化縣政府
TW,台灣省,彰化縣,北斗鎮,東光里,12,斗中路,東青新村,38號,,,彰化縣北斗鎮東光里12鄰斗中路東青新村38號,202684.854,2640714.583,170727,彰化縣政府
TW,台灣省,彰化縣,北斗鎮,東光里,12,斗中路,東青新村,39號,,,彰化縣北斗鎮東光里12鄰斗中路東青新村39號,202694.182,2640729.902,170727,彰化縣政府
TW,台灣省,彰化縣,北斗鎮,東光里,12,斗中路,東青新村,40號,,,彰化縣北斗鎮東光里12鄰斗中路東青新村40號,202689.306,2640714.631,170727,彰化縣政府
TW,台灣省,彰化縣,北斗鎮,東光里,12,斗中路,東青新村,41號,,,彰化縣北斗鎮東光里12鄰斗中路東青新村41號,202698.424,2640729.67,170727,彰化縣政府
TW,台灣省,彰化縣,北斗鎮,東光里,12,斗中路,東青新村,42號,,,彰化縣北斗鎮東光里12鄰斗中路東青新村42號,202693.279,2640714.44,170727,彰化縣政府
TW,台灣省,彰化縣,北斗鎮,東光里,12,斗中路,東青新村,42之1號,,,彰化縣北斗鎮東光里12鄰斗中路東青新村42之1號,202697.54,2640714.488,170727,彰化縣政府
TW,台灣省,彰化縣,北斗鎮,東光里,12,斗中路,東青新村,43號,,,彰化縣北斗鎮東光里12鄰斗中路東青新村43號,202702.435,2640729.478,170727,彰化縣政府
TW,台灣省,彰化縣,北斗鎮,東光里,12,斗中路,東青新村,45號,,,彰化縣北斗鎮東光里12鄰斗中路東青新村45號,202707.218,2640729.67,170727,彰化縣政府
TW,台灣省,彰化縣,北斗鎮,東光里,12,斗中路,東青新村,46號,,,彰化縣北斗鎮東光里12鄰斗中路東青新村46號,202701.417,2640714.536,170727,彰化縣政府
TW,台灣省,彰化縣,北斗鎮,東光里,12,斗中路,東青新村,47號,,,彰化縣北斗鎮東光里12鄰斗中路東青新村47號,202711.306,2640729.246,170727,彰化縣政府
TW,台灣省,彰化縣,北斗鎮,東光里,12,斗中路,東青新村,48號,,,彰化縣北斗鎮東光里12鄰斗中路東青新村48號,202705.055,2640714.44,170727,彰化縣政府
TW,台灣省,彰化縣,北斗鎮,東光里,12,斗中路,東青新村,49號,,,彰化縣北斗鎮東光里12鄰斗中路東青新村49號,202717.091,2640727.897,170727,彰化縣政府
TW,台灣省,彰化縣,北斗鎮,東光里,12,斗中路,東青新村,50號,,,彰化縣北斗鎮東光里12鄰斗中路東青新村50號,202708.55,2640714.249,170727,彰化縣政府
TW,台灣省,彰化縣,北斗鎮,東光里,12,斗中路,東青新村,51號,,,彰化縣北斗鎮東光里12鄰斗中路東青新村51號,202723.879,2640727.82,170727,彰化縣政府
TW,台灣省,彰化縣,北斗鎮,東光里,12,斗中路,東青新村,52號,,,彰化縣北斗鎮東光里12鄰斗中路東青新村52號,202711.804,2640714.297,170727,彰化縣政府
TW,台灣省,彰化縣,北斗鎮,東光里,12,斗中路,東青新村,53號,,,彰化縣北斗鎮東光里12鄰斗中路東青新村53號,202730.744,2640727.396,170727,彰化縣政府
TW,台灣省,彰化縣,北斗鎮,東光里,12,斗中路,東青新村,54號,,,彰化縣北斗鎮東光里12鄰斗中路東青新村54號,202722.288,2640713.77,170727,彰化縣政府
TW,台灣省,彰化縣,北斗鎮,東光里,12,斗中路,東青新村,55號,,,彰化縣北斗鎮東光里12鄰斗中路東青新村55號,202737.802,2640727.318,170727,彰化縣政府
TW,台灣省,彰化縣,北斗鎮,東光里,12,斗中路,東青新村,56號,,,彰化縣北斗鎮東光里12鄰斗中路東青新村56號,202730.808,2640713.483,170727,彰化縣政府
TW,台灣省,彰化縣,北斗鎮,東光里,12,斗中路,東青新村,57號,,,彰化縣北斗鎮東光里12鄰斗中路東青新村57號,202744.937,2640726.855,170727,彰化縣政府
TW,台灣省,彰化縣,北斗鎮,東光里,12,斗中路,東青新村,58號,,,彰化縣北斗鎮東光里12鄰斗中路東青新村58號,202737.844,2640713.386,170727,彰化縣政府
TW,台灣省,彰化縣,北斗鎮,東光里,12,斗中路,東青新村,59號,,,彰化縣北斗鎮東光里12鄰斗中路東青新村59號,202751.957,2640726.624,170727,彰化縣政府
TW,台灣省,彰化縣,北斗鎮,東光里,12,斗中路,東青新村,60號,,,彰化縣北斗鎮東光里12鄰斗中路東青新村60號,202745.121,2640713.195,170727,彰化縣政府
TW,台灣省,彰化縣,北斗鎮,東光里,13,斗中路,東青新村,61號,,,彰化縣北斗鎮東光里13鄰斗中路東青新村61號,202758.783,2640726.547,170727,彰化縣政府
TW,台灣省,彰化縣,北斗鎮,東光里,13,斗中路,東青新村,62號,,,彰化縣北斗鎮東光里13鄰斗中路東青新村62號,202752.061,2640713.051,170727,彰化縣政府
TW,台灣省,彰化縣,北斗鎮,東光里,13,斗中路,東青新村,63號,,,彰化縣北斗鎮東光里13鄰斗中路東青新村63號,202765.841,2640726.431,170727,彰化縣政府
TW,台灣省,彰化縣,北斗鎮,東光里,13,斗中路,東青新村,64號,,,彰化縣北斗鎮東光里13鄰斗中路東青新村64號,202758.811,2640712.908,170727,彰化縣政府
TW,台灣省,彰化縣,北斗鎮,東光里,13,斗中路,東青新村,65號,,,彰化縣北斗鎮東光里13鄰斗中路東青新村65號,202772.205,2640726.199,170727,彰化縣政府
TW,台灣省,彰化縣,北斗鎮,東光里,13,斗中路,東青新村,66號,,,彰化縣北斗鎮東光里13鄰斗中路東青新村66號,202765.895,2640712.526,170727,彰化縣政府
TW,台灣省,彰化縣,北斗鎮,東光里,13,斗中路,東青新村,67號,,,彰化縣北斗鎮東光里13鄰斗中路東青新村67號,202780.073,2640725.891,170727,彰化縣政府
TW,台灣省,彰化縣,北斗鎮,東光里,13,斗中路,東青新村,68號,,,彰化縣北斗鎮東光里13鄰斗中路東青新村68號,202772.836,2640712.382,170727,彰化縣政府
TW,台灣省,彰化縣,北斗鎮,東光里,13,斗中路,東青新村,69號,,,彰化縣北斗鎮東光里13鄰斗中路東青新村69號,202788.057,2640725.39,170727,彰化縣政府
TW,台灣省,彰化縣,北斗鎮,東光里,13,斗中路,東青新村,70號,,,彰化縣北斗鎮東光里13鄰斗中路東青新村70號,202780.016,2640712.238,170727,彰化縣政府
TW,台灣省,彰化縣,北斗鎮,東光里,13,斗中路,東青新村,72號,,,彰化縣北斗鎮東光里13鄰斗中路東青新村72號,202786.861,2640711.903,170727,彰化縣政府
TW,台灣省,彰化縣,北斗鎮,東光里,13,斗中路,東青新村,74號,,,彰化縣北斗鎮東光里13鄰斗中路東青新村74號,202793.562,2640711.855,170727,彰化縣政府
TW,台灣省,彰化縣,北斗鎮,東光里,13,斗中路,東青新村,76號,,,彰化縣北斗鎮東光里13鄰斗中路東青新村76號,202800.791,2640711.808,170727,彰化縣政府
TW,台灣省,彰化縣,北斗鎮,東光里,13,斗中路,東青新村,78號,,,彰化縣北斗鎮東光里13鄰斗中路東青新村78號,202807.636,2640711.664,170727,彰化縣政府
TW,台灣省,彰化縣,北斗鎮,東光里,13,斗中路,東青新村,79號,,,彰化縣北斗鎮東光里13鄰斗中路東青新村79號,202585.198,2640714.86,170727,彰化縣政府
TW,台灣省,彰化縣,北斗鎮,東光里,13,斗中路,東青新村,80號,,,彰化縣北斗鎮東光里13鄰斗中路東青新村80號,202584.593,2640707.49,170727,彰化縣政府
TW,台灣省,彰化縣,北斗鎮,東光里,13,斗中路,東青新村,81號,,,彰化縣北斗鎮東光里13鄰斗中路東青新村81號,202590.466,2640701.351,170727,彰化縣政府
TW,台灣省,彰化縣,北斗鎮,東光里,13,斗中路,東青新村,82號,,,彰化縣北斗鎮東光里13鄰斗中路東青新村82號,202590.563,2640697.001,170727,彰化縣政府
TW,台灣省,彰化縣,北斗鎮,東光里,13,斗中路,東青新村,83號,,,彰化縣北斗鎮東光里13鄰斗中路東青新村83號,202590.176,2640692.554,170727,彰化縣政府
TW,台灣省,彰化縣,北斗鎮,東光里,13,斗中路,東青新村,84號,,,彰化縣北斗鎮東光里13鄰斗中路東青新村84號,202589.789,2640688.301,170727,彰化縣政府
TW,台灣省,彰化縣,北斗鎮,東光里,13,斗中路,東青新村,85號,,,彰化縣北斗鎮東光里13鄰斗中路東青新村85號,202606.439,2640687.434,170727,彰化縣政府
TW,台灣省,彰化縣,北斗鎮,東光里,13,斗中路,東青新村,86號,,,彰化縣北斗鎮東光里13鄰斗中路東青新村86號,202611.132,2640691.176,170727,彰化縣政府
TW,台灣省,彰化縣,北斗鎮,東光里,13,斗中路,東青新村,87號,,,彰化縣北斗鎮東光里13鄰斗中路東青新村87號,202615.052,2640687.969,170727,彰化縣政府
TW,台灣省,彰化縣,北斗鎮,東光里,13,斗中路,東青新村,88號,,,彰化縣北斗鎮東光里13鄰斗中路東青新村88號,202619.269,2640687.909,170727,彰化縣政府
TW,台灣省,彰化縣,北斗鎮,東光里,13,斗中路,東青新村,89號,,,彰化縣北斗鎮東光里13鄰斗中路東青新村89號,202623.487,2640687.731,170727,彰化縣政府
TW,台灣省,彰化縣,北斗鎮,東光里,13,斗中路,東青新村,90號,,,彰化縣北斗鎮東光里13鄰斗中路東青新村90號,202627.823,2640688.385,170727,彰化縣政府
TW,台灣省,彰化縣,北斗鎮,東光里,13,斗中路,東青新村,91號,,,彰化縣北斗鎮東光里13鄰斗中路東青新村91號,202634.832,2640688.028,170727,彰化縣政府
TW,台灣省,彰化縣,北斗鎮,東光里,13,斗中路,東青新村,92號,,,彰化縣北斗鎮東光里13鄰斗中路東青新村92號,202642.732,2640688.206,170727,彰化縣政府
TW,台灣省,彰化縣,北斗鎮,東光里,13,斗中路,東青新村,93號,,,彰化縣北斗鎮東光里13鄰斗中路東青新村93號,202649.741,2640688.385,170727,彰化縣政府
TW,台灣省,彰化縣,北斗鎮,東光里,13,斗中路,東青新村,94號,,,彰化縣北斗鎮東光里13鄰斗中路東青新村94號,202656.512,2640688.266,170727,彰化縣政府
TW,台灣省,彰化縣,北斗鎮,東光里,13,斗中路,東青新村,95號,,,彰化縣北斗鎮東光里13鄰斗中路東青新村95號,202663.461,2640688.563,170727,彰化縣政府
TW,台灣省,彰化縣,北斗鎮,東光里,13,斗中路,東青新村,96號,,,彰化縣北斗鎮東光里13鄰斗中路東青新村96號,202671.008,2640689.307,170727,彰化縣政府
TW,台灣省,彰化縣,北斗鎮,東光里,13,斗中路,東青新村,97號,,,彰化縣北斗鎮東光里13鄰斗中路東青新村97號,202679.238,2640689.497,170727,彰化縣政府
TW,台灣省,彰化縣,北斗鎮,東光里,13,斗中路,東青新村,98號,,,彰化縣北斗鎮東光里13鄰斗中路東青新村98號,202687.846,2640689.497,170727,彰化縣政府
TW,台灣省,彰化縣,北斗鎮,東光里,13,斗中路,東青新村,99號,,,彰化縣北斗鎮東光里13鄰斗中路東青新村99號,202696.265,2640689.307,170727,彰化縣政府
TW,台灣省,彰化縣,北斗鎮,東光里,13,斗中路,東青新村,100號,,,彰化縣北斗鎮東光里13鄰斗中路東青新村100號,202704.148,2640689.663,170727,彰化縣政府
TW,台灣省,彰化縣,北斗鎮,東光里,13,斗中路,東青新村,101號,,,彰化縣北斗鎮東光里13鄰斗中路東青新村101號,202710.747,2640690.195,170727,彰化縣政府
TW,台灣省,彰化縣,北斗鎮,東光里,13,斗中路,東青新村,102號,,,彰化縣北斗鎮東光里13鄰斗中路東青新村102號,202722.579,2640690.259,170727,彰化縣政府
TW,台灣省,彰化縣,北斗鎮,東光里,13,斗中路,東青新村,103號,,,彰化縣北斗鎮東光里13鄰斗中路東青新村103號,202730.413,2640690.055,170727,彰化縣政府
TW,台灣省,彰化縣,北斗鎮,東光里,13,斗中路,東青新村,104號,,,彰化縣北斗鎮東光里13鄰斗中路東青新村104號,202736.748,2640690.463,170727,彰化縣政府
TW,台灣省,彰化縣,北斗鎮,東光里,13,斗中路,東青新村,105號,,,彰化縣北斗鎮東光里13鄰斗中路東青新村105號,202744.377,2640690.259,170727,彰化縣政府
TW,台灣省,彰化縣,北斗鎮,東光里,13,斗中路,東青新村,106號,,,彰化縣北斗鎮東光里13鄰斗中路東青新村106號,202750.917,2640690.463,170727,彰化縣政府
TW,台灣省,彰化縣,北斗鎮,東光里,13,斗中路,東青新村,107號,,,彰化縣北斗鎮東光里13鄰斗中路東青新村107號,202757.865,2640690.463,170727,彰化縣政府
TW,台灣省,彰化縣,北斗鎮,東光里,13,斗中路,東青新村,108號,,,彰化縣北斗鎮東光里13鄰斗中路東青新村108號,202765.018,2640690.872,170727,彰化縣政府
TW,台灣省,彰化縣,北斗鎮,東光里,13,斗中路,東青新村,109號,,,彰化縣北斗鎮東光里13鄰斗中路東青新村109號,202772.648,2640690.872,170727,彰化縣政府
TW,台灣省,彰化縣,北斗鎮,東光里,13,斗中路,東青新村,110號,,,彰化縣北斗鎮東光里13鄰斗中路東青新村110號,202779.323,2640691.145,170727,彰化縣政府
TW,台灣省,彰化縣,北斗鎮,東光里,13,斗中路,東青新村,111號,,,彰化縣北斗鎮東光里13鄰斗中路東青新村111號,202786.407,2640691.145,170727,彰化縣政府
TW,台灣省,彰化縣,北斗鎮,東光里,13,斗中路,東青新村,112號,,,彰化縣北斗鎮東光里13鄰斗中路東青新村112號,202792.947,2640691.349,170727,彰化縣政府
TW,台灣省,彰化縣,北斗鎮,東光里,13,斗中路,東青新村,113號,,,彰化縣北斗鎮東光里13鄰斗中路東青新村113號,202800.44,2640691.621,170727,彰化縣政府
TW,台灣省,彰化縣,北斗鎮,東光里,13,斗中路,東青新村,114號,,,彰化縣北斗鎮東光里13鄰斗中路東青新村114號,202807.729,2640692.098,170727,彰化縣政府
TW,台灣省,彰化縣,北斗鎮,東光里,13,斗中路,東青新村,115號,,,彰化縣北斗鎮東光里13鄰斗中路東青新村115號,202814.745,2640691.757,170727,彰化縣政府
TW,台灣省,彰化縣,北斗鎮,東光里,13,斗中路,東青新村,臨132號,,,彰化縣北斗鎮東光里13鄰斗中路東青新村臨132號,202764.22,2640680.02,170727,彰化縣政府
TW,台灣省,彰化縣,彰化市,中庄里,12,彰南路一段,台化一莊,1號,,之1,彰化縣彰化市中庄里12鄰彰南路一段台化一莊1號之1,205961.4,2664787.21,170727,彰化縣政府
TW,台灣省,彰化縣,彰化市,中庄里,12,彰南路一段,台化一莊,1號,,之2,彰化縣彰化市中庄里12鄰彰南路一段台化一莊1號之2,205954.28,2664791.54,170727,彰化縣政府
TW,台灣省,彰化縣,彰化市,中庄里,12,彰南路一段,台化一莊,1號,,之3,彰化縣彰化市中庄里12鄰彰南路一段台化一莊1號之3,205948.93,2664793.58,170727,彰化縣政府
TW,台灣省,彰化縣,彰化市,中庄里,12,彰南路一段,台化一莊,1號,,之4,彰化縣彰化市中庄里12鄰彰南路一段台化一莊1號之4,205943.59,2664795.36,170727,彰化縣政府
TW,台灣省,彰化縣,彰化市,中庄里,12,彰南路一段,台化一莊,1號,,之5,彰化縣彰化市中庄里12鄰彰南路一段台化一莊1號之5,205938.24,2664797.39,170727,彰化縣政府
TW,台灣省,彰化縣,彰化市,中庄里,12,彰南路一段,台化一莊,2號,,之1,彰化縣彰化市中庄里12鄰彰南路一段台化一莊2號之1,205926.54,2664799.43,170727,彰化縣政府
TW,台灣省,彰化縣,彰化市,中庄里,12,彰南路一段,台化一莊,2號,,之2,彰化縣彰化市中庄里12鄰彰南路一段台化一莊2號之2,205921.7,2664801.72,170727,彰化縣政府
TW,台灣省,彰化縣,彰化市,中庄里,12,彰南路一段,台化一莊,2號,,之3,彰化縣彰化市中庄里12鄰彰南路一段台化一莊2號之3,205917.12,2664804.01,170727,彰化縣政府
TW,台灣省,彰化縣,彰化市,中庄里,12,彰南路一段,台化一莊,2號,,之4,彰化縣彰化市中庄里12鄰彰南路一段台化一莊2號之4,205911.78,2664805.28,170727,彰化縣政府
TW,台灣省,彰化縣,彰化市,中庄里,12,彰南路一段,台化一莊,2號,,之5,彰化縣彰化市中庄里12鄰彰南路一段台化一莊2號之5,205905.92,2664807.06,170727,彰化縣政府
TW,台灣省,彰化縣,彰化市,中庄里,12,彰南路一段,台化一莊,3號,,之1,彰化縣彰化市中庄里12鄰彰南路一段台化一莊3號之1,205906.69,2664794.34,170727,彰化縣政府
TW,台灣省,彰化縣,彰化市,中庄里,12,彰南路一段,台化一莊,3號,,之2,彰化縣彰化市中庄里12鄰彰南路一段台化一莊3號之2,205904.14,2664788.23,170727,彰化縣政府
TW,台灣省,彰化縣,彰化市,中庄里,12,彰南路一段,台化一莊,3號,,之3,彰化縣彰化市中庄里12鄰彰南路一段台化一莊3號之3,205901.6,2664782.38,170727,彰化縣政府
TW,台灣省,彰化縣,彰化市,中庄里,12,彰南路一段,台化一莊,3號,,之4,彰化縣彰化市中庄里12鄰彰南路一段台化一莊3號之4,205899.56,2664776.02,170727,彰化縣政府
TW,台灣省,彰化縣,彰化市,中庄里,12,彰南路一段,台化一莊,3號,,之5,彰化縣彰化市中庄里12鄰彰南路一段台化一莊3號之5,205896.76,2664769.91,170727,彰化縣政府
TW,台灣省,彰化縣,彰化市,中庄里,12,彰南路一段,台化一莊,3號,,之6,彰化縣彰化市中庄里12鄰彰南路一段台化一莊3號之6,205893.96,2664764.06,170727,彰化縣政府
TW,台灣省,彰化縣,彰化市,中庄里,12,彰南路一段,台化一莊,3號,,之7,彰化縣彰化市中庄里12鄰彰南路一段台化一莊3號之7,205891.67,2664757.69,170727,彰化縣政府
TW,台灣省,彰化縣,彰化市,中庄里,12,彰南路一段,台化一莊,3號,,之8,彰化縣彰化市中庄里12鄰彰南路一段台化一莊3號之8,205889.64,2664751.84,170727,彰化縣政府
TW,台灣省,彰化縣,彰化市,中庄里,12,彰南路一段,台化一莊,3號,,之9,彰化縣彰化市中庄里12鄰彰南路一段台化一莊3號之9,205887.09,2664745.73,170727,彰化縣政府
TW,台灣省,彰化縣,彰化市,中庄里,12,彰南路一段,台化一莊,3號,,之10,彰化縣彰化市中庄里12鄰彰南路一段台化一莊3號之10,205885.56,2664739.63,170727,彰化縣政府
TW,台灣省,彰化縣,彰化市,中庄里,12,彰南路一段,台化一莊,3號,,之11,彰化縣彰化市中庄里12鄰彰南路一段台化一莊3號之11,205883.53,2664735.04,170727,彰化縣政府
TW,台灣省,彰化縣,彰化市,中庄里,13,彰南路一段,台化一莊,4之1號,,,彰化縣彰化市中庄里13鄰彰南路一段台化一莊4之1號,205919.5,2664789.03,170727,彰化縣政府
TW,台灣省,彰化縣,彰化市,中庄里,13,彰南路一段,台化一莊,4之2號,,,彰化縣彰化市中庄里13鄰彰南路一段台化一莊4之2號,205917.25,2664782.82,170727,彰化縣政府
TW,台灣省,彰化縣,彰化市,中庄里,13,彰南路一段,台化一莊,4之3號,,,彰化縣彰化市中庄里13鄰彰南路一段台化一莊4之3號,205915.32,2664776.74,170727,彰化縣政府
TW,台灣省,彰化縣,彰化市,中庄里,13,彰南路一段,台化一莊,4號,,之3,彰化縣彰化市中庄里13鄰彰南路一段台化一莊4號之3,205915.59,2664777.54,170727,彰化縣政府
TW,台灣省,彰化縣,彰化市,中庄里,13,彰南路一段,台化一莊,4號,,之4,彰化縣彰化市中庄里13鄰彰南路一段台化一莊4號之4,205912.54,2664771.69,170727,彰化縣政府
TW,台灣省,彰化縣,彰化市,中庄里,13,彰南路一段,台化一莊,4號,,之5,彰化縣彰化市中庄里13鄰彰南路一段台化一莊4號之5,205910,2664765.33,170727,彰化縣政府
TW,台灣省,彰化縣,彰化市,中庄里,13,彰南路一段,台化一莊,4號,,之6,彰化縣彰化市中庄里13鄰彰南路一段台化一莊4號之6,205907.45,2664758.97,170727,彰化縣政府
TW,台灣省,彰化縣,彰化市,中庄里,13,彰南路一段,台化一莊,4號,,之7,彰化縣彰化市中庄里13鄰彰南路一段台化一莊4號之7,205905.41,2664752.86,170727,彰化縣政府
TW,台灣省,彰化縣,彰化市,中庄里,13,彰南路一段,台化一莊,4號,,之8,彰化縣彰化市中庄里13鄰彰南路一段台化一莊4號之8,205902.87,2664747.01,170727,彰化縣政府
TW,台灣省,彰化縣,彰化市,中庄里,13,彰南路一段,台化一莊,4號,,之9,彰化縣彰化市中庄里13鄰彰南路一段台化一莊4號之9,205900.32,2664740.13,170727,彰化縣政府
TW,台灣省,彰化縣,彰化市,中庄里,13,彰南路一段,台化一莊,5號,,之1,彰化縣彰化市中庄里13鄰彰南路一段台化一莊5號之1,205934.17,2664784.67,170727,彰化縣政府
TW,台灣省,彰化縣,彰化市,中庄里,13,彰南路一段,台化一莊,5號,,之2,彰化縣彰化市中庄里13鄰彰南路一段台化一莊5號之2,205932.39,2664778.05,170727,彰化縣政府
TW,台灣省,彰化縣,彰化市,中庄里,13,彰南路一段,台化一莊,5號,,之3,彰化縣彰化市中庄里13鄰彰南路一段台化一莊5號之3,205930.1,2664771.69,170727,彰化縣政府
TW,台灣省,彰化縣,彰化市,中庄里,13,彰南路一段,台化一莊,5號,,之4,彰化縣彰化市中庄里13鄰彰南路一段台化一莊5號之4,205927.55,2664766.09,170727,彰化縣政府
TW,台灣省,彰化縣,彰化市,中庄里,13,彰南路一段,台化一莊,5號,,之5,彰化縣彰化市中庄里13鄰彰南路一段台化一莊5號之5,205925.26,2664759.22,170727,彰化縣政府
TW,台灣省,彰化縣,彰化市,中庄里,13,彰南路一段,台化一莊,5號,,之6,彰化縣彰化市中庄里13鄰彰南路一段台化一莊5號之6,205923.23,2664753.11,170727,彰化縣政府
TW,台灣省,彰化縣,彰化市,中庄里,13,彰南路一段,台化一莊,5號,,之7,彰化縣彰化市中庄里13鄰彰南路一段台化一莊5號之7,205918.65,2664744.97,170727,彰化縣政府
TW,台灣省,彰化縣,彰化市,中庄里,13,彰南路一段,台化一莊,6號,,之1,彰化縣彰化市中庄里13鄰彰南路一段台化一莊6號之1,205946.13,2664780.34,170727,彰化縣政府
TW,台灣省,彰化縣,彰化市,中庄里,13,彰南路一段,台化一莊,6號,,之2,彰化縣彰化市中庄里13鄰彰南路一段台化一莊6號之2,205942.82,2664773.98,170727,彰化縣政府
TW,台灣省,彰化縣,彰化市,中庄里,13,彰南路一段,台化一莊,6號,,之3,彰化縣彰化市中庄里13鄰彰南路一段台化一莊6號之3,205940.28,2664767.87,170727,彰化縣政府
TW,台灣省,彰化縣,彰化市,中庄里,13,彰南路一段,台化一莊,6號,,之4,彰化縣彰化市中庄里13鄰彰南路一段台化一莊6號之4,205937.73,2664761.77,170727,彰化縣政府
TW,台灣省,彰化縣,彰化市,中庄里,13,彰南路一段,台化一莊,6號,,之5,彰化縣彰化市中庄里13鄰彰南路一段台化一莊6號之5,205935.95,2664755.66,170727,彰化縣政府
TW,台灣省,彰化縣,彰化市,中庄里,13,彰南路一段,台化一莊,6號,,之6,彰化縣彰化市中庄里13鄰彰南路一段台化一莊6號之6,205933.41,2664749.55,170727,彰化縣政府
TW,台灣省,彰化縣,彰化市,中庄里,13,彰南路一段,台化一莊,7號,,之1,彰化縣彰化市中庄里13鄰彰南路一段台化一莊7號之1,205958.86,2664780.09,170727,彰化縣政府
TW,台灣省,彰化縣,彰化市,中庄里,13,彰南路一段,台化一莊,7號,,之2,彰化縣彰化市中庄里13鄰彰南路一段台化一莊7號之2,205955.8,2664771.18,170727,彰化縣政府
TW,台灣省,彰化縣,彰化市,中庄里,13,彰南路一段,台化一莊,7號,,之3,彰化縣彰化市中庄里13鄰彰南路一段台化一莊7號之3,205954.53,2664762.28,170727,彰化縣政府
TW,台灣省,彰化縣,彰化市,中庄里,13,彰南路一段,台化一莊,7號,,之4,彰化縣彰化市中庄里13鄰彰南路一段台化一莊7號之4,205951.73,2664756.17,170727,彰化縣政府
